#
# There is insufficient memory for the Java Runtime Environment to continue.
# Native memory allocation (malloc) failed to allocate 1168976 bytes. Error detail: Chunk::new
# Possible reasons:
#   The system is out of physical RAM or swap space
#   This process is running with CompressedOops enabled, and the Java Heap may be blocking the growth of the native heap
# Possible solutions:
#   Reduce memory load on the system
#   Increase physical memory or swap space
#   Check if swap backing store is full
#   Decrease Java heap size (-Xmx/-Xms)
#   Decrease number of Java threads
#   Decrease Java thread stack sizes (-Xss)
#   Set larger code cache with -XX:ReservedCodeCacheSize=
#   JVM is running with Zero Based Compressed Oops mode in which the Java heap is
#     placed in the first 32GB address space. The Java Heap base address is the
#     maximum limit for the native heap growth. Please use -XX:HeapBaseMinAddress
#     to set the Java Heap base and to place the Java Heap above 32GB virtual address.
# This output file may be truncated or incomplete.
#
#  Out of Memory Error (arena.cpp:168), pid=36972, tid=17440
#
# JRE version: OpenJDK Runtime Environment (21.0.10) (build 21.0.10+-14961533-b1163.108)
# Java VM: OpenJDK 64-Bit Server VM (21.0.10+-14961533-b1163.108, mixed mode, tiered, compressed oops, compressed class ptrs, g1 gc, windows-amd64)
# No core dump will be written. Minidumps are not enabled by default on client versions of Windows
#

---------------  S U M M A R Y ------------

Command Line: --add-opens=java.base/java.lang=ALL-UNNAMED --add-opens=java.base/java.lang.invoke=ALL-UNNAMED --add-opens=java.base/java.util=ALL-UNNAMED --add-opens=java.prefs/java.util.prefs=ALL-UNNAMED --add-exports=jdk.compiler/com.sun.tools.javac.api=ALL-UNNAMED --add-exports=jdk.compiler/com.sun.tools.javac.util=ALL-UNNAMED --add-opens=java.base/java.util=ALL-UNNAMED --add-opens=java.prefs/java.util.prefs=ALL-UNNAMED --add-opens=java.base/java.nio.charset=ALL-UNNAMED --add-opens=java.base/java.net=ALL-UNNAMED --add-opens=java.base/java.util.concurrent=ALL-UNNAMED --add-opens=java.base/java.util.concurrent.atomic=ALL-UNNAMED --add-opens=java.xml/javax.xml.namespace=ALL-UNNAMED --add-opens=java.base/java.time=ALL-UNNAMED -Xmx4g -Dfile.encoding=UTF-8 -Duser.country=BR -Duser.language=pt -Duser.variant -javaagent:C:\Users\kenne\.gradle\wrapper\dists\gradle-9.3.1-bin\23ovyewtku6u96viwx3xl3oks\gradle-9.3.1\lib\agents\gradle-instrumentation-agent-9.3.1.jar org.gradle.launcher.daemon.bootstrap.GradleDaemon 9.3.1

Host: 11th Gen Intel(R) Core(TM) i5-11320H @ 3.20GHz, 8 cores, 7G,  Windows 11 , 64 bit Build 26100 (10.0.26100.8246)
Time: Sat Jun 20 15:01:38 2026 Hora oficial do Brasil elapsed time: 325.710457 seconds (0d 0h 5m 25s)

---------------  T H R E A D  ---------------

Current thread (0x000002364d072c30):  JavaThread "C2 CompilerThread0" daemon [_thread_in_native, id=17440, stack(0x00000079b6000000,0x00000079b6100000) (1024K)]


Current CompileTask:
C2:325773 57826       4       org.jetbrains.kotlin.fir.deserialization.FirMemberDeserializer::loadFunction (1382 bytes)

Stack: [0x00000079b6000000,0x00000079b6100000]
Native frames: (J=compiled Java code, j=interpreted, Vv=VM code, C=native code)
V  [jvm.dll+0x6d78a9]
V  [jvm.dll+0x8665b3]
V  [jvm.dll+0x868bde]
V  [jvm.dll+0x8692c3]
V  [jvm.dll+0x280ee6]
V  [jvm.dll+0xc07cd]
V  [jvm.dll+0xc0d03]
V  [jvm.dll+0x3ba091]
V  [jvm.dll+0x1e0052]
V  [jvm.dll+0x249d24]
V  [jvm.dll+0x2491a1]
V  [jvm.dll+0x1c76e4]
V  [jvm.dll+0x25891e]
V  [jvm.dll+0x256e66]
V  [jvm.dll+0x3f513e]
V  [jvm.dll+0x80fd28]
V  [jvm.dll+0x6d60fd]
C  [ucrtbase.dll+0x37b0]
C  [KERNEL32.DLL+0x2e8d7]
C  [ntdll.dll+0x8c3fc]


---------------  P R O C E S S  ---------------

Threads class SMR info:
_java_thread_list=0x0000023663547290, length=101, elements={
0x000002362ef73af0, 0x000002364d03e5a0, 0x000002364d054820, 0x000002364d0490b0,
0x000002364d040010, 0x000002364d091d70, 0x000002364d0923e0, 0x000002364d092e40,
0x000002364d072c30, 0x000002364d0732e0, 0x000002364d3375c0, 0x000002364f258010,
0x000002364f2f4f20, 0x000002364e546d40, 0x000002364e2a2e80, 0x000002364d7ec430,
0x000002364ea6bc90, 0x000002364e99f0b0, 0x000002364e99f740, 0x000002364e9a0460,
0x000002364e9a0af0, 0x000002364e9a1180, 0x000002364e99fdd0, 0x000002364e99dd00,
0x000002364f186670, 0x000002364f184c30, 0x000002364f186d00, 0x000002364f187390,
0x000002364f189460, 0x000002364f185fe0, 0x000002364f18b530, 0x000002364f18a180,
0x00000236508b6380, 0x00000236508b7dc0, 0x00000236508b8ae0, 0x00000236508b4fd0,
0x00000236508ba520, 0x00000236508b9170, 0x00000236508b9800, 0x00000236508b9e90,
0x00000236508b70a0, 0x00000236508bb240, 0x000002364fe5eea0, 0x000002364fe5fbc0,
0x000002364fe5d460, 0x000002365ba7c620, 0x000002365cc2bba0, 0x0000023666cbb2f0,
0x0000023666cbcd30, 0x0000023666cbc010, 0x0000023666cba5d0, 0x0000023666cbac60,
0x000002366d3dce50, 0x00000236664b47c0, 0x00000236664b4e50, 0x00000236664b3410,
0x0000023666cbc6a0, 0x0000023666cb98b0, 0x000002366cdf8cb0, 0x000002366cdf7900,
0x000002366cdf6be0, 0x000002366cdf5ec0, 0x000002366cdf8620, 0x000002366cdf7270,
0x000002366cdf7f90, 0x00000236664b54e0, 0x000002366235b940, 0x000002366235a590,
0x0000023662358b50, 0x00000236623584c0, 0x000002366d3db410, 0x000002366d3dd4e0,
0x000002366d3dc7c0, 0x0000023662359870, 0x00000236623591e0, 0x000002366235b2b0,
0x00000236664b2060, 0x00000236664b2d80, 0x00000236664b3aa0, 0x000002365cbf4e50,
0x000002365cbf4130, 0x000002365cbf3410, 0x0000023666953080, 0x00000236669529f0,
0x000002365c41c3f0, 0x0000023651143730, 0x000002365c7b23b0, 0x000002365bff29e0,
0x0000023662359f00, 0x00000236665e42f0, 0x000002365bfef560, 0x000002365bff0fa0,
0x000002366cdf6550, 0x00000236665e5010, 0x000002366235ac20, 0x000002366707a960,
0x000002366ce36700, 0x000002366ce33910, 0x000002365cbf54e0, 0x000002365cbf2d80,
0x000002366707aff0
}

Java Threads: ( => current thread )
  0x000002362ef73af0 JavaThread "main"                              [_thread_blocked, id=38836, stack(0x00000079b5100000,0x00000079b5200000) (1024K)]
  0x000002364d03e5a0 JavaThread "Common-Cleaner"             daemon [_thread_blocked, id=31580, stack(0x00000079b5900000,0x00000079b5a00000) (1024K)]
  0x000002364d054820 JavaThread "Reference Handler"          daemon [_thread_blocked, id=23732, stack(0x00000079b5a00000,0x00000079b5b00000) (1024K)]
  0x000002364d0490b0 JavaThread "Finalizer"                  daemon [_thread_blocked, id=43544, stack(0x00000079b5b00000,0x00000079b5c00000) (1024K)]
  0x000002364d040010 JavaThread "Signal Dispatcher"          daemon [_thread_blocked, id=27092, stack(0x00000079b5c00000,0x00000079b5d00000) (1024K)]
  0x000002364d091d70 JavaThread "Attach Listener"            daemon [_thread_blocked, id=46696, stack(0x00000079b5d00000,0x00000079b5e00000) (1024K)]
  0x000002364d0923e0 JavaThread "Service Thread"             daemon [_thread_blocked, id=40032, stack(0x00000079b5e00000,0x00000079b5f00000) (1024K)]
  0x000002364d092e40 JavaThread "Monitor Deflation Thread"   daemon [_thread_blocked, id=3596, stack(0x00000079b5f00000,0x00000079b6000000) (1024K)]
=>0x000002364d072c30 JavaThread "C2 CompilerThread0"         daemon [_thread_in_native, id=17440, stack(0x00000079b6000000,0x00000079b6100000) (1024K)]
  0x000002364d0732e0 JavaThread "C1 CompilerThread0"         daemon [_thread_blocked, id=36760, stack(0x00000079b6100000,0x00000079b6200000) (1024K)]
  0x000002364d3375c0 JavaThread "Notification Thread"        daemon [_thread_blocked, id=13788, stack(0x00000079b6200000,0x00000079b6300000) (1024K)]
  0x000002364f258010 JavaThread "Daemon health stats"               [_thread_blocked, id=42492, stack(0x00000079b6500000,0x00000079b6600000) (1024K)]
  0x000002364f2f4f20 JavaThread "Incoming local TCP Connector on port 54715"        [_thread_in_native, id=4280, stack(0x00000079b6800000,0x00000079b6900000) (1024K)]
  0x000002364e546d40 JavaThread "Daemon periodic checks"            [_thread_blocked, id=27024, stack(0x00000079b6900000,0x00000079b6a00000) (1024K)]
  0x000002364e2a2e80 JavaThread "Daemon"                            [_thread_blocked, id=14436, stack(0x00000079b6a00000,0x00000079b6b00000) (1024K)]
  0x000002364d7ec430 JavaThread "Handler for socket connection from /127.0.0.1:54715 to /127.0.0.1:54716"        [_thread_in_native, id=48340, stack(0x00000079b6b00000,0x00000079b6c00000) (1024K)]
  0x000002364ea6bc90 JavaThread "Cancel handler"                    [_thread_blocked, id=44896, stack(0x00000079b6c00000,0x00000079b6d00000) (1024K)]
  0x000002364e99f0b0 JavaThread "Daemon worker"                     [_thread_blocked, id=39772, stack(0x00000079b7100000,0x00000079b7200000) (1024K)]
  0x000002364e99f740 JavaThread "Asynchronous log dispatcher for DefaultDaemonConnection: socket connection from /127.0.0.1:54715 to /127.0.0.1:54716"        [_thread_blocked, id=35880, stack(0x00000079b7200000,0x00000079b7300000) (1024K)]
  0x000002364e9a0460 JavaThread "Stdin handler"                     [_thread_blocked, id=24536, stack(0x00000079b7300000,0x00000079b7400000) (1024K)]
  0x000002364e9a0af0 JavaThread "Daemon client event forwarder"        [_thread_blocked, id=11964, stack(0x00000079b7400000,0x00000079b7500000) (1024K)]
  0x000002364e9a1180 JavaThread "Cache worker for journal cache (C:\Users\kenne\.gradle\caches\journal-1)"        [_thread_blocked, id=13868, stack(0x00000079b7500000,0x00000079b7600000) (1024K)]
  0x000002364e99fdd0 JavaThread "File lock request listener"        [_thread_in_native, id=39584, stack(0x00000079b7600000,0x00000079b7700000) (1024K)]
  0x000002364e99dd00 JavaThread "Cache worker for file hash cache (C:\Users\kenne\.gradle\caches\9.3.1\fileHashes)"        [_thread_blocked, id=38136, stack(0x00000079b7700000,0x00000079b7800000) (1024K)]
  0x000002364f186670 JavaThread "Cache worker for file hash cache (C:\Tessera\.gradle\9.3.1\fileHashes)"        [_thread_blocked, id=1608, stack(0x00000079b7800000,0x00000079b7900000) (1024K)]
  0x000002364f184c30 JavaThread "Cache worker for checksums cache (C:\Tessera\.gradle\9.3.1\checksums)"        [_thread_blocked, id=28184, stack(0x00000079b7900000,0x00000079b7a00000) (1024K)]
  0x000002364f186d00 JavaThread "Cache worker for Build Output Cleanup Cache (C:\Tessera\.gradle\buildOutputCleanup)"        [_thread_blocked, id=40040, stack(0x00000079b7a00000,0x00000079b7b00000) (1024K)]
  0x000002364f187390 JavaThread "Cache worker for file content cache (C:\Users\kenne\.gradle\caches\9.3.1\fileContent)"        [_thread_blocked, id=16264, stack(0x00000079b7b00000,0x00000079b7c00000) (1024K)]
  0x000002364f189460 JavaThread "File watcher server"        daemon [_thread_in_native, id=17424, stack(0x00000079b7e00000,0x00000079b7f00000) (1024K)]
  0x000002364f185fe0 JavaThread "File watcher consumer"      daemon [_thread_blocked, id=25768, stack(0x00000079b7f00000,0x00000079b8000000) (1024K)]
  0x000002364f18b530 JavaThread "Cache worker for cache directory md-supplier (C:\Users\kenne\.gradle\caches\9.3.1\md-supplier)"        [_thread_blocked, id=33300, stack(0x00000079b8000000,0x00000079b8100000) (1024K)]
  0x000002364f18a180 JavaThread "Cache worker for cache directory md-rule (C:\Users\kenne\.gradle\caches\9.3.1\md-rule)"        [_thread_blocked, id=41012, stack(0x00000079b8100000,0x00000079b8200000) (1024K)]
  0x00000236508b6380 JavaThread "Unconstrained build operations"        [_thread_blocked, id=7348, stack(0x00000079b7d00000,0x00000079b7e00000) (1024K)]
  0x00000236508b7dc0 JavaThread "Unconstrained build operations Thread 2"        [_thread_blocked, id=25244, stack(0x00000079b8200000,0x00000079b8300000) (1024K)]
  0x00000236508b8ae0 JavaThread "Unconstrained build operations Thread 3"        [_thread_blocked, id=38744, stack(0x00000079b8300000,0x00000079b8400000) (1024K)]
  0x00000236508b4fd0 JavaThread "Configuration cache report writer"        [_thread_blocked, id=39372, stack(0x00000079b8500000,0x00000079b8600000) (1024K)]
  0x00000236508ba520 JavaThread "Unconstrained build operations Thread 4"        [_thread_blocked, id=15580, stack(0x00000079b8400000,0x00000079b8500000) (1024K)]
  0x00000236508b9170 JavaThread "Unconstrained build operations Thread 5"        [_thread_blocked, id=27712, stack(0x00000079b8600000,0x00000079b8700000) (1024K)]
  0x00000236508b9800 JavaThread "Unconstrained build operations Thread 6"        [_thread_blocked, id=45752, stack(0x00000079b8700000,0x00000079b8800000) (1024K)]
  0x00000236508b9e90 JavaThread "Unconstrained build operations Thread 7"        [_thread_blocked, id=22612, stack(0x00000079b8800000,0x00000079b8900000) (1024K)]
  0x00000236508b70a0 JavaThread "Unconstrained build operations Thread 8"        [_thread_blocked, id=38552, stack(0x00000079b8900000,0x00000079b8a00000) (1024K)]
  0x00000236508bb240 JavaThread "Unconstrained build operations Thread 9"        [_thread_blocked, id=31176, stack(0x00000079b8a00000,0x00000079b8b00000) (1024K)]
  0x000002364fe5eea0 JavaThread "Unconstrained build operations Thread 10"        [_thread_blocked, id=15132, stack(0x00000079b8c00000,0x00000079b8d00000) (1024K)]
  0x000002364fe5fbc0 JavaThread "Unconstrained build operations Thread 11"        [_thread_blocked, id=11144, stack(0x00000079b8d00000,0x00000079b8e00000) (1024K)]
  0x000002364fe5d460 JavaThread "Unconstrained build operations Thread 12"        [_thread_blocked, id=36696, stack(0x00000079b8e00000,0x00000079b8f00000) (1024K)]
  0x000002365ba7c620 JavaThread "Memory manager"                    [_thread_blocked, id=28524, stack(0x00000079b8b00000,0x00000079b8c00000) (1024K)]
  0x000002365cc2bba0 JavaThread "build event listener"              [_thread_blocked, id=46500, stack(0x00000079b4e00000,0x00000079b4f00000) (1024K)]
  0x0000023666cbb2f0 JavaThread "pool-3-thread-1"                   [_thread_blocked, id=11016, stack(0x00000079b4f00000,0x00000079b5000000) (1024K)]
  0x0000023666cbcd30 JavaThread "build event listener"              [_thread_blocked, id=7340, stack(0x00000079b5000000,0x00000079b5100000) (1024K)]
  0x0000023666cbc010 JavaThread "Build operations"                  [_thread_blocked, id=12920, stack(0x00000079b7c00000,0x00000079b7d00000) (1024K)]
  0x0000023666cba5d0 JavaThread "Unconstrained build operations Thread 13"        [_thread_blocked, id=28504, stack(0x00000079b8f00000,0x00000079b9000000) (1024K)]
  0x0000023666cbac60 JavaThread "Unconstrained build operations Thread 14"        [_thread_blocked, id=45736, stack(0x00000079b9000000,0x00000079b9100000) (1024K)]
  0x000002366d3dce50 JavaThread "Unconstrained build operations Thread 15"        [_thread_blocked, id=47256, stack(0x00000079b9100000,0x00000079b9200000) (1024K)]
  0x00000236664b47c0 JavaThread "Unconstrained build operations Thread 16"        [_thread_blocked, id=21428, stack(0x00000079b9200000,0x00000079b9300000) (1024K)]
  0x00000236664b4e50 JavaThread "Unconstrained build operations Thread 17"        [_thread_blocked, id=33040, stack(0x00000079b9300000,0x00000079b9400000) (1024K)]
  0x00000236664b3410 JavaThread "Unconstrained build operations Thread 18"        [_thread_blocked, id=36008, stack(0x00000079b9400000,0x00000079b9500000) (1024K)]
  0x0000023666cbc6a0 JavaThread "Unconstrained build operations Thread 19"        [_thread_blocked, id=13600, stack(0x00000079b9500000,0x00000079b9600000) (1024K)]
  0x0000023666cb98b0 JavaThread "Unconstrained build operations Thread 20"        [_thread_blocked, id=39052, stack(0x00000079b9600000,0x00000079b9700000) (1024K)]
  0x000002366cdf8cb0 JavaThread "Unconstrained build operations Thread 21"        [_thread_blocked, id=29964, stack(0x00000079b9700000,0x00000079b9800000) (1024K)]
  0x000002366cdf7900 JavaThread "Unconstrained build operations Thread 22"        [_thread_blocked, id=8988, stack(0x00000079b9800000,0x00000079b9900000) (1024K)]
  0x000002366cdf6be0 JavaThread "Unconstrained build operations Thread 23"        [_thread_blocked, id=20192, stack(0x00000079b9a00000,0x00000079b9b00000) (1024K)]
  0x000002366cdf5ec0 JavaThread "Unconstrained build operations Thread 24"        [_thread_blocked, id=33872, stack(0x00000079b9b00000,0x00000079b9c00000) (1024K)]
  0x000002366cdf8620 JavaThread "Unconstrained build operations Thread 25"        [_thread_blocked, id=33648, stack(0x00000079b9c00000,0x00000079b9d00000) (1024K)]
  0x000002366cdf7270 JavaThread "Unconstrained build operations Thread 26"        [_thread_blocked, id=30504, stack(0x00000079b9d00000,0x00000079b9e00000) (1024K)]
  0x000002366cdf7f90 JavaThread "Build operations Thread 2"         [_thread_blocked, id=11384, stack(0x00000079b9e00000,0x00000079b9f00000) (1024K)]
  0x00000236664b54e0 JavaThread "included builds"                   [_thread_blocked, id=10412, stack(0x00000079b9900000,0x00000079b9a00000) (1024K)]
  0x000002366235b940 JavaThread "Execution worker"                  [_thread_blocked, id=11148, stack(0x00000079b9f00000,0x00000079ba000000) (1024K)]
  0x000002366235a590 JavaThread "Execution worker Thread 2"         [_thread_blocked, id=6960, stack(0x00000079ba000000,0x00000079ba100000) (1024K)]
  0x0000023662358b50 JavaThread "Execution worker Thread 3"         [_thread_blocked, id=46984, stack(0x00000079ba100000,0x00000079ba200000) (1024K)]
  0x00000236623584c0 JavaThread "Cache worker for execution history cache (C:\Tessera\.gradle\9.3.1\executionHistory)"        [_thread_blocked, id=39940, stack(0x00000079ba200000,0x00000079ba300000) (1024K)]
  0x000002366d3db410 JavaThread "Unconstrained build operations Thread 27"        [_thread_blocked, id=44492, stack(0x00000079ba300000,0x00000079ba400000) (1024K)]
  0x000002366d3dd4e0 JavaThread "Unconstrained build operations Thread 28"        [_thread_blocked, id=24468, stack(0x00000079ba400000,0x00000079ba500000) (1024K)]
  0x000002366d3dc7c0 JavaThread "Unconstrained build operations Thread 29"        [_thread_blocked, id=20300, stack(0x00000079ba500000,0x00000079ba600000) (1024K)]
  0x0000023662359870 JavaThread "Unconstrained build operations Thread 30"        [_thread_blocked, id=25240, stack(0x00000079ba700000,0x00000079ba800000) (1024K)]
  0x00000236623591e0 JavaThread "Unconstrained build operations Thread 31"        [_thread_blocked, id=46116, stack(0x00000079ba800000,0x00000079ba900000) (1024K)]
  0x000002366235b2b0 JavaThread "Unconstrained build operations Thread 32"        [_thread_blocked, id=31672, stack(0x00000079ba900000,0x00000079baa00000) (1024K)]
  0x00000236664b2060 JavaThread "Unconstrained build operations Thread 33"        [_thread_blocked, id=46472, stack(0x00000079bab00000,0x00000079bac00000) (1024K)]
  0x00000236664b2d80 JavaThread "Unconstrained build operations Thread 34"        [_thread_blocked, id=46584, stack(0x00000079bac00000,0x00000079bad00000) (1024K)]
  0x00000236664b3aa0 JavaThread "Unconstrained build operations Thread 35"        [_thread_blocked, id=7444, stack(0x00000079bad00000,0x00000079bae00000) (1024K)]
  0x000002365cbf4e50 JavaThread "Unconstrained build operations Thread 36"        [_thread_blocked, id=37316, stack(0x00000079bae00000,0x00000079baf00000) (1024K)]
  0x000002365cbf4130 JavaThread "Unconstrained build operations Thread 37"        [_thread_blocked, id=18772, stack(0x00000079baf00000,0x00000079bb000000) (1024K)]
  0x000002365cbf3410 JavaThread "Unconstrained build operations Thread 38"        [_thread_blocked, id=20056, stack(0x00000079bb000000,0x00000079bb100000) (1024K)]
  0x0000023666953080 JavaThread "Unconstrained build operations Thread 39"        [_thread_blocked, id=16156, stack(0x00000079bb100000,0x00000079bb200000) (1024K)]
  0x00000236669529f0 JavaThread "Unconstrained build operations Thread 40"        [_thread_blocked, id=48076, stack(0x00000079bb200000,0x00000079bb300000) (1024K)]
  0x000002365c41c3f0 JavaThread "WorkerExecutor Queue Thread 2"        [_thread_blocked, id=40344, stack(0x00000079bb300000,0x00000079bb400000) (1024K)]
  0x0000023651143730 JavaThread "WorkerExecutor Queue Thread 3"        [_thread_blocked, id=26168, stack(0x00000079bb400000,0x00000079bb500000) (1024K)]
  0x000002365c7b23b0 JavaThread "WorkerExecutor Queue Thread 4"        [_thread_blocked, id=12596, stack(0x00000079bb500000,0x00000079bb600000) (1024K)]
  0x000002365bff29e0 JavaThread "WorkerExecutor Queue Thread 6"        [_thread_blocked, id=22432, stack(0x00000079bb600000,0x00000079bb700000) (1024K)]
  0x0000023662359f00 JavaThread "Java2D Disposer"            daemon [_thread_blocked, id=24176, stack(0x00000079bb900000,0x00000079bba00000) (1024K)]
  0x00000236665e42f0 JavaThread "AWT-Windows"                daemon [_thread_in_native, id=44828, stack(0x00000079bbb00000,0x00000079bbc00000) (1024K)]
  0x000002365bfef560 JavaThread "DefaultDispatcher-worker-1" daemon [_thread_blocked, id=37668, stack(0x00000079bba00000,0x00000079bbb00000) (1024K)]
  0x000002365bff0fa0 JavaThread "DefaultDispatcher-worker-2" daemon [_thread_blocked, id=47920, stack(0x00000079bbc00000,0x00000079bbd00000) (1024K)]
  0x000002366cdf6550 JavaThread "DefaultDispatcher-worker-3" daemon [_thread_blocked, id=43420, stack(0x00000079bbd00000,0x00000079bbe00000) (1024K)]
  0x00000236665e5010 JavaThread "pool-4-thread-1"                   [_thread_blocked, id=9908, stack(0x00000079ba600000,0x00000079ba700000) (1024K)]
  0x000002366235ac20 JavaThread "stderr"                            [_thread_in_native, id=44696, stack(0x00000079bbe00000,0x00000079bbf00000) (1024K)]
  0x000002366707a960 JavaThread "stdout"                            [_thread_in_native, id=22932, stack(0x00000079bbf00000,0x00000079bc000000) (1024K)]
  0x000002366ce36700 JavaThread "stderr"                            [_thread_in_native, id=2296, stack(0x00000079bc000000,0x00000079bc100000) (1024K)]
  0x000002366ce33910 JavaThread "stdout"                            [_thread_in_native, id=21340, stack(0x00000079bc100000,0x00000079bc200000) (1024K)]
  0x000002365cbf54e0 JavaThread "Periodic tasks thread"      daemon [_thread_blocked, id=34616, stack(0x00000079bc200000,0x00000079bc300000) (1024K)]
  0x000002365cbf2d80 JavaThread "ApplicationImpl pooled thread 1"        [_thread_blocked, id=28296, stack(0x00000079bc300000,0x00000079bc400000) (1024K)]
  0x000002366707aff0 JavaThread "pool-6-thread-1"                   [_thread_in_vm, id=47900, stack(0x00000079bb700000,0x00000079bb800000) (1024K)]
Total: 101

Other Threads:
  0x0000023648e88f40 VMThread "VM Thread"                           [id=30804, stack(0x00000079b5800000,0x00000079b5900000) (1024K)]
  0x0000023648de7ea0 WatcherThread "VM Periodic Task Thread"        [id=9680, stack(0x00000079b5700000,0x00000079b5800000) (1024K)]
  0x000002362efdceb0 WorkerThread "GC Thread#0"                     [id=38544, stack(0x00000079b5200000,0x00000079b5300000) (1024K)]
  0x000002364d7557f0 WorkerThread "GC Thread#1"                     [id=14520, stack(0x00000079b6300000,0x00000079b6400000) (1024K)]
  0x000002364d5e7b90 WorkerThread "GC Thread#2"                     [id=24000, stack(0x00000079b6400000,0x00000079b6500000) (1024K)]
  0x000002364e0123c0 WorkerThread "GC Thread#3"                     [id=13632, stack(0x00000079b6600000,0x00000079b6700000) (1024K)]
  0x000002364e088910 WorkerThread "GC Thread#4"                     [id=36180, stack(0x00000079b6700000,0x00000079b6800000) (1024K)]
  0x000002364e6b33e0 WorkerThread "GC Thread#5"                     [id=29988, stack(0x00000079b6d00000,0x00000079b6e00000) (1024K)]
  0x000002364e6b3790 WorkerThread "GC Thread#6"                     [id=40408, stack(0x00000079b6e00000,0x00000079b6f00000) (1024K)]
  0x000002364e6aa0d0 WorkerThread "GC Thread#7"                     [id=32544, stack(0x00000079b6f00000,0x00000079b7000000) (1024K)]
  0x000002362ccddfa0 ConcurrentGCThread "G1 Main Marker"            [id=18116, stack(0x00000079b5300000,0x00000079b5400000) (1024K)]
  0x000002362ccde9c0 WorkerThread "G1 Conc#0"                       [id=1820, stack(0x00000079b5400000,0x00000079b5500000) (1024K)]
  0x000002364e6a9970 WorkerThread "G1 Conc#1"                       [id=12344, stack(0x00000079b7000000,0x00000079b7100000) (1024K)]
  0x000002362f02e430 ConcurrentGCThread "G1 Refine#0"               [id=41016, stack(0x00000079b5500000,0x00000079b5600000) (1024K)]
  0x0000023648cb7f30 ConcurrentGCThread "G1 Service"                [id=35232, stack(0x00000079b5600000,0x00000079b5700000) (1024K)]
Total: 15

Threads with active compile tasks:
C2 CompilerThread0  326480 57826       4       org.jetbrains.kotlin.fir.deserialization.FirMemberDeserializer::loadFunction (1382 bytes)
Total: 1

VM state: not at safepoint (normal execution)

VM Mutex/Monitor currently owned by a thread: None

Heap address: 0x0000000700000000, size: 4096 MB, Compressed Oops mode: Zero based, Oop shift amount: 3

CDS archive(s) not mapped
Compressed class space mapped at: 0x0000000800000000-0x0000000840000000, reserved size: 1073741824
Narrow klass base: 0x0000000800000000, Narrow klass shift: 0, Narrow klass range: 0x40000000

GC Precious Log:
 CardTable entry size: 512
 Card Set container configuration: InlinePtr #cards 4 size 8 Array Of Cards #cards 16 size 48 Howl #buckets 8 coarsen threshold 3686 Howl Bitmap #cards 512 size 80 coarsen threshold 460 Card regions per heap region 1 cards per card region 4096
 CPUs: 8 total, 8 available
 Memory: 7930M
 Large Page Support: Disabled
 NUMA Support: Disabled
 Compressed Oops: Enabled (Zero based)
 Heap Region Size: 2M
 Heap Min Capacity: 8M
 Heap Initial Capacity: 124M
 Heap Max Capacity: 4G
 Pre-touch: Disabled
 Parallel Workers: 8
 Concurrent Workers: 2
 Concurrent Refinement Workers: 8
 Periodic GC: Disabled

Heap:
 garbage-first heap   total 1468416K, used 553040K [0x0000000700000000, 0x0000000800000000)
  region size 2048K, 19 young (38912K), 3 survivors (6144K)
 Metaspace       used 351356K, committed 354432K, reserved 1376256K
  class space    used 42928K, committed 44480K, reserved 1048576K

Heap Regions: E=young(eden), S=young(survivor), O=old, HS=humongous(starts), HC=humongous(continues), CS=collection set, F=free, TAMS=top-at-mark-start, PB=parsable bottom
|   0|0x0000000700000000, 0x0000000700200000, 0x0000000700200000|100%|HS|  |TAMS 0x0000000700000000| PB 0x0000000700000000| Complete 
|   1|0x0000000700200000, 0x0000000700400000, 0x0000000700400000|100%|HC|  |TAMS 0x0000000700200000| PB 0x0000000700200000| Complete 
|   2|0x0000000700400000, 0x0000000700600000, 0x0000000700600000|100%| O|  |TAMS 0x0000000700400000| PB 0x0000000700400000| Untracked 
|   3|0x0000000700600000, 0x0000000700800000, 0x0000000700800000|100%| O|  |TAMS 0x0000000700600000| PB 0x0000000700600000| Untracked 
|   4|0x0000000700800000, 0x0000000700a00000, 0x0000000700a00000|100%| O|  |TAMS 0x0000000700800000| PB 0x0000000700800000| Untracked 
|   5|0x0000000700a00000, 0x0000000700c00000, 0x0000000700c00000|100%| O|  |TAMS 0x0000000700a00000| PB 0x0000000700a00000| Untracked 
|   6|0x0000000700c00000, 0x0000000700e00000, 0x0000000700e00000|100%| O|  |TAMS 0x0000000700c00000| PB 0x0000000700c00000| Untracked 
|   7|0x0000000700e00000, 0x0000000701000000, 0x0000000701000000|100%| O|  |TAMS 0x0000000700e00000| PB 0x0000000700e00000| Untracked 
|   8|0x0000000701000000, 0x0000000701200000, 0x0000000701200000|100%| O|  |TAMS 0x0000000701000000| PB 0x0000000701000000| Untracked 
|   9|0x0000000701200000, 0x0000000701400000, 0x0000000701400000|100%| O|  |TAMS 0x0000000701200000| PB 0x0000000701200000| Untracked 
|  10|0x0000000701400000, 0x0000000701600000, 0x0000000701600000|100%| O|  |TAMS 0x0000000701400000| PB 0x0000000701400000| Untracked 
|  11|0x0000000701600000, 0x0000000701800000, 0x0000000701800000|100%| O|  |TAMS 0x0000000701600000| PB 0x0000000701600000| Untracked 
|  12|0x0000000701800000, 0x0000000701a00000, 0x0000000701a00000|100%| O|  |TAMS 0x0000000701800000| PB 0x0000000701800000| Untracked 
|  13|0x0000000701a00000, 0x0000000701c00000, 0x0000000701c00000|100%| O|  |TAMS 0x0000000701a00000| PB 0x0000000701a00000| Untracked 
|  14|0x0000000701c00000, 0x0000000701e00000, 0x0000000701e00000|100%| O|  |TAMS 0x0000000701c00000| PB 0x0000000701c00000| Untracked 
|  15|0x0000000701e00000, 0x0000000702000000, 0x0000000702000000|100%| O|  |TAMS 0x0000000701e00000| PB 0x0000000701e00000| Untracked 
|  16|0x0000000702000000, 0x0000000702200000, 0x0000000702200000|100%| O|  |TAMS 0x0000000702000000| PB 0x0000000702000000| Untracked 
|  17|0x0000000702200000, 0x0000000702400000, 0x0000000702400000|100%| O|  |TAMS 0x0000000702200000| PB 0x0000000702200000| Untracked 
|  18|0x0000000702400000, 0x0000000702600000, 0x0000000702600000|100%| O|  |TAMS 0x0000000702400000| PB 0x0000000702400000| Untracked 
|  19|0x0000000702600000, 0x0000000702800000, 0x0000000702800000|100%| O|  |TAMS 0x0000000702600000| PB 0x0000000702600000| Untracked 
|  20|0x0000000702800000, 0x0000000702a00000, 0x0000000702a00000|100%| O|  |TAMS 0x0000000702800000| PB 0x0000000702800000| Untracked 
|  21|0x0000000702a00000, 0x0000000702c00000, 0x0000000702c00000|100%| O|  |TAMS 0x0000000702a00000| PB 0x0000000702a00000| Untracked 
|  22|0x0000000702c00000, 0x0000000702e00000, 0x0000000702e00000|100%| O|  |TAMS 0x0000000702c00000| PB 0x0000000702c00000| Untracked 
|  23|0x0000000702e00000, 0x0000000703000000, 0x0000000703000000|100%| O|  |TAMS 0x0000000702e00000| PB 0x0000000702e00000| Untracked 
|  24|0x0000000703000000, 0x0000000703200000, 0x0000000703200000|100%| O|  |TAMS 0x0000000703000000| PB 0x0000000703000000| Untracked 
|  25|0x0000000703200000, 0x0000000703400000, 0x0000000703400000|100%| O|  |TAMS 0x0000000703200000| PB 0x0000000703200000| Untracked 
|  26|0x0000000703400000, 0x0000000703600000, 0x0000000703600000|100%| O|  |TAMS 0x0000000703400000| PB 0x0000000703400000| Untracked 
|  27|0x0000000703600000, 0x0000000703800000, 0x0000000703800000|100%| O|  |TAMS 0x0000000703600000| PB 0x0000000703600000| Untracked 
|  28|0x0000000703800000, 0x0000000703a00000, 0x0000000703a00000|100%| O|  |TAMS 0x0000000703800000| PB 0x0000000703800000| Untracked 
|  29|0x0000000703a00000, 0x0000000703c00000, 0x0000000703c00000|100%| O|  |TAMS 0x0000000703a00000| PB 0x0000000703a00000| Untracked 
|  30|0x0000000703c00000, 0x0000000703e00000, 0x0000000703e00000|100%| O|  |TAMS 0x0000000703c00000| PB 0x0000000703c00000| Untracked 
|  31|0x0000000703e00000, 0x0000000704000000, 0x0000000704000000|100%| O|  |TAMS 0x0000000703e00000| PB 0x0000000703e00000| Untracked 
|  32|0x0000000704000000, 0x0000000704200000, 0x0000000704200000|100%| O|  |TAMS 0x0000000704000000| PB 0x0000000704000000| Untracked 
|  33|0x0000000704200000, 0x0000000704400000, 0x0000000704400000|100%| O|  |TAMS 0x0000000704200000| PB 0x0000000704200000| Untracked 
|  34|0x0000000704400000, 0x0000000704600000, 0x0000000704600000|100%| O|  |TAMS 0x0000000704400000| PB 0x0000000704400000| Untracked 
|  35|0x0000000704600000, 0x0000000704800000, 0x0000000704800000|100%| O|  |TAMS 0x0000000704600000| PB 0x0000000704600000| Untracked 
|  36|0x0000000704800000, 0x0000000704a00000, 0x0000000704a00000|100%| O|  |TAMS 0x0000000704800000| PB 0x0000000704800000| Untracked 
|  37|0x0000000704a00000, 0x0000000704c00000, 0x0000000704c00000|100%| O|  |TAMS 0x0000000704a00000| PB 0x0000000704a00000| Untracked 
|  38|0x0000000704c00000, 0x0000000704e00000, 0x0000000704e00000|100%| O|  |TAMS 0x0000000704c00000| PB 0x0000000704c00000| Untracked 
|  39|0x0000000704e00000, 0x0000000705000000, 0x0000000705000000|100%| O|  |TAMS 0x0000000704e00000| PB 0x0000000704e00000| Untracked 
|  40|0x0000000705000000, 0x0000000705200000, 0x0000000705200000|100%| O|  |TAMS 0x0000000705000000| PB 0x0000000705000000| Untracked 
|  41|0x0000000705200000, 0x0000000705400000, 0x0000000705400000|100%| O|  |TAMS 0x0000000705200000| PB 0x0000000705200000| Untracked 
|  42|0x0000000705400000, 0x0000000705600000, 0x0000000705600000|100%| O|  |TAMS 0x0000000705400000| PB 0x0000000705400000| Untracked 
|  43|0x0000000705600000, 0x0000000705800000, 0x0000000705800000|100%| O|  |TAMS 0x0000000705600000| PB 0x0000000705600000| Untracked 
|  44|0x0000000705800000, 0x0000000705a00000, 0x0000000705a00000|100%| O|  |TAMS 0x0000000705800000| PB 0x0000000705800000| Untracked 
|  45|0x0000000705a00000, 0x0000000705c00000, 0x0000000705c00000|100%| O|  |TAMS 0x0000000705a00000| PB 0x0000000705a00000| Untracked 
|  46|0x0000000705c00000, 0x0000000705e00000, 0x0000000705e00000|100%|HS|  |TAMS 0x0000000705c00000| PB 0x0000000705c00000| Complete 
|  47|0x0000000705e00000, 0x0000000706000000, 0x0000000706000000|100%| O|  |TAMS 0x0000000705e00000| PB 0x0000000705e00000| Untracked 
|  48|0x0000000706000000, 0x0000000706200000, 0x0000000706200000|100%| O|  |TAMS 0x0000000706000000| PB 0x0000000706000000| Untracked 
|  49|0x0000000706200000, 0x0000000706400000, 0x0000000706400000|100%| O|  |TAMS 0x0000000706200000| PB 0x0000000706200000| Untracked 
|  50|0x0000000706400000, 0x0000000706600000, 0x0000000706600000|100%| O|  |TAMS 0x0000000706400000| PB 0x0000000706400000| Untracked 
|  51|0x0000000706600000, 0x0000000706800000, 0x0000000706800000|100%| O|  |TAMS 0x0000000706600000| PB 0x0000000706600000| Untracked 
|  52|0x0000000706800000, 0x0000000706a00000, 0x0000000706a00000|100%| O|  |TAMS 0x0000000706800000| PB 0x0000000706800000| Untracked 
|  53|0x0000000706a00000, 0x0000000706c00000, 0x0000000706c00000|100%| O|  |TAMS 0x0000000706a00000| PB 0x0000000706a00000| Untracked 
|  54|0x0000000706c00000, 0x0000000706e00000, 0x0000000706e00000|100%| O|  |TAMS 0x0000000706c00000| PB 0x0000000706c00000| Untracked 
|  55|0x0000000706e00000, 0x0000000707000000, 0x0000000707000000|100%| O|  |TAMS 0x0000000706e00000| PB 0x0000000706e00000| Untracked 
|  56|0x0000000707000000, 0x0000000707200000, 0x0000000707200000|100%| O|  |TAMS 0x0000000707000000| PB 0x0000000707000000| Untracked 
|  57|0x0000000707200000, 0x0000000707400000, 0x0000000707400000|100%| O|  |TAMS 0x0000000707200000| PB 0x0000000707200000| Untracked 
|  58|0x0000000707400000, 0x0000000707600000, 0x0000000707600000|100%|HS|  |TAMS 0x0000000707400000| PB 0x0000000707400000| Complete 
|  59|0x0000000707600000, 0x0000000707800000, 0x0000000707800000|100%| O|  |TAMS 0x0000000707600000| PB 0x0000000707600000| Untracked 
|  60|0x0000000707800000, 0x0000000707a00000, 0x0000000707a00000|100%| O|Cm|TAMS 0x0000000707800000| PB 0x0000000707800000| Complete 
|  61|0x0000000707a00000, 0x0000000707c00000, 0x0000000707c00000|100%| O|  |TAMS 0x0000000707a00000| PB 0x0000000707a00000| Untracked 
|  62|0x0000000707c00000, 0x0000000707e00000, 0x0000000707e00000|100%| O|  |TAMS 0x0000000707c00000| PB 0x0000000707c00000| Untracked 
|  63|0x0000000707e00000, 0x0000000708000000, 0x0000000708000000|100%| O|  |TAMS 0x0000000707e00000| PB 0x0000000707e00000| Untracked 
|  64|0x0000000708000000, 0x0000000708200000, 0x0000000708200000|100%| O|  |TAMS 0x0000000708000000| PB 0x0000000708000000| Untracked 
|  65|0x0000000708200000, 0x0000000708400000, 0x0000000708400000|100%| O|  |TAMS 0x0000000708200000| PB 0x0000000708200000| Untracked 
|  66|0x0000000708400000, 0x0000000708600000, 0x0000000708600000|100%| O|  |TAMS 0x0000000708400000| PB 0x0000000708400000| Untracked 
|  67|0x0000000708600000, 0x0000000708800000, 0x0000000708800000|100%| O|  |TAMS 0x0000000708600000| PB 0x0000000708600000| Untracked 
|  68|0x0000000708800000, 0x0000000708a00000, 0x0000000708a00000|100%| O|  |TAMS 0x0000000708800000| PB 0x0000000708800000| Untracked 
|  69|0x0000000708a00000, 0x0000000708c00000, 0x0000000708c00000|100%| O|  |TAMS 0x0000000708a00000| PB 0x0000000708a00000| Untracked 
|  70|0x0000000708c00000, 0x0000000708e00000, 0x0000000708e00000|100%|HS|  |TAMS 0x0000000708c00000| PB 0x0000000708c00000| Complete 
|  71|0x0000000708e00000, 0x0000000709000000, 0x0000000709000000|100%|HC|  |TAMS 0x0000000708e00000| PB 0x0000000708e00000| Complete 
|  72|0x0000000709000000, 0x0000000709200000, 0x0000000709200000|100%| O|  |TAMS 0x0000000709000000| PB 0x0000000709000000| Untracked 
|  73|0x0000000709200000, 0x0000000709400000, 0x0000000709400000|100%|HS|  |TAMS 0x0000000709200000| PB 0x0000000709200000| Complete 
|  74|0x0000000709400000, 0x0000000709600000, 0x0000000709600000|100%|HC|  |TAMS 0x0000000709400000| PB 0x0000000709400000| Complete 
|  75|0x0000000709600000, 0x0000000709800000, 0x0000000709800000|100%|HC|  |TAMS 0x0000000709600000| PB 0x0000000709600000| Complete 
|  76|0x0000000709800000, 0x0000000709a00000, 0x0000000709a00000|100%| O|  |TAMS 0x0000000709800000| PB 0x0000000709800000| Untracked 
|  77|0x0000000709a00000, 0x0000000709c00000, 0x0000000709c00000|100%| O|Cm|TAMS 0x0000000709a00000| PB 0x0000000709a00000| Complete 
|  78|0x0000000709c00000, 0x0000000709c67ec0, 0x0000000709e00000| 20%| O|  |TAMS 0x0000000709c00000| PB 0x0000000709c00000| Untracked 
|  79|0x0000000709e00000, 0x000000070a000000, 0x000000070a000000|100%| O|  |TAMS 0x0000000709e00000| PB 0x0000000709e00000| Untracked 
|  80|0x000000070a000000, 0x000000070a200000, 0x000000070a200000|100%| O|  |TAMS 0x000000070a000000| PB 0x000000070a000000| Untracked 
|  81|0x000000070a200000, 0x000000070a400000, 0x000000070a400000|100%| O|  |TAMS 0x000000070a200000| PB 0x000000070a200000| Untracked 
|  82|0x000000070a400000, 0x000000070a600000, 0x000000070a600000|100%| O|  |TAMS 0x000000070a400000| PB 0x000000070a400000| Untracked 
|  83|0x000000070a600000, 0x000000070a800000, 0x000000070a800000|100%| O|  |TAMS 0x000000070a600000| PB 0x000000070a600000| Untracked 
|  84|0x000000070a800000, 0x000000070aa00000, 0x000000070aa00000|100%| O|  |TAMS 0x000000070a800000| PB 0x000000070a800000| Untracked 
|  85|0x000000070aa00000, 0x000000070ac00000, 0x000000070ac00000|100%| O|  |TAMS 0x000000070aa00000| PB 0x000000070aa00000| Untracked 
|  86|0x000000070ac00000, 0x000000070ae00000, 0x000000070ae00000|100%| O|  |TAMS 0x000000070ac00000| PB 0x000000070ac00000| Untracked 
|  87|0x000000070ae00000, 0x000000070b000000, 0x000000070b000000|100%| O|  |TAMS 0x000000070ae00000| PB 0x000000070ae00000| Untracked 
|  88|0x000000070b000000, 0x000000070b200000, 0x000000070b200000|100%| O|  |TAMS 0x000000070b000000| PB 0x000000070b000000| Untracked 
|  89|0x000000070b200000, 0x000000070b400000, 0x000000070b400000|100%| O|  |TAMS 0x000000070b200000| PB 0x000000070b200000| Untracked 
|  90|0x000000070b400000, 0x000000070b600000, 0x000000070b600000|100%| O|  |TAMS 0x000000070b400000| PB 0x000000070b400000| Untracked 
|  91|0x000000070b600000, 0x000000070b800000, 0x000000070b800000|100%| O|  |TAMS 0x000000070b600000| PB 0x000000070b600000| Untracked 
|  92|0x000000070b800000, 0x000000070ba00000, 0x000000070ba00000|100%| O|  |TAMS 0x000000070b800000| PB 0x000000070b800000| Untracked 
|  93|0x000000070ba00000, 0x000000070bc00000, 0x000000070bc00000|100%| O|  |TAMS 0x000000070ba00000| PB 0x000000070ba00000| Untracked 
|  94|0x000000070bc00000, 0x000000070be00000, 0x000000070be00000|100%| O|  |TAMS 0x000000070bc00000| PB 0x000000070bc00000| Untracked 
|  95|0x000000070be00000, 0x000000070c000000, 0x000000070c000000|100%| O|  |TAMS 0x000000070be00000| PB 0x000000070be00000| Untracked 
|  96|0x000000070c000000, 0x000000070c200000, 0x000000070c200000|100%| O|  |TAMS 0x000000070c000000| PB 0x000000070c000000| Untracked 
|  97|0x000000070c200000, 0x000000070c400000, 0x000000070c400000|100%| O|  |TAMS 0x000000070c200000| PB 0x000000070c200000| Untracked 
|  98|0x000000070c400000, 0x000000070c600000, 0x000000070c600000|100%| O|  |TAMS 0x000000070c400000| PB 0x000000070c400000| Untracked 
|  99|0x000000070c600000, 0x000000070c800000, 0x000000070c800000|100%| O|  |TAMS 0x000000070c600000| PB 0x000000070c600000| Untracked 
| 100|0x000000070c800000, 0x000000070ca00000, 0x000000070ca00000|100%| O|  |TAMS 0x000000070c800000| PB 0x000000070c800000| Untracked 
| 101|0x000000070ca00000, 0x000000070cc00000, 0x000000070cc00000|100%| O|  |TAMS 0x000000070ca00000| PB 0x000000070ca00000| Untracked 
| 102|0x000000070cc00000, 0x000000070ce00000, 0x000000070ce00000|100%| O|  |TAMS 0x000000070cc00000| PB 0x000000070cc00000| Untracked 
| 103|0x000000070ce00000, 0x000000070ce00000, 0x000000070d000000|  0%| F|  |TAMS 0x000000070ce00000| PB 0x000000070ce00000| Untracked 
| 104|0x000000070d000000, 0x000000070d200000, 0x000000070d200000|100%| O|  |TAMS 0x000000070d000000| PB 0x000000070d000000| Untracked 
| 105|0x000000070d200000, 0x000000070d400000, 0x000000070d400000|100%| O|  |TAMS 0x000000070d200000| PB 0x000000070d200000| Untracked 
| 106|0x000000070d400000, 0x000000070d600000, 0x000000070d600000|100%| O|  |TAMS 0x000000070d400000| PB 0x000000070d400000| Untracked 
| 107|0x000000070d600000, 0x000000070d800000, 0x000000070d800000|100%| O|  |TAMS 0x000000070d600000| PB 0x000000070d600000| Untracked 
| 108|0x000000070d800000, 0x000000070da00000, 0x000000070da00000|100%| O|  |TAMS 0x000000070d800000| PB 0x000000070d800000| Untracked 
| 109|0x000000070da00000, 0x000000070dc00000, 0x000000070dc00000|100%| O|  |TAMS 0x000000070da00000| PB 0x000000070da00000| Untracked 
| 110|0x000000070dc00000, 0x000000070de00000, 0x000000070de00000|100%| O|  |TAMS 0x000000070dc00000| PB 0x000000070dc00000| Untracked 
| 111|0x000000070de00000, 0x000000070e000000, 0x000000070e000000|100%| O|  |TAMS 0x000000070de00000| PB 0x000000070de00000| Untracked 
| 112|0x000000070e000000, 0x000000070e200000, 0x000000070e200000|100%| O|  |TAMS 0x000000070e000000| PB 0x000000070e000000| Untracked 
| 113|0x000000070e200000, 0x000000070e400000, 0x000000070e400000|100%| O|  |TAMS 0x000000070e200000| PB 0x000000070e200000| Untracked 
| 114|0x000000070e400000, 0x000000070e600000, 0x000000070e600000|100%| O|  |TAMS 0x000000070e400000| PB 0x000000070e400000| Untracked 
| 115|0x000000070e600000, 0x000000070e800000, 0x000000070e800000|100%| O|  |TAMS 0x000000070e600000| PB 0x000000070e600000| Untracked 
| 116|0x000000070e800000, 0x000000070ea00000, 0x000000070ea00000|100%| O|  |TAMS 0x000000070e800000| PB 0x000000070e800000| Untracked 
| 117|0x000000070ea00000, 0x000000070ec00000, 0x000000070ec00000|100%| O|  |TAMS 0x000000070ea00000| PB 0x000000070ea00000| Untracked 
| 118|0x000000070ec00000, 0x000000070ee00000, 0x000000070ee00000|100%| O|  |TAMS 0x000000070ec00000| PB 0x000000070ec00000| Untracked 
| 119|0x000000070ee00000, 0x000000070f000000, 0x000000070f000000|100%| O|  |TAMS 0x000000070ee00000| PB 0x000000070ee00000| Untracked 
| 120|0x000000070f000000, 0x000000070f200000, 0x000000070f200000|100%| O|  |TAMS 0x000000070f000000| PB 0x000000070f000000| Untracked 
| 121|0x000000070f200000, 0x000000070f400000, 0x000000070f400000|100%| O|  |TAMS 0x000000070f200000| PB 0x000000070f200000| Untracked 
| 122|0x000000070f400000, 0x000000070f600000, 0x000000070f600000|100%| O|  |TAMS 0x000000070f400000| PB 0x000000070f400000| Untracked 
| 123|0x000000070f600000, 0x000000070f800000, 0x000000070f800000|100%| O|  |TAMS 0x000000070f600000| PB 0x000000070f600000| Untracked 
| 124|0x000000070f800000, 0x000000070fa00000, 0x000000070fa00000|100%| O|  |TAMS 0x000000070f800000| PB 0x000000070f800000| Untracked 
| 125|0x000000070fa00000, 0x000000070fc00000, 0x000000070fc00000|100%| O|  |TAMS 0x000000070fa00000| PB 0x000000070fa00000| Untracked 
| 126|0x000000070fc00000, 0x000000070fe00000, 0x000000070fe00000|100%| O|  |TAMS 0x000000070fc00000| PB 0x000000070fc00000| Untracked 
| 127|0x000000070fe00000, 0x0000000710000000, 0x0000000710000000|100%| O|  |TAMS 0x000000070fe00000| PB 0x000000070fe00000| Untracked 
| 128|0x0000000710000000, 0x0000000710200000, 0x0000000710200000|100%| O|  |TAMS 0x0000000710000000| PB 0x0000000710000000| Untracked 
| 129|0x0000000710200000, 0x0000000710400000, 0x0000000710400000|100%| O|Cm|TAMS 0x0000000710200000| PB 0x0000000710200000| Complete 
| 130|0x0000000710400000, 0x0000000710600000, 0x0000000710600000|100%| O|  |TAMS 0x0000000710400000| PB 0x0000000710400000| Untracked 
| 131|0x0000000710600000, 0x0000000710800000, 0x0000000710800000|100%| O|  |TAMS 0x0000000710600000| PB 0x0000000710600000| Untracked 
| 132|0x0000000710800000, 0x0000000710a00000, 0x0000000710a00000|100%| O|  |TAMS 0x0000000710800000| PB 0x0000000710800000| Untracked 
| 133|0x0000000710a00000, 0x0000000710c00000, 0x0000000710c00000|100%| O|  |TAMS 0x0000000710a00000| PB 0x0000000710a00000| Untracked 
| 134|0x0000000710c00000, 0x0000000710e00000, 0x0000000710e00000|100%| O|  |TAMS 0x0000000710c00000| PB 0x0000000710c00000| Untracked 
| 135|0x0000000710e00000, 0x0000000711000000, 0x0000000711000000|100%| O|  |TAMS 0x0000000710e00000| PB 0x0000000710e00000| Untracked 
| 136|0x0000000711000000, 0x0000000711200000, 0x0000000711200000|100%| O|  |TAMS 0x0000000711000000| PB 0x0000000711000000| Untracked 
| 137|0x0000000711200000, 0x0000000711400000, 0x0000000711400000|100%| O|  |TAMS 0x0000000711200000| PB 0x0000000711200000| Untracked 
| 138|0x0000000711400000, 0x0000000711600000, 0x0000000711600000|100%| O|  |TAMS 0x0000000711400000| PB 0x0000000711400000| Untracked 
| 139|0x0000000711600000, 0x0000000711800000, 0x0000000711800000|100%| O|  |TAMS 0x0000000711600000| PB 0x0000000711600000| Untracked 
| 140|0x0000000711800000, 0x0000000711a00000, 0x0000000711a00000|100%| O|  |TAMS 0x0000000711800000| PB 0x0000000711800000| Untracked 
| 141|0x0000000711a00000, 0x0000000711c00000, 0x0000000711c00000|100%| O|  |TAMS 0x0000000711a00000| PB 0x0000000711a00000| Untracked 
| 142|0x0000000711c00000, 0x0000000711e00000, 0x0000000711e00000|100%| O|  |TAMS 0x0000000711c00000| PB 0x0000000711c00000| Untracked 
| 143|0x0000000711e00000, 0x0000000712000000, 0x0000000712000000|100%| O|  |TAMS 0x0000000711e00000| PB 0x0000000711e00000| Untracked 
| 144|0x0000000712000000, 0x0000000712200000, 0x0000000712200000|100%| O|  |TAMS 0x0000000712000000| PB 0x0000000712000000| Untracked 
| 145|0x0000000712200000, 0x0000000712400000, 0x0000000712400000|100%| O|Cm|TAMS 0x0000000712200000| PB 0x0000000712200000| Complete 
| 146|0x0000000712400000, 0x0000000712600000, 0x0000000712600000|100%| O|  |TAMS 0x0000000712400000| PB 0x0000000712400000| Untracked 
| 147|0x0000000712600000, 0x0000000712800000, 0x0000000712800000|100%| O|  |TAMS 0x0000000712600000| PB 0x0000000712600000| Untracked 
| 148|0x0000000712800000, 0x0000000712a00000, 0x0000000712a00000|100%| O|  |TAMS 0x0000000712800000| PB 0x0000000712800000| Untracked 
| 149|0x0000000712a00000, 0x0000000712c00000, 0x0000000712c00000|100%| O|  |TAMS 0x0000000712a00000| PB 0x0000000712a00000| Untracked 
| 150|0x0000000712c00000, 0x0000000712e00000, 0x0000000712e00000|100%| O|  |TAMS 0x0000000712c00000| PB 0x0000000712c00000| Untracked 
| 151|0x0000000712e00000, 0x0000000713000000, 0x0000000713000000|100%| O|  |TAMS 0x0000000712e00000| PB 0x0000000712e00000| Untracked 
| 152|0x0000000713000000, 0x0000000713200000, 0x0000000713200000|100%| O|  |TAMS 0x0000000713000000| PB 0x0000000713000000| Untracked 
| 153|0x0000000713200000, 0x0000000713400000, 0x0000000713400000|100%| O|  |TAMS 0x0000000713200000| PB 0x0000000713200000| Untracked 
| 154|0x0000000713400000, 0x0000000713600000, 0x0000000713600000|100%| O|  |TAMS 0x0000000713400000| PB 0x0000000713400000| Untracked 
| 155|0x0000000713600000, 0x0000000713800000, 0x0000000713800000|100%| O|  |TAMS 0x0000000713600000| PB 0x0000000713600000| Untracked 
| 156|0x0000000713800000, 0x0000000713a00000, 0x0000000713a00000|100%| O|  |TAMS 0x0000000713800000| PB 0x0000000713800000| Untracked 
| 157|0x0000000713a00000, 0x0000000713c00000, 0x0000000713c00000|100%| O|  |TAMS 0x0000000713a00000| PB 0x0000000713a00000| Untracked 
| 158|0x0000000713c00000, 0x0000000713e00000, 0x0000000713e00000|100%| O|  |TAMS 0x0000000713c00000| PB 0x0000000713c00000| Untracked 
| 159|0x0000000713e00000, 0x0000000714000000, 0x0000000714000000|100%| O|  |TAMS 0x0000000713e00000| PB 0x0000000713e00000| Untracked 
| 160|0x0000000714000000, 0x0000000714200000, 0x0000000714200000|100%| O|  |TAMS 0x0000000714000000| PB 0x0000000714000000| Untracked 
| 161|0x0000000714200000, 0x0000000714400000, 0x0000000714400000|100%| O|  |TAMS 0x0000000714200000| PB 0x0000000714200000| Untracked 
| 162|0x0000000714400000, 0x0000000714600000, 0x0000000714600000|100%| O|  |TAMS 0x0000000714400000| PB 0x0000000714400000| Untracked 
| 163|0x0000000714600000, 0x0000000714800000, 0x0000000714800000|100%| O|  |TAMS 0x0000000714600000| PB 0x0000000714600000| Untracked 
| 164|0x0000000714800000, 0x0000000714a00000, 0x0000000714a00000|100%| O|  |TAMS 0x0000000714800000| PB 0x0000000714800000| Untracked 
| 165|0x0000000714a00000, 0x0000000714c00000, 0x0000000714c00000|100%| O|  |TAMS 0x0000000714a00000| PB 0x0000000714a00000| Untracked 
| 166|0x0000000714c00000, 0x0000000714e00000, 0x0000000714e00000|100%| O|  |TAMS 0x0000000714c00000| PB 0x0000000714c00000| Untracked 
| 167|0x0000000714e00000, 0x0000000715000000, 0x0000000715000000|100%| O|  |TAMS 0x0000000714e00000| PB 0x0000000714e00000| Untracked 
| 168|0x0000000715000000, 0x0000000715200000, 0x0000000715200000|100%| O|  |TAMS 0x0000000715000000| PB 0x0000000715000000| Untracked 
| 169|0x0000000715200000, 0x0000000715400000, 0x0000000715400000|100%| O|  |TAMS 0x0000000715200000| PB 0x0000000715200000| Untracked 
| 170|0x0000000715400000, 0x0000000715600000, 0x0000000715600000|100%| O|  |TAMS 0x0000000715400000| PB 0x0000000715400000| Untracked 
| 171|0x0000000715600000, 0x0000000715800000, 0x0000000715800000|100%| O|  |TAMS 0x0000000715600000| PB 0x0000000715600000| Untracked 
| 172|0x0000000715800000, 0x0000000715a00000, 0x0000000715a00000|100%| O|  |TAMS 0x0000000715800000| PB 0x0000000715800000| Untracked 
| 173|0x0000000715a00000, 0x0000000715c00000, 0x0000000715c00000|100%| O|  |TAMS 0x0000000715a00000| PB 0x0000000715a00000| Untracked 
| 174|0x0000000715c00000, 0x0000000715e00000, 0x0000000715e00000|100%| O|  |TAMS 0x0000000715c00000| PB 0x0000000715c00000| Untracked 
| 175|0x0000000715e00000, 0x0000000716000000, 0x0000000716000000|100%| O|  |TAMS 0x0000000715e00000| PB 0x0000000715e00000| Untracked 
| 176|0x0000000716000000, 0x0000000716200000, 0x0000000716200000|100%| O|  |TAMS 0x0000000716000000| PB 0x0000000716000000| Untracked 
| 177|0x0000000716200000, 0x0000000716400000, 0x0000000716400000|100%| O|  |TAMS 0x0000000716200000| PB 0x0000000716200000| Untracked 
| 178|0x0000000716400000, 0x0000000716600000, 0x0000000716600000|100%| O|  |TAMS 0x0000000716400000| PB 0x0000000716400000| Untracked 
| 179|0x0000000716600000, 0x0000000716800000, 0x0000000716800000|100%| O|  |TAMS 0x0000000716600000| PB 0x0000000716600000| Untracked 
| 180|0x0000000716800000, 0x0000000716a00000, 0x0000000716a00000|100%| O|  |TAMS 0x0000000716800000| PB 0x0000000716800000| Untracked 
| 181|0x0000000716a00000, 0x0000000716c00000, 0x0000000716c00000|100%| O|  |TAMS 0x0000000716a00000| PB 0x0000000716a00000| Untracked 
| 182|0x0000000716c00000, 0x0000000716e00000, 0x0000000716e00000|100%| O|  |TAMS 0x0000000716c00000| PB 0x0000000716c00000| Untracked 
| 183|0x0000000716e00000, 0x0000000717000000, 0x0000000717000000|100%| O|  |TAMS 0x0000000716e00000| PB 0x0000000716e00000| Untracked 
| 184|0x0000000717000000, 0x0000000717200000, 0x0000000717200000|100%| O|  |TAMS 0x0000000717000000| PB 0x0000000717000000| Untracked 
| 185|0x0000000717200000, 0x0000000717400000, 0x0000000717400000|100%| O|  |TAMS 0x0000000717200000| PB 0x0000000717200000| Untracked 
| 186|0x0000000717400000, 0x0000000717600000, 0x0000000717600000|100%| O|  |TAMS 0x0000000717400000| PB 0x0000000717400000| Untracked 
| 187|0x0000000717600000, 0x0000000717800000, 0x0000000717800000|100%| O|  |TAMS 0x0000000717600000| PB 0x0000000717600000| Untracked 
| 188|0x0000000717800000, 0x0000000717a00000, 0x0000000717a00000|100%| O|  |TAMS 0x0000000717800000| PB 0x0000000717800000| Untracked 
| 189|0x0000000717a00000, 0x0000000717c00000, 0x0000000717c00000|100%| O|  |TAMS 0x0000000717a00000| PB 0x0000000717a00000| Untracked 
| 190|0x0000000717c00000, 0x0000000717e00000, 0x0000000717e00000|100%| O|  |TAMS 0x0000000717c00000| PB 0x0000000717c00000| Untracked 
| 191|0x0000000717e00000, 0x0000000718000000, 0x0000000718000000|100%| O|  |TAMS 0x0000000717e00000| PB 0x0000000717e00000| Untracked 
| 192|0x0000000718000000, 0x0000000718200000, 0x0000000718200000|100%| O|  |TAMS 0x0000000718000000| PB 0x0000000718000000| Untracked 
| 193|0x0000000718200000, 0x0000000718400000, 0x0000000718400000|100%| O|  |TAMS 0x0000000718200000| PB 0x0000000718200000| Untracked 
| 194|0x0000000718400000, 0x0000000718600000, 0x0000000718600000|100%| O|  |TAMS 0x0000000718400000| PB 0x0000000718400000| Untracked 
| 195|0x0000000718600000, 0x0000000718800000, 0x0000000718800000|100%| O|  |TAMS 0x0000000718600000| PB 0x0000000718600000| Untracked 
| 196|0x0000000718800000, 0x0000000718a00000, 0x0000000718a00000|100%| O|  |TAMS 0x0000000718800000| PB 0x0000000718800000| Untracked 
| 197|0x0000000718a00000, 0x0000000718c00000, 0x0000000718c00000|100%| O|  |TAMS 0x0000000718a00000| PB 0x0000000718a00000| Untracked 
| 198|0x0000000718c00000, 0x0000000718e00000, 0x0000000718e00000|100%| O|  |TAMS 0x0000000718c00000| PB 0x0000000718c00000| Untracked 
| 199|0x0000000718e00000, 0x0000000719000000, 0x0000000719000000|100%| O|  |TAMS 0x0000000718e00000| PB 0x0000000718e00000| Untracked 
| 200|0x0000000719000000, 0x0000000719200000, 0x0000000719200000|100%| O|  |TAMS 0x0000000719000000| PB 0x0000000719000000| Untracked 
| 201|0x0000000719200000, 0x0000000719400000, 0x0000000719400000|100%| O|  |TAMS 0x0000000719200000| PB 0x0000000719200000| Untracked 
| 202|0x0000000719400000, 0x0000000719600000, 0x0000000719600000|100%| O|  |TAMS 0x0000000719400000| PB 0x0000000719400000| Untracked 
| 203|0x0000000719600000, 0x0000000719800000, 0x0000000719800000|100%| O|  |TAMS 0x0000000719600000| PB 0x0000000719600000| Untracked 
| 204|0x0000000719800000, 0x0000000719a00000, 0x0000000719a00000|100%| O|  |TAMS 0x0000000719800000| PB 0x0000000719800000| Untracked 
| 205|0x0000000719a00000, 0x0000000719c00000, 0x0000000719c00000|100%| O|Cm|TAMS 0x0000000719a00000| PB 0x0000000719a00000| Complete 
| 206|0x0000000719c00000, 0x0000000719c00000, 0x0000000719e00000|  0%| F|  |TAMS 0x0000000719c00000| PB 0x0000000719c00000| Untracked 
| 207|0x0000000719e00000, 0x000000071a000000, 0x000000071a000000|100%| O|  |TAMS 0x0000000719e00000| PB 0x0000000719e00000| Untracked 
| 208|0x000000071a000000, 0x000000071a200000, 0x000000071a200000|100%| O|  |TAMS 0x000000071a000000| PB 0x000000071a000000| Untracked 
| 209|0x000000071a200000, 0x000000071a400000, 0x000000071a400000|100%| O|  |TAMS 0x000000071a200000| PB 0x000000071a200000| Untracked 
| 210|0x000000071a400000, 0x000000071a600000, 0x000000071a600000|100%| O|  |TAMS 0x000000071a400000| PB 0x000000071a400000| Untracked 
| 211|0x000000071a600000, 0x000000071a800000, 0x000000071a800000|100%| O|  |TAMS 0x000000071a600000| PB 0x000000071a600000| Untracked 
| 212|0x000000071a800000, 0x000000071aa00000, 0x000000071aa00000|100%| O|  |TAMS 0x000000071a800000| PB 0x000000071a800000| Untracked 
| 213|0x000000071aa00000, 0x000000071ac00000, 0x000000071ac00000|100%| O|  |TAMS 0x000000071aa00000| PB 0x000000071aa00000| Untracked 
| 214|0x000000071ac00000, 0x000000071ae00000, 0x000000071ae00000|100%| O|  |TAMS 0x000000071ac00000| PB 0x000000071ac00000| Untracked 
| 215|0x000000071ae00000, 0x000000071b000000, 0x000000071b000000|100%| O|  |TAMS 0x000000071ae00000| PB 0x000000071ae00000| Untracked 
| 216|0x000000071b000000, 0x000000071b200000, 0x000000071b200000|100%| O|  |TAMS 0x000000071b000000| PB 0x000000071b000000| Untracked 
| 217|0x000000071b200000, 0x000000071b400000, 0x000000071b400000|100%| O|Cm|TAMS 0x000000071b200000| PB 0x000000071b200000| Complete 
| 218|0x000000071b400000, 0x000000071b600000, 0x000000071b600000|100%| O|  |TAMS 0x000000071b400000| PB 0x000000071b400000| Untracked 
| 219|0x000000071b600000, 0x000000071b600000, 0x000000071b800000|  0%| F|  |TAMS 0x000000071b600000| PB 0x000000071b600000| Untracked 
| 220|0x000000071b800000, 0x000000071ba00000, 0x000000071ba00000|100%| O|  |TAMS 0x000000071b800000| PB 0x000000071b800000| Untracked 
| 221|0x000000071ba00000, 0x000000071bc00000, 0x000000071bc00000|100%| O|  |TAMS 0x000000071ba00000| PB 0x000000071ba00000| Untracked 
| 222|0x000000071bc00000, 0x000000071be00000, 0x000000071be00000|100%| O|  |TAMS 0x000000071bc00000| PB 0x000000071bc00000| Untracked 
| 223|0x000000071be00000, 0x000000071c000000, 0x000000071c000000|100%| O|  |TAMS 0x000000071be00000| PB 0x000000071be00000| Untracked 
| 224|0x000000071c000000, 0x000000071c200000, 0x000000071c200000|100%| O|  |TAMS 0x000000071c000000| PB 0x000000071c000000| Untracked 
| 225|0x000000071c200000, 0x000000071c400000, 0x000000071c400000|100%| O|  |TAMS 0x000000071c200000| PB 0x000000071c200000| Untracked 
| 226|0x000000071c400000, 0x000000071c600000, 0x000000071c600000|100%| O|  |TAMS 0x000000071c400000| PB 0x000000071c400000| Untracked 
| 227|0x000000071c600000, 0x000000071c800000, 0x000000071c800000|100%| O|  |TAMS 0x000000071c600000| PB 0x000000071c600000| Untracked 
| 228|0x000000071c800000, 0x000000071ca00000, 0x000000071ca00000|100%| O|  |TAMS 0x000000071c800000| PB 0x000000071c800000| Untracked 
| 229|0x000000071ca00000, 0x000000071cc00000, 0x000000071cc00000|100%| O|  |TAMS 0x000000071ca00000| PB 0x000000071ca00000| Untracked 
| 230|0x000000071cc00000, 0x000000071ce00000, 0x000000071ce00000|100%| O|  |TAMS 0x000000071cc00000| PB 0x000000071cc00000| Untracked 
| 231|0x000000071ce00000, 0x000000071d000000, 0x000000071d000000|100%| O|  |TAMS 0x000000071ce00000| PB 0x000000071ce00000| Untracked 
| 232|0x000000071d000000, 0x000000071d200000, 0x000000071d200000|100%| O|  |TAMS 0x000000071d000000| PB 0x000000071d000000| Untracked 
| 233|0x000000071d200000, 0x000000071d400000, 0x000000071d400000|100%| O|  |TAMS 0x000000071d200000| PB 0x000000071d200000| Untracked 
| 234|0x000000071d400000, 0x000000071d600000, 0x000000071d600000|100%| O|  |TAMS 0x000000071d400000| PB 0x000000071d400000| Untracked 
| 235|0x000000071d600000, 0x000000071d800000, 0x000000071d800000|100%| O|  |TAMS 0x000000071d600000| PB 0x000000071d600000| Untracked 
| 236|0x000000071d800000, 0x000000071da00000, 0x000000071da00000|100%| O|  |TAMS 0x000000071d800000| PB 0x000000071d800000| Untracked 
| 237|0x000000071da00000, 0x000000071da00000, 0x000000071dc00000|  0%| F|  |TAMS 0x000000071da00000| PB 0x000000071da00000| Untracked 
| 238|0x000000071dc00000, 0x000000071dc00000, 0x000000071de00000|  0%| F|  |TAMS 0x000000071dc00000| PB 0x000000071dc00000| Untracked 
| 239|0x000000071de00000, 0x000000071de00000, 0x000000071e000000|  0%| F|  |TAMS 0x000000071de00000| PB 0x000000071de00000| Untracked 
| 240|0x000000071e000000, 0x000000071e000000, 0x000000071e200000|  0%| F|  |TAMS 0x000000071e000000| PB 0x000000071e000000| Untracked 
| 241|0x000000071e200000, 0x000000071e200000, 0x000000071e400000|  0%| F|  |TAMS 0x000000071e200000| PB 0x000000071e200000| Untracked 
| 242|0x000000071e400000, 0x000000071e400000, 0x000000071e600000|  0%| F|  |TAMS 0x000000071e400000| PB 0x000000071e400000| Untracked 
| 243|0x000000071e600000, 0x000000071e600000, 0x000000071e800000|  0%| F|  |TAMS 0x000000071e600000| PB 0x000000071e600000| Untracked 
| 244|0x000000071e800000, 0x000000071e800000, 0x000000071ea00000|  0%| F|  |TAMS 0x000000071e800000| PB 0x000000071e800000| Untracked 
| 245|0x000000071ea00000, 0x000000071ea00000, 0x000000071ec00000|  0%| F|  |TAMS 0x000000071ea00000| PB 0x000000071ea00000| Untracked 
| 246|0x000000071ec00000, 0x000000071ec00000, 0x000000071ee00000|  0%| F|  |TAMS 0x000000071ec00000| PB 0x000000071ec00000| Untracked 
| 247|0x000000071ee00000, 0x000000071ee00000, 0x000000071f000000|  0%| F|  |TAMS 0x000000071ee00000| PB 0x000000071ee00000| Untracked 
| 248|0x000000071f000000, 0x000000071f000000, 0x000000071f200000|  0%| F|  |TAMS 0x000000071f000000| PB 0x000000071f000000| Untracked 
| 249|0x000000071f200000, 0x000000071f200000, 0x000000071f400000|  0%| F|  |TAMS 0x000000071f200000| PB 0x000000071f200000| Untracked 
| 250|0x000000071f400000, 0x000000071f400000, 0x000000071f600000|  0%| F|  |TAMS 0x000000071f400000| PB 0x000000071f400000| Untracked 
| 251|0x000000071f600000, 0x000000071f600000, 0x000000071f800000|  0%| F|  |TAMS 0x000000071f600000| PB 0x000000071f600000| Untracked 
| 252|0x000000071f800000, 0x000000071f800000, 0x000000071fa00000|  0%| F|  |TAMS 0x000000071f800000| PB 0x000000071f800000| Untracked 
| 253|0x000000071fa00000, 0x000000071fa00000, 0x000000071fc00000|  0%| F|  |TAMS 0x000000071fa00000| PB 0x000000071fa00000| Untracked 
| 254|0x000000071fc00000, 0x000000071fc00000, 0x000000071fe00000|  0%| F|  |TAMS 0x000000071fc00000| PB 0x000000071fc00000| Untracked 
| 255|0x000000071fe00000, 0x000000071fe00000, 0x0000000720000000|  0%| F|  |TAMS 0x000000071fe00000| PB 0x000000071fe00000| Untracked 
| 256|0x0000000720000000, 0x0000000720000000, 0x0000000720200000|  0%| F|  |TAMS 0x0000000720000000| PB 0x0000000720000000| Untracked 
| 257|0x0000000720200000, 0x0000000720200000, 0x0000000720400000|  0%| F|  |TAMS 0x0000000720200000| PB 0x0000000720200000| Untracked 
| 258|0x0000000720400000, 0x0000000720400000, 0x0000000720600000|  0%| F|  |TAMS 0x0000000720400000| PB 0x0000000720400000| Untracked 
| 259|0x0000000720600000, 0x0000000720600000, 0x0000000720800000|  0%| F|  |TAMS 0x0000000720600000| PB 0x0000000720600000| Untracked 
| 260|0x0000000720800000, 0x0000000720800000, 0x0000000720a00000|  0%| F|  |TAMS 0x0000000720800000| PB 0x0000000720800000| Untracked 
| 261|0x0000000720a00000, 0x0000000720a00000, 0x0000000720c00000|  0%| F|  |TAMS 0x0000000720a00000| PB 0x0000000720a00000| Untracked 
| 262|0x0000000720c00000, 0x0000000720c00000, 0x0000000720e00000|  0%| F|  |TAMS 0x0000000720c00000| PB 0x0000000720c00000| Untracked 
| 263|0x0000000720e00000, 0x0000000720e00000, 0x0000000721000000|  0%| F|  |TAMS 0x0000000720e00000| PB 0x0000000720e00000| Untracked 
| 264|0x0000000721000000, 0x0000000721000000, 0x0000000721200000|  0%| F|  |TAMS 0x0000000721000000| PB 0x0000000721000000| Untracked 
| 265|0x0000000721200000, 0x0000000721200000, 0x0000000721400000|  0%| F|  |TAMS 0x0000000721200000| PB 0x0000000721200000| Untracked 
| 266|0x0000000721400000, 0x0000000721400000, 0x0000000721600000|  0%| F|  |TAMS 0x0000000721400000| PB 0x0000000721400000| Untracked 
| 267|0x0000000721600000, 0x0000000721600000, 0x0000000721800000|  0%| F|  |TAMS 0x0000000721600000| PB 0x0000000721600000| Untracked 
| 268|0x0000000721800000, 0x0000000721800000, 0x0000000721a00000|  0%| F|  |TAMS 0x0000000721800000| PB 0x0000000721800000| Untracked 
| 269|0x0000000721a00000, 0x0000000721a00000, 0x0000000721c00000|  0%| F|  |TAMS 0x0000000721a00000| PB 0x0000000721a00000| Untracked 
| 270|0x0000000721c00000, 0x0000000721c00000, 0x0000000721e00000|  0%| F|  |TAMS 0x0000000721c00000| PB 0x0000000721c00000| Untracked 
| 271|0x0000000721e00000, 0x0000000721e00000, 0x0000000722000000|  0%| F|  |TAMS 0x0000000721e00000| PB 0x0000000721e00000| Untracked 
| 272|0x0000000722000000, 0x0000000722000000, 0x0000000722200000|  0%| F|  |TAMS 0x0000000722000000| PB 0x0000000722000000| Untracked 
| 273|0x0000000722200000, 0x0000000722200000, 0x0000000722400000|  0%| F|  |TAMS 0x0000000722200000| PB 0x0000000722200000| Untracked 
| 274|0x0000000722400000, 0x0000000722400000, 0x0000000722600000|  0%| F|  |TAMS 0x0000000722400000| PB 0x0000000722400000| Untracked 
| 275|0x0000000722600000, 0x0000000722600000, 0x0000000722800000|  0%| F|  |TAMS 0x0000000722600000| PB 0x0000000722600000| Untracked 
| 276|0x0000000722800000, 0x0000000722800000, 0x0000000722a00000|  0%| F|  |TAMS 0x0000000722800000| PB 0x0000000722800000| Untracked 
| 277|0x0000000722a00000, 0x0000000722a00000, 0x0000000722c00000|  0%| F|  |TAMS 0x0000000722a00000| PB 0x0000000722a00000| Untracked 
| 278|0x0000000722c00000, 0x0000000722c00000, 0x0000000722e00000|  0%| F|  |TAMS 0x0000000722c00000| PB 0x0000000722c00000| Untracked 
| 279|0x0000000722e00000, 0x0000000722e00000, 0x0000000723000000|  0%| F|  |TAMS 0x0000000722e00000| PB 0x0000000722e00000| Untracked 
| 280|0x0000000723000000, 0x0000000723000000, 0x0000000723200000|  0%| F|  |TAMS 0x0000000723000000| PB 0x0000000723000000| Untracked 
| 281|0x0000000723200000, 0x0000000723200000, 0x0000000723400000|  0%| F|  |TAMS 0x0000000723200000| PB 0x0000000723200000| Untracked 
| 282|0x0000000723400000, 0x0000000723400000, 0x0000000723600000|  0%| F|  |TAMS 0x0000000723400000| PB 0x0000000723400000| Untracked 
| 283|0x0000000723600000, 0x0000000723600000, 0x0000000723800000|  0%| F|  |TAMS 0x0000000723600000| PB 0x0000000723600000| Untracked 
| 284|0x0000000723800000, 0x0000000723800000, 0x0000000723a00000|  0%| F|  |TAMS 0x0000000723800000| PB 0x0000000723800000| Untracked 
| 285|0x0000000723a00000, 0x0000000723a00000, 0x0000000723c00000|  0%| F|  |TAMS 0x0000000723a00000| PB 0x0000000723a00000| Untracked 
| 286|0x0000000723c00000, 0x0000000723c00000, 0x0000000723e00000|  0%| F|  |TAMS 0x0000000723c00000| PB 0x0000000723c00000| Untracked 
| 287|0x0000000723e00000, 0x0000000723e00000, 0x0000000724000000|  0%| F|  |TAMS 0x0000000723e00000| PB 0x0000000723e00000| Untracked 
| 288|0x0000000724000000, 0x0000000724000000, 0x0000000724200000|  0%| F|  |TAMS 0x0000000724000000| PB 0x0000000724000000| Untracked 
| 289|0x0000000724200000, 0x0000000724200000, 0x0000000724400000|  0%| F|  |TAMS 0x0000000724200000| PB 0x0000000724200000| Untracked 
| 290|0x0000000724400000, 0x0000000724400000, 0x0000000724600000|  0%| F|  |TAMS 0x0000000724400000| PB 0x0000000724400000| Untracked 
| 291|0x0000000724600000, 0x0000000724600000, 0x0000000724800000|  0%| F|  |TAMS 0x0000000724600000| PB 0x0000000724600000| Untracked 
| 292|0x0000000724800000, 0x0000000724800000, 0x0000000724a00000|  0%| F|  |TAMS 0x0000000724800000| PB 0x0000000724800000| Untracked 
| 293|0x0000000724a00000, 0x0000000724a00000, 0x0000000724c00000|  0%| F|  |TAMS 0x0000000724a00000| PB 0x0000000724a00000| Untracked 
| 294|0x0000000724c00000, 0x0000000724c00000, 0x0000000724e00000|  0%| F|  |TAMS 0x0000000724c00000| PB 0x0000000724c00000| Untracked 
| 295|0x0000000724e00000, 0x0000000724e00000, 0x0000000725000000|  0%| F|  |TAMS 0x0000000724e00000| PB 0x0000000724e00000| Untracked 
| 296|0x0000000725000000, 0x0000000725000000, 0x0000000725200000|  0%| F|  |TAMS 0x0000000725000000| PB 0x0000000725000000| Untracked 
| 297|0x0000000725200000, 0x0000000725200000, 0x0000000725400000|  0%| F|  |TAMS 0x0000000725200000| PB 0x0000000725200000| Untracked 
| 298|0x0000000725400000, 0x0000000725400000, 0x0000000725600000|  0%| F|  |TAMS 0x0000000725400000| PB 0x0000000725400000| Untracked 
| 299|0x0000000725600000, 0x0000000725600000, 0x0000000725800000|  0%| F|  |TAMS 0x0000000725600000| PB 0x0000000725600000| Untracked 
| 300|0x0000000725800000, 0x0000000725800000, 0x0000000725a00000|  0%| F|  |TAMS 0x0000000725800000| PB 0x0000000725800000| Untracked 
| 301|0x0000000725a00000, 0x0000000725a00000, 0x0000000725c00000|  0%| F|  |TAMS 0x0000000725a00000| PB 0x0000000725a00000| Untracked 
| 302|0x0000000725c00000, 0x0000000725c00000, 0x0000000725e00000|  0%| F|  |TAMS 0x0000000725c00000| PB 0x0000000725c00000| Untracked 
| 303|0x0000000725e00000, 0x0000000725e00000, 0x0000000726000000|  0%| F|  |TAMS 0x0000000725e00000| PB 0x0000000725e00000| Untracked 
| 304|0x0000000726000000, 0x0000000726000000, 0x0000000726200000|  0%| F|  |TAMS 0x0000000726000000| PB 0x0000000726000000| Untracked 
| 305|0x0000000726200000, 0x0000000726200000, 0x0000000726400000|  0%| F|  |TAMS 0x0000000726200000| PB 0x0000000726200000| Untracked 
| 306|0x0000000726400000, 0x0000000726400000, 0x0000000726600000|  0%| F|  |TAMS 0x0000000726400000| PB 0x0000000726400000| Untracked 
| 307|0x0000000726600000, 0x0000000726600000, 0x0000000726800000|  0%| F|  |TAMS 0x0000000726600000| PB 0x0000000726600000| Untracked 
| 308|0x0000000726800000, 0x0000000726800000, 0x0000000726a00000|  0%| F|  |TAMS 0x0000000726800000| PB 0x0000000726800000| Untracked 
| 309|0x0000000726a00000, 0x0000000726a00000, 0x0000000726c00000|  0%| F|  |TAMS 0x0000000726a00000| PB 0x0000000726a00000| Untracked 
| 310|0x0000000726c00000, 0x0000000726c00000, 0x0000000726e00000|  0%| F|  |TAMS 0x0000000726c00000| PB 0x0000000726c00000| Untracked 
| 311|0x0000000726e00000, 0x0000000726e00000, 0x0000000727000000|  0%| F|  |TAMS 0x0000000726e00000| PB 0x0000000726e00000| Untracked 
| 312|0x0000000727000000, 0x0000000727000000, 0x0000000727200000|  0%| F|  |TAMS 0x0000000727000000| PB 0x0000000727000000| Untracked 
| 313|0x0000000727200000, 0x0000000727200000, 0x0000000727400000|  0%| F|  |TAMS 0x0000000727200000| PB 0x0000000727200000| Untracked 
| 314|0x0000000727400000, 0x0000000727400000, 0x0000000727600000|  0%| F|  |TAMS 0x0000000727400000| PB 0x0000000727400000| Untracked 
| 315|0x0000000727600000, 0x0000000727600000, 0x0000000727800000|  0%| F|  |TAMS 0x0000000727600000| PB 0x0000000727600000| Untracked 
| 316|0x0000000727800000, 0x0000000727800000, 0x0000000727a00000|  0%| F|  |TAMS 0x0000000727800000| PB 0x0000000727800000| Untracked 
| 317|0x0000000727a00000, 0x0000000727a00000, 0x0000000727c00000|  0%| F|  |TAMS 0x0000000727a00000| PB 0x0000000727a00000| Untracked 
| 318|0x0000000727c00000, 0x0000000727c00000, 0x0000000727e00000|  0%| F|  |TAMS 0x0000000727c00000| PB 0x0000000727c00000| Untracked 
| 319|0x0000000727e00000, 0x0000000727e00000, 0x0000000728000000|  0%| F|  |TAMS 0x0000000727e00000| PB 0x0000000727e00000| Untracked 
| 320|0x0000000728000000, 0x0000000728000000, 0x0000000728200000|  0%| F|  |TAMS 0x0000000728000000| PB 0x0000000728000000| Untracked 
| 321|0x0000000728200000, 0x0000000728200000, 0x0000000728400000|  0%| F|  |TAMS 0x0000000728200000| PB 0x0000000728200000| Untracked 
| 322|0x0000000728400000, 0x0000000728400000, 0x0000000728600000|  0%| F|  |TAMS 0x0000000728400000| PB 0x0000000728400000| Untracked 
| 323|0x0000000728600000, 0x0000000728600000, 0x0000000728800000|  0%| F|  |TAMS 0x0000000728600000| PB 0x0000000728600000| Untracked 
| 324|0x0000000728800000, 0x0000000728800000, 0x0000000728a00000|  0%| F|  |TAMS 0x0000000728800000| PB 0x0000000728800000| Untracked 
| 325|0x0000000728a00000, 0x0000000728a00000, 0x0000000728c00000|  0%| F|  |TAMS 0x0000000728a00000| PB 0x0000000728a00000| Untracked 
| 326|0x0000000728c00000, 0x0000000728c00000, 0x0000000728e00000|  0%| F|  |TAMS 0x0000000728c00000| PB 0x0000000728c00000| Untracked 
| 327|0x0000000728e00000, 0x0000000728e00000, 0x0000000729000000|  0%| F|  |TAMS 0x0000000728e00000| PB 0x0000000728e00000| Untracked 
| 328|0x0000000729000000, 0x0000000729000000, 0x0000000729200000|  0%| F|  |TAMS 0x0000000729000000| PB 0x0000000729000000| Untracked 
| 329|0x0000000729200000, 0x0000000729200000, 0x0000000729400000|  0%| F|  |TAMS 0x0000000729200000| PB 0x0000000729200000| Untracked 
| 330|0x0000000729400000, 0x0000000729400000, 0x0000000729600000|  0%| F|  |TAMS 0x0000000729400000| PB 0x0000000729400000| Untracked 
| 331|0x0000000729600000, 0x0000000729600000, 0x0000000729800000|  0%| F|  |TAMS 0x0000000729600000| PB 0x0000000729600000| Untracked 
| 332|0x0000000729800000, 0x0000000729800000, 0x0000000729a00000|  0%| F|  |TAMS 0x0000000729800000| PB 0x0000000729800000| Untracked 
| 333|0x0000000729a00000, 0x0000000729a00000, 0x0000000729c00000|  0%| F|  |TAMS 0x0000000729a00000| PB 0x0000000729a00000| Untracked 
| 334|0x0000000729c00000, 0x0000000729c00000, 0x0000000729e00000|  0%| F|  |TAMS 0x0000000729c00000| PB 0x0000000729c00000| Untracked 
| 335|0x0000000729e00000, 0x0000000729e00000, 0x000000072a000000|  0%| F|  |TAMS 0x0000000729e00000| PB 0x0000000729e00000| Untracked 
| 336|0x000000072a000000, 0x000000072a000000, 0x000000072a200000|  0%| F|  |TAMS 0x000000072a000000| PB 0x000000072a000000| Untracked 
| 337|0x000000072a200000, 0x000000072a200000, 0x000000072a400000|  0%| F|  |TAMS 0x000000072a200000| PB 0x000000072a200000| Untracked 
| 338|0x000000072a400000, 0x000000072a400000, 0x000000072a600000|  0%| F|  |TAMS 0x000000072a400000| PB 0x000000072a400000| Untracked 
| 339|0x000000072a600000, 0x000000072a600000, 0x000000072a800000|  0%| F|  |TAMS 0x000000072a600000| PB 0x000000072a600000| Untracked 
| 340|0x000000072a800000, 0x000000072a800000, 0x000000072aa00000|  0%| F|  |TAMS 0x000000072a800000| PB 0x000000072a800000| Untracked 
| 341|0x000000072aa00000, 0x000000072aa00000, 0x000000072ac00000|  0%| F|  |TAMS 0x000000072aa00000| PB 0x000000072aa00000| Untracked 
| 342|0x000000072ac00000, 0x000000072ac00000, 0x000000072ae00000|  0%| F|  |TAMS 0x000000072ac00000| PB 0x000000072ac00000| Untracked 
| 343|0x000000072ae00000, 0x000000072ae00000, 0x000000072b000000|  0%| F|  |TAMS 0x000000072ae00000| PB 0x000000072ae00000| Untracked 
| 344|0x000000072b000000, 0x000000072b000000, 0x000000072b200000|  0%| F|  |TAMS 0x000000072b000000| PB 0x000000072b000000| Untracked 
| 345|0x000000072b200000, 0x000000072b200000, 0x000000072b400000|  0%| F|  |TAMS 0x000000072b200000| PB 0x000000072b200000| Untracked 
| 346|0x000000072b400000, 0x000000072b400000, 0x000000072b600000|  0%| F|  |TAMS 0x000000072b400000| PB 0x000000072b400000| Untracked 
| 347|0x000000072b600000, 0x000000072b600000, 0x000000072b800000|  0%| F|  |TAMS 0x000000072b600000| PB 0x000000072b600000| Untracked 
| 348|0x000000072b800000, 0x000000072b800000, 0x000000072ba00000|  0%| F|  |TAMS 0x000000072b800000| PB 0x000000072b800000| Untracked 
| 349|0x000000072ba00000, 0x000000072ba00000, 0x000000072bc00000|  0%| F|  |TAMS 0x000000072ba00000| PB 0x000000072ba00000| Untracked 
| 350|0x000000072bc00000, 0x000000072bc00000, 0x000000072be00000|  0%| F|  |TAMS 0x000000072bc00000| PB 0x000000072bc00000| Untracked 
| 351|0x000000072be00000, 0x000000072be00000, 0x000000072c000000|  0%| F|  |TAMS 0x000000072be00000| PB 0x000000072be00000| Untracked 
| 352|0x000000072c000000, 0x000000072c000000, 0x000000072c200000|  0%| F|  |TAMS 0x000000072c000000| PB 0x000000072c000000| Untracked 
| 353|0x000000072c200000, 0x000000072c200000, 0x000000072c400000|  0%| F|  |TAMS 0x000000072c200000| PB 0x000000072c200000| Untracked 
| 354|0x000000072c400000, 0x000000072c400000, 0x000000072c600000|  0%| F|  |TAMS 0x000000072c400000| PB 0x000000072c400000| Untracked 
| 355|0x000000072c600000, 0x000000072c600000, 0x000000072c800000|  0%| F|  |TAMS 0x000000072c600000| PB 0x000000072c600000| Untracked 
| 356|0x000000072c800000, 0x000000072c800000, 0x000000072ca00000|  0%| F|  |TAMS 0x000000072c800000| PB 0x000000072c800000| Untracked 
| 357|0x000000072ca00000, 0x000000072ca00000, 0x000000072cc00000|  0%| F|  |TAMS 0x000000072ca00000| PB 0x000000072ca00000| Untracked 
| 358|0x000000072cc00000, 0x000000072cc00000, 0x000000072ce00000|  0%| F|  |TAMS 0x000000072cc00000| PB 0x000000072cc00000| Untracked 
| 359|0x000000072ce00000, 0x000000072ce00000, 0x000000072d000000|  0%| F|  |TAMS 0x000000072ce00000| PB 0x000000072ce00000| Untracked 
| 360|0x000000072d000000, 0x000000072d000000, 0x000000072d200000|  0%| F|  |TAMS 0x000000072d000000| PB 0x000000072d000000| Untracked 
| 361|0x000000072d200000, 0x000000072d200000, 0x000000072d400000|  0%| F|  |TAMS 0x000000072d200000| PB 0x000000072d200000| Untracked 
| 362|0x000000072d400000, 0x000000072d400000, 0x000000072d600000|  0%| F|  |TAMS 0x000000072d400000| PB 0x000000072d400000| Untracked 
| 363|0x000000072d600000, 0x000000072d600000, 0x000000072d800000|  0%| F|  |TAMS 0x000000072d600000| PB 0x000000072d600000| Untracked 
| 364|0x000000072d800000, 0x000000072d800000, 0x000000072da00000|  0%| F|  |TAMS 0x000000072d800000| PB 0x000000072d800000| Untracked 
| 365|0x000000072da00000, 0x000000072da00000, 0x000000072dc00000|  0%| F|  |TAMS 0x000000072da00000| PB 0x000000072da00000| Untracked 
| 366|0x000000072dc00000, 0x000000072dc00000, 0x000000072de00000|  0%| F|  |TAMS 0x000000072dc00000| PB 0x000000072dc00000| Untracked 
| 367|0x000000072de00000, 0x000000072de00000, 0x000000072e000000|  0%| F|  |TAMS 0x000000072de00000| PB 0x000000072de00000| Untracked 
| 368|0x000000072e000000, 0x000000072e000000, 0x000000072e200000|  0%| F|  |TAMS 0x000000072e000000| PB 0x000000072e000000| Untracked 
| 369|0x000000072e200000, 0x000000072e200000, 0x000000072e400000|  0%| F|  |TAMS 0x000000072e200000| PB 0x000000072e200000| Untracked 
| 370|0x000000072e400000, 0x000000072e400000, 0x000000072e600000|  0%| F|  |TAMS 0x000000072e400000| PB 0x000000072e400000| Untracked 
| 371|0x000000072e600000, 0x000000072e600000, 0x000000072e800000|  0%| F|  |TAMS 0x000000072e600000| PB 0x000000072e600000| Untracked 
| 372|0x000000072e800000, 0x000000072e800000, 0x000000072ea00000|  0%| F|  |TAMS 0x000000072e800000| PB 0x000000072e800000| Untracked 
| 373|0x000000072ea00000, 0x000000072ea00000, 0x000000072ec00000|  0%| F|  |TAMS 0x000000072ea00000| PB 0x000000072ea00000| Untracked 
| 374|0x000000072ec00000, 0x000000072ec00000, 0x000000072ee00000|  0%| F|  |TAMS 0x000000072ec00000| PB 0x000000072ec00000| Untracked 
| 375|0x000000072ee00000, 0x000000072ee00000, 0x000000072f000000|  0%| F|  |TAMS 0x000000072ee00000| PB 0x000000072ee00000| Untracked 
| 376|0x000000072f000000, 0x000000072f000000, 0x000000072f200000|  0%| F|  |TAMS 0x000000072f000000| PB 0x000000072f000000| Untracked 
| 377|0x000000072f200000, 0x000000072f200000, 0x000000072f400000|  0%| F|  |TAMS 0x000000072f200000| PB 0x000000072f200000| Untracked 
| 378|0x000000072f400000, 0x000000072f400000, 0x000000072f600000|  0%| F|  |TAMS 0x000000072f400000| PB 0x000000072f400000| Untracked 
| 379|0x000000072f600000, 0x000000072f600000, 0x000000072f800000|  0%| F|  |TAMS 0x000000072f600000| PB 0x000000072f600000| Untracked 
| 380|0x000000072f800000, 0x000000072f800000, 0x000000072fa00000|  0%| F|  |TAMS 0x000000072f800000| PB 0x000000072f800000| Untracked 
| 381|0x000000072fa00000, 0x000000072fa00000, 0x000000072fc00000|  0%| F|  |TAMS 0x000000072fa00000| PB 0x000000072fa00000| Untracked 
| 382|0x000000072fc00000, 0x000000072fc00000, 0x000000072fe00000|  0%| F|  |TAMS 0x000000072fc00000| PB 0x000000072fc00000| Untracked 
| 383|0x000000072fe00000, 0x000000072fe00000, 0x0000000730000000|  0%| F|  |TAMS 0x000000072fe00000| PB 0x000000072fe00000| Untracked 
| 384|0x0000000730000000, 0x0000000730000000, 0x0000000730200000|  0%| F|  |TAMS 0x0000000730000000| PB 0x0000000730000000| Untracked 
| 385|0x0000000730200000, 0x0000000730200000, 0x0000000730400000|  0%| F|  |TAMS 0x0000000730200000| PB 0x0000000730200000| Untracked 
| 386|0x0000000730400000, 0x0000000730400000, 0x0000000730600000|  0%| F|  |TAMS 0x0000000730400000| PB 0x0000000730400000| Untracked 
| 387|0x0000000730600000, 0x0000000730600000, 0x0000000730800000|  0%| F|  |TAMS 0x0000000730600000| PB 0x0000000730600000| Untracked 
| 388|0x0000000730800000, 0x0000000730800000, 0x0000000730a00000|  0%| F|  |TAMS 0x0000000730800000| PB 0x0000000730800000| Untracked 
| 389|0x0000000730a00000, 0x0000000730a00000, 0x0000000730c00000|  0%| F|  |TAMS 0x0000000730a00000| PB 0x0000000730a00000| Untracked 
| 390|0x0000000730c00000, 0x0000000730c00000, 0x0000000730e00000|  0%| F|  |TAMS 0x0000000730c00000| PB 0x0000000730c00000| Untracked 
| 391|0x0000000730e00000, 0x0000000730e00000, 0x0000000731000000|  0%| F|  |TAMS 0x0000000730e00000| PB 0x0000000730e00000| Untracked 
| 392|0x0000000731000000, 0x0000000731000000, 0x0000000731200000|  0%| F|  |TAMS 0x0000000731000000| PB 0x0000000731000000| Untracked 
| 393|0x0000000731200000, 0x0000000731200000, 0x0000000731400000|  0%| F|  |TAMS 0x0000000731200000| PB 0x0000000731200000| Untracked 
| 394|0x0000000731400000, 0x0000000731400000, 0x0000000731600000|  0%| F|  |TAMS 0x0000000731400000| PB 0x0000000731400000| Untracked 
| 395|0x0000000731600000, 0x0000000731600000, 0x0000000731800000|  0%| F|  |TAMS 0x0000000731600000| PB 0x0000000731600000| Untracked 
| 396|0x0000000731800000, 0x0000000731800000, 0x0000000731a00000|  0%| F|  |TAMS 0x0000000731800000| PB 0x0000000731800000| Untracked 
| 397|0x0000000731a00000, 0x0000000731a00000, 0x0000000731c00000|  0%| F|  |TAMS 0x0000000731a00000| PB 0x0000000731a00000| Untracked 
| 398|0x0000000731c00000, 0x0000000731c00000, 0x0000000731e00000|  0%| F|  |TAMS 0x0000000731c00000| PB 0x0000000731c00000| Untracked 
| 399|0x0000000731e00000, 0x0000000731e00000, 0x0000000732000000|  0%| F|  |TAMS 0x0000000731e00000| PB 0x0000000731e00000| Untracked 
| 400|0x0000000732000000, 0x0000000732000000, 0x0000000732200000|  0%| F|  |TAMS 0x0000000732000000| PB 0x0000000732000000| Untracked 
| 401|0x0000000732200000, 0x0000000732200000, 0x0000000732400000|  0%| F|  |TAMS 0x0000000732200000| PB 0x0000000732200000| Untracked 
| 402|0x0000000732400000, 0x0000000732400000, 0x0000000732600000|  0%| F|  |TAMS 0x0000000732400000| PB 0x0000000732400000| Untracked 
| 403|0x0000000732600000, 0x0000000732600000, 0x0000000732800000|  0%| F|  |TAMS 0x0000000732600000| PB 0x0000000732600000| Untracked 
| 404|0x0000000732800000, 0x0000000732800000, 0x0000000732a00000|  0%| F|  |TAMS 0x0000000732800000| PB 0x0000000732800000| Untracked 
| 405|0x0000000732a00000, 0x0000000732a00000, 0x0000000732c00000|  0%| F|  |TAMS 0x0000000732a00000| PB 0x0000000732a00000| Untracked 
| 406|0x0000000732c00000, 0x0000000732c00000, 0x0000000732e00000|  0%| F|  |TAMS 0x0000000732c00000| PB 0x0000000732c00000| Untracked 
| 407|0x0000000732e00000, 0x0000000732e00000, 0x0000000733000000|  0%| F|  |TAMS 0x0000000732e00000| PB 0x0000000732e00000| Untracked 
| 408|0x0000000733000000, 0x0000000733000000, 0x0000000733200000|  0%| F|  |TAMS 0x0000000733000000| PB 0x0000000733000000| Untracked 
| 409|0x0000000733200000, 0x0000000733200000, 0x0000000733400000|  0%| F|  |TAMS 0x0000000733200000| PB 0x0000000733200000| Untracked 
| 410|0x0000000733400000, 0x0000000733400000, 0x0000000733600000|  0%| F|  |TAMS 0x0000000733400000| PB 0x0000000733400000| Untracked 
| 411|0x0000000733600000, 0x0000000733600000, 0x0000000733800000|  0%| F|  |TAMS 0x0000000733600000| PB 0x0000000733600000| Untracked 
| 412|0x0000000733800000, 0x0000000733800000, 0x0000000733a00000|  0%| F|  |TAMS 0x0000000733800000| PB 0x0000000733800000| Untracked 
| 413|0x0000000733a00000, 0x0000000733a00000, 0x0000000733c00000|  0%| F|  |TAMS 0x0000000733a00000| PB 0x0000000733a00000| Untracked 
| 414|0x0000000733c00000, 0x0000000733c00000, 0x0000000733e00000|  0%| F|  |TAMS 0x0000000733c00000| PB 0x0000000733c00000| Untracked 
| 415|0x0000000733e00000, 0x0000000733e00000, 0x0000000734000000|  0%| F|  |TAMS 0x0000000733e00000| PB 0x0000000733e00000| Untracked 
| 416|0x0000000734000000, 0x0000000734000000, 0x0000000734200000|  0%| F|  |TAMS 0x0000000734000000| PB 0x0000000734000000| Untracked 
| 417|0x0000000734200000, 0x0000000734200000, 0x0000000734400000|  0%| F|  |TAMS 0x0000000734200000| PB 0x0000000734200000| Untracked 
| 418|0x0000000734400000, 0x0000000734400000, 0x0000000734600000|  0%| F|  |TAMS 0x0000000734400000| PB 0x0000000734400000| Untracked 
| 419|0x0000000734600000, 0x0000000734600000, 0x0000000734800000|  0%| F|  |TAMS 0x0000000734600000| PB 0x0000000734600000| Untracked 
| 420|0x0000000734800000, 0x0000000734800000, 0x0000000734a00000|  0%| F|  |TAMS 0x0000000734800000| PB 0x0000000734800000| Untracked 
| 421|0x0000000734a00000, 0x0000000734a00000, 0x0000000734c00000|  0%| F|  |TAMS 0x0000000734a00000| PB 0x0000000734a00000| Untracked 
| 422|0x0000000734c00000, 0x0000000734c00000, 0x0000000734e00000|  0%| F|  |TAMS 0x0000000734c00000| PB 0x0000000734c00000| Untracked 
| 423|0x0000000734e00000, 0x0000000734e00000, 0x0000000735000000|  0%| F|  |TAMS 0x0000000734e00000| PB 0x0000000734e00000| Untracked 
| 424|0x0000000735000000, 0x0000000735000000, 0x0000000735200000|  0%| F|  |TAMS 0x0000000735000000| PB 0x0000000735000000| Untracked 
| 425|0x0000000735200000, 0x0000000735200000, 0x0000000735400000|  0%| F|  |TAMS 0x0000000735200000| PB 0x0000000735200000| Untracked 
| 426|0x0000000735400000, 0x0000000735400000, 0x0000000735600000|  0%| F|  |TAMS 0x0000000735400000| PB 0x0000000735400000| Untracked 
| 427|0x0000000735600000, 0x0000000735600000, 0x0000000735800000|  0%| F|  |TAMS 0x0000000735600000| PB 0x0000000735600000| Untracked 
| 428|0x0000000735800000, 0x0000000735800000, 0x0000000735a00000|  0%| F|  |TAMS 0x0000000735800000| PB 0x0000000735800000| Untracked 
| 429|0x0000000735a00000, 0x0000000735a00000, 0x0000000735c00000|  0%| F|  |TAMS 0x0000000735a00000| PB 0x0000000735a00000| Untracked 
| 430|0x0000000735c00000, 0x0000000735c00000, 0x0000000735e00000|  0%| F|  |TAMS 0x0000000735c00000| PB 0x0000000735c00000| Untracked 
| 431|0x0000000735e00000, 0x0000000735e00000, 0x0000000736000000|  0%| F|  |TAMS 0x0000000735e00000| PB 0x0000000735e00000| Untracked 
| 432|0x0000000736000000, 0x0000000736000000, 0x0000000736200000|  0%| F|  |TAMS 0x0000000736000000| PB 0x0000000736000000| Untracked 
| 433|0x0000000736200000, 0x0000000736200000, 0x0000000736400000|  0%| F|  |TAMS 0x0000000736200000| PB 0x0000000736200000| Untracked 
| 434|0x0000000736400000, 0x0000000736400000, 0x0000000736600000|  0%| F|  |TAMS 0x0000000736400000| PB 0x0000000736400000| Untracked 
| 435|0x0000000736600000, 0x0000000736600000, 0x0000000736800000|  0%| F|  |TAMS 0x0000000736600000| PB 0x0000000736600000| Untracked 
| 436|0x0000000736800000, 0x0000000736800000, 0x0000000736a00000|  0%| F|  |TAMS 0x0000000736800000| PB 0x0000000736800000| Untracked 
| 437|0x0000000736a00000, 0x0000000736a00000, 0x0000000736c00000|  0%| F|  |TAMS 0x0000000736a00000| PB 0x0000000736a00000| Untracked 
| 438|0x0000000736c00000, 0x0000000736c00000, 0x0000000736e00000|  0%| F|  |TAMS 0x0000000736c00000| PB 0x0000000736c00000| Untracked 
| 439|0x0000000736e00000, 0x0000000736e00000, 0x0000000737000000|  0%| F|  |TAMS 0x0000000736e00000| PB 0x0000000736e00000| Untracked 
| 440|0x0000000737000000, 0x0000000737000000, 0x0000000737200000|  0%| F|  |TAMS 0x0000000737000000| PB 0x0000000737000000| Untracked 
| 441|0x0000000737200000, 0x0000000737200000, 0x0000000737400000|  0%| F|  |TAMS 0x0000000737200000| PB 0x0000000737200000| Untracked 
| 442|0x0000000737400000, 0x0000000737400000, 0x0000000737600000|  0%| F|  |TAMS 0x0000000737400000| PB 0x0000000737400000| Untracked 
| 443|0x0000000737600000, 0x0000000737600000, 0x0000000737800000|  0%| F|  |TAMS 0x0000000737600000| PB 0x0000000737600000| Untracked 
| 444|0x0000000737800000, 0x0000000737800000, 0x0000000737a00000|  0%| F|  |TAMS 0x0000000737800000| PB 0x0000000737800000| Untracked 
| 445|0x0000000737a00000, 0x0000000737a00000, 0x0000000737c00000|  0%| F|  |TAMS 0x0000000737a00000| PB 0x0000000737a00000| Untracked 
| 446|0x0000000737c00000, 0x0000000737c00000, 0x0000000737e00000|  0%| F|  |TAMS 0x0000000737c00000| PB 0x0000000737c00000| Untracked 
| 447|0x0000000737e00000, 0x0000000737e00000, 0x0000000738000000|  0%| F|  |TAMS 0x0000000737e00000| PB 0x0000000737e00000| Untracked 
| 448|0x0000000738000000, 0x0000000738000000, 0x0000000738200000|  0%| F|  |TAMS 0x0000000738000000| PB 0x0000000738000000| Untracked 
| 449|0x0000000738200000, 0x0000000738200000, 0x0000000738400000|  0%| F|  |TAMS 0x0000000738200000| PB 0x0000000738200000| Untracked 
| 450|0x0000000738400000, 0x0000000738400000, 0x0000000738600000|  0%| F|  |TAMS 0x0000000738400000| PB 0x0000000738400000| Untracked 
| 451|0x0000000738600000, 0x0000000738600000, 0x0000000738800000|  0%| F|  |TAMS 0x0000000738600000| PB 0x0000000738600000| Untracked 
| 452|0x0000000738800000, 0x0000000738800000, 0x0000000738a00000|  0%| F|  |TAMS 0x0000000738800000| PB 0x0000000738800000| Untracked 
| 453|0x0000000738a00000, 0x0000000738a00000, 0x0000000738c00000|  0%| F|  |TAMS 0x0000000738a00000| PB 0x0000000738a00000| Untracked 
| 454|0x0000000738c00000, 0x0000000738c00000, 0x0000000738e00000|  0%| F|  |TAMS 0x0000000738c00000| PB 0x0000000738c00000| Untracked 
| 455|0x0000000738e00000, 0x0000000738e00000, 0x0000000739000000|  0%| F|  |TAMS 0x0000000738e00000| PB 0x0000000738e00000| Untracked 
| 456|0x0000000739000000, 0x0000000739000000, 0x0000000739200000|  0%| F|  |TAMS 0x0000000739000000| PB 0x0000000739000000| Untracked 
| 457|0x0000000739200000, 0x0000000739200000, 0x0000000739400000|  0%| F|  |TAMS 0x0000000739200000| PB 0x0000000739200000| Untracked 
| 458|0x0000000739400000, 0x0000000739400000, 0x0000000739600000|  0%| F|  |TAMS 0x0000000739400000| PB 0x0000000739400000| Untracked 
| 459|0x0000000739600000, 0x0000000739600000, 0x0000000739800000|  0%| F|  |TAMS 0x0000000739600000| PB 0x0000000739600000| Untracked 
| 460|0x0000000739800000, 0x0000000739800000, 0x0000000739a00000|  0%| F|  |TAMS 0x0000000739800000| PB 0x0000000739800000| Untracked 
| 461|0x0000000739a00000, 0x0000000739a00000, 0x0000000739c00000|  0%| F|  |TAMS 0x0000000739a00000| PB 0x0000000739a00000| Untracked 
| 462|0x0000000739c00000, 0x0000000739c00000, 0x0000000739e00000|  0%| F|  |TAMS 0x0000000739c00000| PB 0x0000000739c00000| Untracked 
| 463|0x0000000739e00000, 0x0000000739e00000, 0x000000073a000000|  0%| F|  |TAMS 0x0000000739e00000| PB 0x0000000739e00000| Untracked 
| 464|0x000000073a000000, 0x000000073a000000, 0x000000073a200000|  0%| F|  |TAMS 0x000000073a000000| PB 0x000000073a000000| Untracked 
| 465|0x000000073a200000, 0x000000073a200000, 0x000000073a400000|  0%| F|  |TAMS 0x000000073a200000| PB 0x000000073a200000| Untracked 
| 466|0x000000073a400000, 0x000000073a400000, 0x000000073a600000|  0%| F|  |TAMS 0x000000073a400000| PB 0x000000073a400000| Untracked 
| 467|0x000000073a600000, 0x000000073a600000, 0x000000073a800000|  0%| F|  |TAMS 0x000000073a600000| PB 0x000000073a600000| Untracked 
| 468|0x000000073a800000, 0x000000073a800000, 0x000000073aa00000|  0%| F|  |TAMS 0x000000073a800000| PB 0x000000073a800000| Untracked 
| 469|0x000000073aa00000, 0x000000073aa00000, 0x000000073ac00000|  0%| F|  |TAMS 0x000000073aa00000| PB 0x000000073aa00000| Untracked 
| 470|0x000000073ac00000, 0x000000073ac00000, 0x000000073ae00000|  0%| F|  |TAMS 0x000000073ac00000| PB 0x000000073ac00000| Untracked 
| 471|0x000000073ae00000, 0x000000073ae00000, 0x000000073b000000|  0%| F|  |TAMS 0x000000073ae00000| PB 0x000000073ae00000| Untracked 
| 472|0x000000073b000000, 0x000000073b000000, 0x000000073b200000|  0%| F|  |TAMS 0x000000073b000000| PB 0x000000073b000000| Untracked 
| 473|0x000000073b200000, 0x000000073b200000, 0x000000073b400000|  0%| F|  |TAMS 0x000000073b200000| PB 0x000000073b200000| Untracked 
| 474|0x000000073b400000, 0x000000073b400000, 0x000000073b600000|  0%| F|  |TAMS 0x000000073b400000| PB 0x000000073b400000| Untracked 
| 475|0x000000073b600000, 0x000000073b600000, 0x000000073b800000|  0%| F|  |TAMS 0x000000073b600000| PB 0x000000073b600000| Untracked 
| 476|0x000000073b800000, 0x000000073b800000, 0x000000073ba00000|  0%| F|  |TAMS 0x000000073b800000| PB 0x000000073b800000| Untracked 
| 477|0x000000073ba00000, 0x000000073ba00000, 0x000000073bc00000|  0%| F|  |TAMS 0x000000073ba00000| PB 0x000000073ba00000| Untracked 
| 478|0x000000073bc00000, 0x000000073bc00000, 0x000000073be00000|  0%| F|  |TAMS 0x000000073bc00000| PB 0x000000073bc00000| Untracked 
| 479|0x000000073be00000, 0x000000073be00000, 0x000000073c000000|  0%| F|  |TAMS 0x000000073be00000| PB 0x000000073be00000| Untracked 
| 480|0x000000073c000000, 0x000000073c000000, 0x000000073c200000|  0%| F|  |TAMS 0x000000073c000000| PB 0x000000073c000000| Untracked 
| 481|0x000000073c200000, 0x000000073c200000, 0x000000073c400000|  0%| F|  |TAMS 0x000000073c200000| PB 0x000000073c200000| Untracked 
| 482|0x000000073c400000, 0x000000073c400000, 0x000000073c600000|  0%| F|  |TAMS 0x000000073c400000| PB 0x000000073c400000| Untracked 
| 483|0x000000073c600000, 0x000000073c600000, 0x000000073c800000|  0%| F|  |TAMS 0x000000073c600000| PB 0x000000073c600000| Untracked 
| 484|0x000000073c800000, 0x000000073c800000, 0x000000073ca00000|  0%| F|  |TAMS 0x000000073c800000| PB 0x000000073c800000| Untracked 
| 485|0x000000073ca00000, 0x000000073ca00000, 0x000000073cc00000|  0%| F|  |TAMS 0x000000073ca00000| PB 0x000000073ca00000| Untracked 
| 486|0x000000073cc00000, 0x000000073cc00000, 0x000000073ce00000|  0%| F|  |TAMS 0x000000073cc00000| PB 0x000000073cc00000| Untracked 
| 487|0x000000073ce00000, 0x000000073ce00000, 0x000000073d000000|  0%| F|  |TAMS 0x000000073ce00000| PB 0x000000073ce00000| Untracked 
| 488|0x000000073d000000, 0x000000073d000000, 0x000000073d200000|  0%| F|  |TAMS 0x000000073d000000| PB 0x000000073d000000| Untracked 
| 489|0x000000073d200000, 0x000000073d200000, 0x000000073d400000|  0%| F|  |TAMS 0x000000073d200000| PB 0x000000073d200000| Untracked 
| 490|0x000000073d400000, 0x000000073d400000, 0x000000073d600000|  0%| F|  |TAMS 0x000000073d400000| PB 0x000000073d400000| Untracked 
| 491|0x000000073d600000, 0x000000073d600000, 0x000000073d800000|  0%| F|  |TAMS 0x000000073d600000| PB 0x000000073d600000| Untracked 
| 492|0x000000073d800000, 0x000000073d800000, 0x000000073da00000|  0%| F|  |TAMS 0x000000073d800000| PB 0x000000073d800000| Untracked 
| 493|0x000000073da00000, 0x000000073da00000, 0x000000073dc00000|  0%| F|  |TAMS 0x000000073da00000| PB 0x000000073da00000| Untracked 
| 494|0x000000073dc00000, 0x000000073dc00000, 0x000000073de00000|  0%| F|  |TAMS 0x000000073dc00000| PB 0x000000073dc00000| Untracked 
| 495|0x000000073de00000, 0x000000073de00000, 0x000000073e000000|  0%| F|  |TAMS 0x000000073de00000| PB 0x000000073de00000| Untracked 
| 496|0x000000073e000000, 0x000000073e000000, 0x000000073e200000|  0%| F|  |TAMS 0x000000073e000000| PB 0x000000073e000000| Untracked 
| 497|0x000000073e200000, 0x000000073e200000, 0x000000073e400000|  0%| F|  |TAMS 0x000000073e200000| PB 0x000000073e200000| Untracked 
| 498|0x000000073e400000, 0x000000073e400000, 0x000000073e600000|  0%| F|  |TAMS 0x000000073e400000| PB 0x000000073e400000| Untracked 
| 499|0x000000073e600000, 0x000000073e600000, 0x000000073e800000|  0%| F|  |TAMS 0x000000073e600000| PB 0x000000073e600000| Untracked 
| 500|0x000000073e800000, 0x000000073e800000, 0x000000073ea00000|  0%| F|  |TAMS 0x000000073e800000| PB 0x000000073e800000| Untracked 
| 501|0x000000073ea00000, 0x000000073ea00000, 0x000000073ec00000|  0%| F|  |TAMS 0x000000073ea00000| PB 0x000000073ea00000| Untracked 
| 502|0x000000073ec00000, 0x000000073ec00000, 0x000000073ee00000|  0%| F|  |TAMS 0x000000073ec00000| PB 0x000000073ec00000| Untracked 
| 503|0x000000073ee00000, 0x000000073ee00000, 0x000000073f000000|  0%| F|  |TAMS 0x000000073ee00000| PB 0x000000073ee00000| Untracked 
| 504|0x000000073f000000, 0x000000073f000000, 0x000000073f200000|  0%| F|  |TAMS 0x000000073f000000| PB 0x000000073f000000| Untracked 
| 505|0x000000073f200000, 0x000000073f200000, 0x000000073f400000|  0%| F|  |TAMS 0x000000073f200000| PB 0x000000073f200000| Untracked 
| 506|0x000000073f400000, 0x000000073f400000, 0x000000073f600000|  0%| F|  |TAMS 0x000000073f400000| PB 0x000000073f400000| Untracked 
| 507|0x000000073f600000, 0x000000073f600000, 0x000000073f800000|  0%| F|  |TAMS 0x000000073f600000| PB 0x000000073f600000| Untracked 
| 508|0x000000073f800000, 0x000000073f800000, 0x000000073fa00000|  0%| F|  |TAMS 0x000000073f800000| PB 0x000000073f800000| Untracked 
| 509|0x000000073fa00000, 0x000000073fa00000, 0x000000073fc00000|  0%| F|  |TAMS 0x000000073fa00000| PB 0x000000073fa00000| Untracked 
| 510|0x000000073fc00000, 0x000000073fc00000, 0x000000073fe00000|  0%| F|  |TAMS 0x000000073fc00000| PB 0x000000073fc00000| Untracked 
| 511|0x000000073fe00000, 0x000000073fe00000, 0x0000000740000000|  0%| F|  |TAMS 0x000000073fe00000| PB 0x000000073fe00000| Untracked 
| 512|0x0000000740000000, 0x0000000740000000, 0x0000000740200000|  0%| F|  |TAMS 0x0000000740000000| PB 0x0000000740000000| Untracked 
| 513|0x0000000740200000, 0x0000000740200000, 0x0000000740400000|  0%| F|  |TAMS 0x0000000740200000| PB 0x0000000740200000| Untracked 
| 514|0x0000000740400000, 0x0000000740400000, 0x0000000740600000|  0%| F|  |TAMS 0x0000000740400000| PB 0x0000000740400000| Untracked 
| 515|0x0000000740600000, 0x0000000740600000, 0x0000000740800000|  0%| F|  |TAMS 0x0000000740600000| PB 0x0000000740600000| Untracked 
| 516|0x0000000740800000, 0x0000000740800000, 0x0000000740a00000|  0%| F|  |TAMS 0x0000000740800000| PB 0x0000000740800000| Untracked 
| 517|0x0000000740a00000, 0x0000000740a00000, 0x0000000740c00000|  0%| F|  |TAMS 0x0000000740a00000| PB 0x0000000740a00000| Untracked 
| 518|0x0000000740c00000, 0x0000000740c00000, 0x0000000740e00000|  0%| F|  |TAMS 0x0000000740c00000| PB 0x0000000740c00000| Untracked 
| 519|0x0000000740e00000, 0x0000000740e00000, 0x0000000741000000|  0%| F|  |TAMS 0x0000000740e00000| PB 0x0000000740e00000| Untracked 
| 520|0x0000000741000000, 0x0000000741000000, 0x0000000741200000|  0%| F|  |TAMS 0x0000000741000000| PB 0x0000000741000000| Untracked 
| 521|0x0000000741200000, 0x0000000741200000, 0x0000000741400000|  0%| F|  |TAMS 0x0000000741200000| PB 0x0000000741200000| Untracked 
| 522|0x0000000741400000, 0x0000000741400000, 0x0000000741600000|  0%| F|  |TAMS 0x0000000741400000| PB 0x0000000741400000| Untracked 
| 523|0x0000000741600000, 0x0000000741600000, 0x0000000741800000|  0%| F|  |TAMS 0x0000000741600000| PB 0x0000000741600000| Untracked 
| 524|0x0000000741800000, 0x0000000741800000, 0x0000000741a00000|  0%| F|  |TAMS 0x0000000741800000| PB 0x0000000741800000| Untracked 
| 525|0x0000000741a00000, 0x0000000741a00000, 0x0000000741c00000|  0%| F|  |TAMS 0x0000000741a00000| PB 0x0000000741a00000| Untracked 
| 526|0x0000000741c00000, 0x0000000741c00000, 0x0000000741e00000|  0%| F|  |TAMS 0x0000000741c00000| PB 0x0000000741c00000| Untracked 
| 527|0x0000000741e00000, 0x0000000741e00000, 0x0000000742000000|  0%| F|  |TAMS 0x0000000741e00000| PB 0x0000000741e00000| Untracked 
| 528|0x0000000742000000, 0x0000000742000000, 0x0000000742200000|  0%| F|  |TAMS 0x0000000742000000| PB 0x0000000742000000| Untracked 
| 529|0x0000000742200000, 0x0000000742200000, 0x0000000742400000|  0%| F|  |TAMS 0x0000000742200000| PB 0x0000000742200000| Untracked 
| 530|0x0000000742400000, 0x0000000742400000, 0x0000000742600000|  0%| F|  |TAMS 0x0000000742400000| PB 0x0000000742400000| Untracked 
| 531|0x0000000742600000, 0x0000000742600000, 0x0000000742800000|  0%| F|  |TAMS 0x0000000742600000| PB 0x0000000742600000| Untracked 
| 532|0x0000000742800000, 0x0000000742800000, 0x0000000742a00000|  0%| F|  |TAMS 0x0000000742800000| PB 0x0000000742800000| Untracked 
| 533|0x0000000742a00000, 0x0000000742a00000, 0x0000000742c00000|  0%| F|  |TAMS 0x0000000742a00000| PB 0x0000000742a00000| Untracked 
| 534|0x0000000742c00000, 0x0000000742c00000, 0x0000000742e00000|  0%| F|  |TAMS 0x0000000742c00000| PB 0x0000000742c00000| Untracked 
| 535|0x0000000742e00000, 0x0000000742e00000, 0x0000000743000000|  0%| F|  |TAMS 0x0000000742e00000| PB 0x0000000742e00000| Untracked 
| 536|0x0000000743000000, 0x0000000743000000, 0x0000000743200000|  0%| F|  |TAMS 0x0000000743000000| PB 0x0000000743000000| Untracked 
| 537|0x0000000743200000, 0x0000000743200000, 0x0000000743400000|  0%| F|  |TAMS 0x0000000743200000| PB 0x0000000743200000| Untracked 
| 538|0x0000000743400000, 0x0000000743400000, 0x0000000743600000|  0%| F|  |TAMS 0x0000000743400000| PB 0x0000000743400000| Untracked 
| 539|0x0000000743600000, 0x0000000743600000, 0x0000000743800000|  0%| F|  |TAMS 0x0000000743600000| PB 0x0000000743600000| Untracked 
| 540|0x0000000743800000, 0x0000000743800000, 0x0000000743a00000|  0%| F|  |TAMS 0x0000000743800000| PB 0x0000000743800000| Untracked 
| 541|0x0000000743a00000, 0x0000000743a00000, 0x0000000743c00000|  0%| F|  |TAMS 0x0000000743a00000| PB 0x0000000743a00000| Untracked 
| 542|0x0000000743c00000, 0x0000000743c00000, 0x0000000743e00000|  0%| F|  |TAMS 0x0000000743c00000| PB 0x0000000743c00000| Untracked 
| 543|0x0000000743e00000, 0x0000000743e00000, 0x0000000744000000|  0%| F|  |TAMS 0x0000000743e00000| PB 0x0000000743e00000| Untracked 
| 544|0x0000000744000000, 0x0000000744000000, 0x0000000744200000|  0%| F|  |TAMS 0x0000000744000000| PB 0x0000000744000000| Untracked 
| 545|0x0000000744200000, 0x0000000744200000, 0x0000000744400000|  0%| F|  |TAMS 0x0000000744200000| PB 0x0000000744200000| Untracked 
| 546|0x0000000744400000, 0x0000000744400000, 0x0000000744600000|  0%| F|  |TAMS 0x0000000744400000| PB 0x0000000744400000| Untracked 
| 547|0x0000000744600000, 0x0000000744600000, 0x0000000744800000|  0%| F|  |TAMS 0x0000000744600000| PB 0x0000000744600000| Untracked 
| 548|0x0000000744800000, 0x0000000744800000, 0x0000000744a00000|  0%| F|  |TAMS 0x0000000744800000| PB 0x0000000744800000| Untracked 
| 549|0x0000000744a00000, 0x0000000744a00000, 0x0000000744c00000|  0%| F|  |TAMS 0x0000000744a00000| PB 0x0000000744a00000| Untracked 
| 550|0x0000000744c00000, 0x0000000744c00000, 0x0000000744e00000|  0%| F|  |TAMS 0x0000000744c00000| PB 0x0000000744c00000| Untracked 
| 551|0x0000000744e00000, 0x0000000744e00000, 0x0000000745000000|  0%| F|  |TAMS 0x0000000744e00000| PB 0x0000000744e00000| Untracked 
| 552|0x0000000745000000, 0x0000000745000000, 0x0000000745200000|  0%| F|  |TAMS 0x0000000745000000| PB 0x0000000745000000| Untracked 
| 553|0x0000000745200000, 0x0000000745200000, 0x0000000745400000|  0%| F|  |TAMS 0x0000000745200000| PB 0x0000000745200000| Untracked 
| 554|0x0000000745400000, 0x0000000745400000, 0x0000000745600000|  0%| F|  |TAMS 0x0000000745400000| PB 0x0000000745400000| Untracked 
| 555|0x0000000745600000, 0x0000000745600000, 0x0000000745800000|  0%| F|  |TAMS 0x0000000745600000| PB 0x0000000745600000| Untracked 
| 556|0x0000000745800000, 0x0000000745800000, 0x0000000745a00000|  0%| F|  |TAMS 0x0000000745800000| PB 0x0000000745800000| Untracked 
| 557|0x0000000745a00000, 0x0000000745a00000, 0x0000000745c00000|  0%| F|  |TAMS 0x0000000745a00000| PB 0x0000000745a00000| Untracked 
| 558|0x0000000745c00000, 0x0000000745c00000, 0x0000000745e00000|  0%| F|  |TAMS 0x0000000745c00000| PB 0x0000000745c00000| Untracked 
| 559|0x0000000745e00000, 0x0000000745e00000, 0x0000000746000000|  0%| F|  |TAMS 0x0000000745e00000| PB 0x0000000745e00000| Untracked 
| 560|0x0000000746000000, 0x0000000746000000, 0x0000000746200000|  0%| F|  |TAMS 0x0000000746000000| PB 0x0000000746000000| Untracked 
| 561|0x0000000746200000, 0x0000000746200000, 0x0000000746400000|  0%| F|  |TAMS 0x0000000746200000| PB 0x0000000746200000| Untracked 
| 562|0x0000000746400000, 0x0000000746400000, 0x0000000746600000|  0%| F|  |TAMS 0x0000000746400000| PB 0x0000000746400000| Untracked 
| 563|0x0000000746600000, 0x0000000746600000, 0x0000000746800000|  0%| F|  |TAMS 0x0000000746600000| PB 0x0000000746600000| Untracked 
| 564|0x0000000746800000, 0x0000000746800000, 0x0000000746a00000|  0%| F|  |TAMS 0x0000000746800000| PB 0x0000000746800000| Untracked 
| 565|0x0000000746a00000, 0x0000000746a00000, 0x0000000746c00000|  0%| F|  |TAMS 0x0000000746a00000| PB 0x0000000746a00000| Untracked 
| 566|0x0000000746c00000, 0x0000000746c00000, 0x0000000746e00000|  0%| F|  |TAMS 0x0000000746c00000| PB 0x0000000746c00000| Untracked 
| 567|0x0000000746e00000, 0x0000000746e00000, 0x0000000747000000|  0%| F|  |TAMS 0x0000000746e00000| PB 0x0000000746e00000| Untracked 
| 568|0x0000000747000000, 0x0000000747000000, 0x0000000747200000|  0%| F|  |TAMS 0x0000000747000000| PB 0x0000000747000000| Untracked 
| 569|0x0000000747200000, 0x0000000747200000, 0x0000000747400000|  0%| F|  |TAMS 0x0000000747200000| PB 0x0000000747200000| Untracked 
| 570|0x0000000747400000, 0x0000000747400000, 0x0000000747600000|  0%| F|  |TAMS 0x0000000747400000| PB 0x0000000747400000| Untracked 
| 571|0x0000000747600000, 0x0000000747600000, 0x0000000747800000|  0%| F|  |TAMS 0x0000000747600000| PB 0x0000000747600000| Untracked 
| 572|0x0000000747800000, 0x0000000747800000, 0x0000000747a00000|  0%| F|  |TAMS 0x0000000747800000| PB 0x0000000747800000| Untracked 
| 573|0x0000000747a00000, 0x0000000747a00000, 0x0000000747c00000|  0%| F|  |TAMS 0x0000000747a00000| PB 0x0000000747a00000| Untracked 
| 574|0x0000000747c00000, 0x0000000747c00000, 0x0000000747e00000|  0%| F|  |TAMS 0x0000000747c00000| PB 0x0000000747c00000| Untracked 
| 575|0x0000000747e00000, 0x0000000747e00000, 0x0000000748000000|  0%| F|  |TAMS 0x0000000747e00000| PB 0x0000000747e00000| Untracked 
| 576|0x0000000748000000, 0x0000000748000000, 0x0000000748200000|  0%| F|  |TAMS 0x0000000748000000| PB 0x0000000748000000| Untracked 
| 577|0x0000000748200000, 0x0000000748200000, 0x0000000748400000|  0%| F|  |TAMS 0x0000000748200000| PB 0x0000000748200000| Untracked 
| 578|0x0000000748400000, 0x0000000748400000, 0x0000000748600000|  0%| F|  |TAMS 0x0000000748400000| PB 0x0000000748400000| Untracked 
| 579|0x0000000748600000, 0x0000000748600000, 0x0000000748800000|  0%| F|  |TAMS 0x0000000748600000| PB 0x0000000748600000| Untracked 
| 580|0x0000000748800000, 0x0000000748800000, 0x0000000748a00000|  0%| F|  |TAMS 0x0000000748800000| PB 0x0000000748800000| Untracked 
| 581|0x0000000748a00000, 0x0000000748a00000, 0x0000000748c00000|  0%| F|  |TAMS 0x0000000748a00000| PB 0x0000000748a00000| Untracked 
| 582|0x0000000748c00000, 0x0000000748c00000, 0x0000000748e00000|  0%| F|  |TAMS 0x0000000748c00000| PB 0x0000000748c00000| Untracked 
| 583|0x0000000748e00000, 0x0000000748e00000, 0x0000000749000000|  0%| F|  |TAMS 0x0000000748e00000| PB 0x0000000748e00000| Untracked 
| 584|0x0000000749000000, 0x0000000749000000, 0x0000000749200000|  0%| F|  |TAMS 0x0000000749000000| PB 0x0000000749000000| Untracked 
| 585|0x0000000749200000, 0x0000000749200000, 0x0000000749400000|  0%| F|  |TAMS 0x0000000749200000| PB 0x0000000749200000| Untracked 
| 586|0x0000000749400000, 0x0000000749400000, 0x0000000749600000|  0%| F|  |TAMS 0x0000000749400000| PB 0x0000000749400000| Untracked 
| 587|0x0000000749600000, 0x0000000749600000, 0x0000000749800000|  0%| F|  |TAMS 0x0000000749600000| PB 0x0000000749600000| Untracked 
| 588|0x0000000749800000, 0x0000000749800000, 0x0000000749a00000|  0%| F|  |TAMS 0x0000000749800000| PB 0x0000000749800000| Untracked 
| 589|0x0000000749a00000, 0x0000000749a00000, 0x0000000749c00000|  0%| F|  |TAMS 0x0000000749a00000| PB 0x0000000749a00000| Untracked 
| 590|0x0000000749c00000, 0x0000000749c00000, 0x0000000749e00000|  0%| F|  |TAMS 0x0000000749c00000| PB 0x0000000749c00000| Untracked 
| 591|0x0000000749e00000, 0x0000000749e00000, 0x000000074a000000|  0%| F|  |TAMS 0x0000000749e00000| PB 0x0000000749e00000| Untracked 
| 592|0x000000074a000000, 0x000000074a000000, 0x000000074a200000|  0%| F|  |TAMS 0x000000074a000000| PB 0x000000074a000000| Untracked 
| 593|0x000000074a200000, 0x000000074a200000, 0x000000074a400000|  0%| F|  |TAMS 0x000000074a200000| PB 0x000000074a200000| Untracked 
| 594|0x000000074a400000, 0x000000074a400000, 0x000000074a600000|  0%| F|  |TAMS 0x000000074a400000| PB 0x000000074a400000| Untracked 
| 595|0x000000074a600000, 0x000000074a600000, 0x000000074a800000|  0%| F|  |TAMS 0x000000074a600000| PB 0x000000074a600000| Untracked 
| 596|0x000000074a800000, 0x000000074a800000, 0x000000074aa00000|  0%| F|  |TAMS 0x000000074a800000| PB 0x000000074a800000| Untracked 
| 597|0x000000074aa00000, 0x000000074aa00000, 0x000000074ac00000|  0%| F|  |TAMS 0x000000074aa00000| PB 0x000000074aa00000| Untracked 
| 598|0x000000074ac00000, 0x000000074ac00000, 0x000000074ae00000|  0%| F|  |TAMS 0x000000074ac00000| PB 0x000000074ac00000| Untracked 
| 599|0x000000074ae00000, 0x000000074ae00000, 0x000000074b000000|  0%| F|  |TAMS 0x000000074ae00000| PB 0x000000074ae00000| Untracked 
| 600|0x000000074b000000, 0x000000074b000000, 0x000000074b200000|  0%| F|  |TAMS 0x000000074b000000| PB 0x000000074b000000| Untracked 
| 601|0x000000074b200000, 0x000000074b200000, 0x000000074b400000|  0%| F|  |TAMS 0x000000074b200000| PB 0x000000074b200000| Untracked 
| 602|0x000000074b400000, 0x000000074b400000, 0x000000074b600000|  0%| F|  |TAMS 0x000000074b400000| PB 0x000000074b400000| Untracked 
| 603|0x000000074b600000, 0x000000074b600000, 0x000000074b800000|  0%| F|  |TAMS 0x000000074b600000| PB 0x000000074b600000| Untracked 
| 604|0x000000074b800000, 0x000000074b800000, 0x000000074ba00000|  0%| F|  |TAMS 0x000000074b800000| PB 0x000000074b800000| Untracked 
| 605|0x000000074ba00000, 0x000000074ba00000, 0x000000074bc00000|  0%| F|  |TAMS 0x000000074ba00000| PB 0x000000074ba00000| Untracked 
| 606|0x000000074bc00000, 0x000000074bc00000, 0x000000074be00000|  0%| F|  |TAMS 0x000000074bc00000| PB 0x000000074bc00000| Untracked 
| 607|0x000000074be00000, 0x000000074be00000, 0x000000074c000000|  0%| F|  |TAMS 0x000000074be00000| PB 0x000000074be00000| Untracked 
| 608|0x000000074c000000, 0x000000074c000000, 0x000000074c200000|  0%| F|  |TAMS 0x000000074c000000| PB 0x000000074c000000| Untracked 
| 609|0x000000074c200000, 0x000000074c200000, 0x000000074c400000|  0%| F|  |TAMS 0x000000074c200000| PB 0x000000074c200000| Untracked 
| 610|0x000000074c400000, 0x000000074c400000, 0x000000074c600000|  0%| F|  |TAMS 0x000000074c400000| PB 0x000000074c400000| Untracked 
| 611|0x000000074c600000, 0x000000074c600000, 0x000000074c800000|  0%| F|  |TAMS 0x000000074c600000| PB 0x000000074c600000| Untracked 
| 612|0x000000074c800000, 0x000000074c800000, 0x000000074ca00000|  0%| F|  |TAMS 0x000000074c800000| PB 0x000000074c800000| Untracked 
| 613|0x000000074ca00000, 0x000000074ca00000, 0x000000074cc00000|  0%| F|  |TAMS 0x000000074ca00000| PB 0x000000074ca00000| Untracked 
| 614|0x000000074cc00000, 0x000000074cc00000, 0x000000074ce00000|  0%| F|  |TAMS 0x000000074cc00000| PB 0x000000074cc00000| Untracked 
| 615|0x000000074ce00000, 0x000000074ce00000, 0x000000074d000000|  0%| F|  |TAMS 0x000000074ce00000| PB 0x000000074ce00000| Untracked 
| 616|0x000000074d000000, 0x000000074d000000, 0x000000074d200000|  0%| F|  |TAMS 0x000000074d000000| PB 0x000000074d000000| Untracked 
| 617|0x000000074d200000, 0x000000074d200000, 0x000000074d400000|  0%| F|  |TAMS 0x000000074d200000| PB 0x000000074d200000| Untracked 
| 618|0x000000074d400000, 0x000000074d400000, 0x000000074d600000|  0%| F|  |TAMS 0x000000074d400000| PB 0x000000074d400000| Untracked 
| 619|0x000000074d600000, 0x000000074d600000, 0x000000074d800000|  0%| F|  |TAMS 0x000000074d600000| PB 0x000000074d600000| Untracked 
| 620|0x000000074d800000, 0x000000074d800000, 0x000000074da00000|  0%| F|  |TAMS 0x000000074d800000| PB 0x000000074d800000| Untracked 
| 621|0x000000074da00000, 0x000000074da00000, 0x000000074dc00000|  0%| F|  |TAMS 0x000000074da00000| PB 0x000000074da00000| Untracked 
| 622|0x000000074dc00000, 0x000000074dc00000, 0x000000074de00000|  0%| F|  |TAMS 0x000000074dc00000| PB 0x000000074dc00000| Untracked 
| 623|0x000000074de00000, 0x000000074de00000, 0x000000074e000000|  0%| F|  |TAMS 0x000000074de00000| PB 0x000000074de00000| Untracked 
| 624|0x000000074e000000, 0x000000074e000000, 0x000000074e200000|  0%| F|  |TAMS 0x000000074e000000| PB 0x000000074e000000| Untracked 
| 625|0x000000074e200000, 0x000000074e200000, 0x000000074e400000|  0%| F|  |TAMS 0x000000074e200000| PB 0x000000074e200000| Untracked 
| 626|0x000000074e400000, 0x000000074e400000, 0x000000074e600000|  0%| F|  |TAMS 0x000000074e400000| PB 0x000000074e400000| Untracked 
| 627|0x000000074e600000, 0x000000074e600000, 0x000000074e800000|  0%| F|  |TAMS 0x000000074e600000| PB 0x000000074e600000| Untracked 
| 628|0x000000074e800000, 0x000000074e800000, 0x000000074ea00000|  0%| F|  |TAMS 0x000000074e800000| PB 0x000000074e800000| Untracked 
| 629|0x000000074ea00000, 0x000000074ea00000, 0x000000074ec00000|  0%| F|  |TAMS 0x000000074ea00000| PB 0x000000074ea00000| Untracked 
| 630|0x000000074ec00000, 0x000000074ec00000, 0x000000074ee00000|  0%| F|  |TAMS 0x000000074ec00000| PB 0x000000074ec00000| Untracked 
| 631|0x000000074ee00000, 0x000000074ee00000, 0x000000074f000000|  0%| F|  |TAMS 0x000000074ee00000| PB 0x000000074ee00000| Untracked 
| 632|0x000000074f000000, 0x000000074f000000, 0x000000074f200000|  0%| F|  |TAMS 0x000000074f000000| PB 0x000000074f000000| Untracked 
| 633|0x000000074f200000, 0x000000074f200000, 0x000000074f400000|  0%| F|  |TAMS 0x000000074f200000| PB 0x000000074f200000| Untracked 
| 634|0x000000074f400000, 0x000000074f400000, 0x000000074f600000|  0%| F|  |TAMS 0x000000074f400000| PB 0x000000074f400000| Untracked 
| 635|0x000000074f600000, 0x000000074f600000, 0x000000074f800000|  0%| F|  |TAMS 0x000000074f600000| PB 0x000000074f600000| Untracked 
| 636|0x000000074f800000, 0x000000074f800000, 0x000000074fa00000|  0%| F|  |TAMS 0x000000074f800000| PB 0x000000074f800000| Untracked 
| 637|0x000000074fa00000, 0x000000074fa00000, 0x000000074fc00000|  0%| F|  |TAMS 0x000000074fa00000| PB 0x000000074fa00000| Untracked 
| 638|0x000000074fc00000, 0x000000074fc00000, 0x000000074fe00000|  0%| F|  |TAMS 0x000000074fc00000| PB 0x000000074fc00000| Untracked 
| 639|0x000000074fe00000, 0x000000074fe00000, 0x0000000750000000|  0%| F|  |TAMS 0x000000074fe00000| PB 0x000000074fe00000| Untracked 
|1971|0x00000007f6600000, 0x00000007f6800000, 0x00000007f6800000|100%| O|  |TAMS 0x00000007f6600000| PB 0x00000007f6600000| Untracked 
|1972|0x00000007f6800000, 0x00000007f6800000, 0x00000007f6a00000|  0%| F|  |TAMS 0x00000007f6800000| PB 0x00000007f6800000| Untracked 
|1973|0x00000007f6a00000, 0x00000007f6c00000, 0x00000007f6c00000|100%| O|  |TAMS 0x00000007f6a00000| PB 0x00000007f6a00000| Untracked 
|1974|0x00000007f6c00000, 0x00000007f6e00000, 0x00000007f6e00000|100%| O|  |TAMS 0x00000007f6c00000| PB 0x00000007f6c00000| Untracked 
|1975|0x00000007f6e00000, 0x00000007f7000000, 0x00000007f7000000|100%| O|  |TAMS 0x00000007f6e00000| PB 0x00000007f6e00000| Untracked 
|1976|0x00000007f7000000, 0x00000007f7200000, 0x00000007f7200000|100%| O|  |TAMS 0x00000007f7000000| PB 0x00000007f7000000| Untracked 
|1977|0x00000007f7200000, 0x00000007f7400000, 0x00000007f7400000|100%| O|  |TAMS 0x00000007f7200000| PB 0x00000007f7200000| Untracked 
|1978|0x00000007f7400000, 0x00000007f7600000, 0x00000007f7600000|100%| O|  |TAMS 0x00000007f7400000| PB 0x00000007f7400000| Untracked 
|1979|0x00000007f7600000, 0x00000007f7800000, 0x00000007f7800000|100%| O|  |TAMS 0x00000007f7600000| PB 0x00000007f7600000| Untracked 
|1980|0x00000007f7800000, 0x00000007f7a00000, 0x00000007f7a00000|100%| O|  |TAMS 0x00000007f7800000| PB 0x00000007f7800000| Untracked 
|1981|0x00000007f7a00000, 0x00000007f7c00000, 0x00000007f7c00000|100%| O|  |TAMS 0x00000007f7a00000| PB 0x00000007f7a00000| Untracked 
|1982|0x00000007f7c00000, 0x00000007f7e00000, 0x00000007f7e00000|100%| O|  |TAMS 0x00000007f7c00000| PB 0x00000007f7c00000| Untracked 
|1983|0x00000007f7e00000, 0x00000007f8000000, 0x00000007f8000000|100%| O|  |TAMS 0x00000007f7e00000| PB 0x00000007f7e00000| Untracked 
|1984|0x00000007f8000000, 0x00000007f8000000, 0x00000007f8200000|  0%| F|  |TAMS 0x00000007f8000000| PB 0x00000007f8000000| Untracked 
|1985|0x00000007f8200000, 0x00000007f8200000, 0x00000007f8400000|  0%| F|  |TAMS 0x00000007f8200000| PB 0x00000007f8200000| Untracked 
|1986|0x00000007f8400000, 0x00000007f8400000, 0x00000007f8600000|  0%| F|  |TAMS 0x00000007f8400000| PB 0x00000007f8400000| Untracked 
|1987|0x00000007f8600000, 0x00000007f8600000, 0x00000007f8800000|  0%| F|  |TAMS 0x00000007f8600000| PB 0x00000007f8600000| Untracked 
|1988|0x00000007f8800000, 0x00000007f8800000, 0x00000007f8a00000|  0%| F|  |TAMS 0x00000007f8800000| PB 0x00000007f8800000| Untracked 
|1989|0x00000007f8a00000, 0x00000007f8a00000, 0x00000007f8c00000|  0%| F|  |TAMS 0x00000007f8a00000| PB 0x00000007f8a00000| Untracked 
|1990|0x00000007f8c00000, 0x00000007f8c00000, 0x00000007f8e00000|  0%| F|  |TAMS 0x00000007f8c00000| PB 0x00000007f8c00000| Untracked 
|1991|0x00000007f8e00000, 0x00000007f8e00000, 0x00000007f9000000|  0%| F|  |TAMS 0x00000007f8e00000| PB 0x00000007f8e00000| Untracked 
|1992|0x00000007f9000000, 0x00000007f9000000, 0x00000007f9200000|  0%| F|  |TAMS 0x00000007f9000000| PB 0x00000007f9000000| Untracked 
|1993|0x00000007f9200000, 0x00000007f9200000, 0x00000007f9400000|  0%| F|  |TAMS 0x00000007f9200000| PB 0x00000007f9200000| Untracked 
|1994|0x00000007f9400000, 0x00000007f9400000, 0x00000007f9600000|  0%| F|  |TAMS 0x00000007f9400000| PB 0x00000007f9400000| Untracked 
|1995|0x00000007f9600000, 0x00000007f9600000, 0x00000007f9800000|  0%| F|  |TAMS 0x00000007f9600000| PB 0x00000007f9600000| Untracked 
|1996|0x00000007f9800000, 0x00000007f9800000, 0x00000007f9a00000|  0%| F|  |TAMS 0x00000007f9800000| PB 0x00000007f9800000| Untracked 
|1997|0x00000007f9a00000, 0x00000007f9a00000, 0x00000007f9c00000|  0%| F|  |TAMS 0x00000007f9a00000| PB 0x00000007f9a00000| Untracked 
|1998|0x00000007f9c00000, 0x00000007f9c00000, 0x00000007f9e00000|  0%| F|  |TAMS 0x00000007f9c00000| PB 0x00000007f9c00000| Untracked 
|1999|0x00000007f9e00000, 0x00000007f9e00000, 0x00000007fa000000|  0%| F|  |TAMS 0x00000007f9e00000| PB 0x00000007f9e00000| Untracked 
|2000|0x00000007fa000000, 0x00000007fa000000, 0x00000007fa200000|  0%| F|  |TAMS 0x00000007fa000000| PB 0x00000007fa000000| Untracked 
|2001|0x00000007fa200000, 0x00000007fa200000, 0x00000007fa400000|  0%| F|  |TAMS 0x00000007fa200000| PB 0x00000007fa200000| Untracked 
|2002|0x00000007fa400000, 0x00000007fa400000, 0x00000007fa600000|  0%| F|  |TAMS 0x00000007fa400000| PB 0x00000007fa400000| Untracked 
|2003|0x00000007fa600000, 0x00000007fa7ac348, 0x00000007fa800000| 83%| S|CS|TAMS 0x00000007fa600000| PB 0x00000007fa600000| Complete 
|2004|0x00000007fa800000, 0x00000007faa00000, 0x00000007faa00000|100%| S|CS|TAMS 0x00000007fa800000| PB 0x00000007fa800000| Complete 
|2005|0x00000007faa00000, 0x00000007fac00000, 0x00000007fac00000|100%| S|CS|TAMS 0x00000007faa00000| PB 0x00000007faa00000| Complete 
|2006|0x00000007fac00000, 0x00000007fac00000, 0x00000007fae00000|  0%| F|  |TAMS 0x00000007fac00000| PB 0x00000007fac00000| Untracked 
|2007|0x00000007fae00000, 0x00000007fae00000, 0x00000007fb000000|  0%| F|  |TAMS 0x00000007fae00000| PB 0x00000007fae00000| Untracked 
|2008|0x00000007fb000000, 0x00000007fb000000, 0x00000007fb200000|  0%| F|  |TAMS 0x00000007fb000000| PB 0x00000007fb000000| Untracked 
|2009|0x00000007fb200000, 0x00000007fb200000, 0x00000007fb400000|  0%| F|  |TAMS 0x00000007fb200000| PB 0x00000007fb200000| Untracked 
|2010|0x00000007fb400000, 0x00000007fb400000, 0x00000007fb600000|  0%| F|  |TAMS 0x00000007fb400000| PB 0x00000007fb400000| Untracked 
|2011|0x00000007fb600000, 0x00000007fb600000, 0x00000007fb800000|  0%| F|  |TAMS 0x00000007fb600000| PB 0x00000007fb600000| Untracked 
|2012|0x00000007fb800000, 0x00000007fb800000, 0x00000007fba00000|  0%| F|  |TAMS 0x00000007fb800000| PB 0x00000007fb800000| Untracked 
|2013|0x00000007fba00000, 0x00000007fba00000, 0x00000007fbc00000|  0%| F|  |TAMS 0x00000007fba00000| PB 0x00000007fba00000| Untracked 
|2014|0x00000007fbc00000, 0x00000007fbc00000, 0x00000007fbe00000|  0%| F|  |TAMS 0x00000007fbc00000| PB 0x00000007fbc00000| Untracked 
|2015|0x00000007fbe00000, 0x00000007fbe00000, 0x00000007fc000000|  0%| F|  |TAMS 0x00000007fbe00000| PB 0x00000007fbe00000| Untracked 
|2016|0x00000007fc000000, 0x00000007fc200000, 0x00000007fc200000|100%| O|Cm|TAMS 0x00000007fc000000| PB 0x00000007fc000000| Complete 
|2017|0x00000007fc200000, 0x00000007fc400000, 0x00000007fc400000|100%| O|  |TAMS 0x00000007fc200000| PB 0x00000007fc200000| Untracked 
|2018|0x00000007fc400000, 0x00000007fc400000, 0x00000007fc600000|  0%| F|  |TAMS 0x00000007fc400000| PB 0x00000007fc400000| Untracked 
|2019|0x00000007fc600000, 0x00000007fc600000, 0x00000007fc800000|  0%| F|  |TAMS 0x00000007fc600000| PB 0x00000007fc600000| Untracked 
|2020|0x00000007fc800000, 0x00000007fc800000, 0x00000007fca00000|  0%| F|  |TAMS 0x00000007fc800000| PB 0x00000007fc800000| Untracked 
|2021|0x00000007fca00000, 0x00000007fca00000, 0x00000007fcc00000|  0%| F|  |TAMS 0x00000007fca00000| PB 0x00000007fca00000| Untracked 
|2022|0x00000007fcc00000, 0x00000007fcc00000, 0x00000007fce00000|  0%| F|  |TAMS 0x00000007fcc00000| PB 0x00000007fcc00000| Untracked 
|2023|0x00000007fce00000, 0x00000007fce00000, 0x00000007fd000000|  0%| F|  |TAMS 0x00000007fce00000| PB 0x00000007fce00000| Untracked 
|2024|0x00000007fd000000, 0x00000007fd000000, 0x00000007fd200000|  0%| F|  |TAMS 0x00000007fd000000| PB 0x00000007fd000000| Untracked 
|2025|0x00000007fd200000, 0x00000007fd200000, 0x00000007fd400000|  0%| F|  |TAMS 0x00000007fd200000| PB 0x00000007fd200000| Untracked 
|2026|0x00000007fd400000, 0x00000007fd400000, 0x00000007fd600000|  0%| F|  |TAMS 0x00000007fd400000| PB 0x00000007fd400000| Untracked 
|2027|0x00000007fd600000, 0x00000007fd603f88, 0x00000007fd800000|  0%| E|  |TAMS 0x00000007fd600000| PB 0x00000007fd600000| Complete 
|2028|0x00000007fd800000, 0x00000007fda00000, 0x00000007fda00000|100%| E|CS|TAMS 0x00000007fd800000| PB 0x00000007fd800000| Complete 
|2029|0x00000007fda00000, 0x00000007fdc00000, 0x00000007fdc00000|100%| E|CS|TAMS 0x00000007fda00000| PB 0x00000007fda00000| Complete 
|2030|0x00000007fdc00000, 0x00000007fde00000, 0x00000007fde00000|100%| E|CS|TAMS 0x00000007fdc00000| PB 0x00000007fdc00000| Complete 
|2031|0x00000007fde00000, 0x00000007fe000000, 0x00000007fe000000|100%| E|CS|TAMS 0x00000007fde00000| PB 0x00000007fde00000| Complete 
|2032|0x00000007fe000000, 0x00000007fe200000, 0x00000007fe200000|100%| E|CS|TAMS 0x00000007fe000000| PB 0x00000007fe000000| Complete 
|2033|0x00000007fe200000, 0x00000007fe400000, 0x00000007fe400000|100%| E|CS|TAMS 0x00000007fe200000| PB 0x00000007fe200000| Complete 
|2034|0x00000007fe400000, 0x00000007fe600000, 0x00000007fe600000|100%| E|CS|TAMS 0x00000007fe400000| PB 0x00000007fe400000| Complete 
|2035|0x00000007fe600000, 0x00000007fe800000, 0x00000007fe800000|100%| E|CS|TAMS 0x00000007fe600000| PB 0x00000007fe600000| Complete 
|2036|0x00000007fe800000, 0x00000007fea00000, 0x00000007fea00000|100%| E|CS|TAMS 0x00000007fe800000| PB 0x00000007fe800000| Complete 
|2037|0x00000007fea00000, 0x00000007fec00000, 0x00000007fec00000|100%| E|CS|TAMS 0x00000007fea00000| PB 0x00000007fea00000| Complete 
|2038|0x00000007fec00000, 0x00000007fee00000, 0x00000007fee00000|100%| E|CS|TAMS 0x00000007fec00000| PB 0x00000007fec00000| Complete 
|2039|0x00000007fee00000, 0x00000007ff000000, 0x00000007ff000000|100%| E|CS|TAMS 0x00000007fee00000| PB 0x00000007fee00000| Complete 
|2040|0x00000007ff000000, 0x00000007ff200000, 0x00000007ff200000|100%| E|CS|TAMS 0x00000007ff000000| PB 0x00000007ff000000| Complete 
|2041|0x00000007ff200000, 0x00000007ff400000, 0x00000007ff400000|100%| O|  |TAMS 0x00000007ff200000| PB 0x00000007ff200000| Untracked 
|2042|0x00000007ff400000, 0x00000007ff600000, 0x00000007ff600000|100%| E|CS|TAMS 0x00000007ff400000| PB 0x00000007ff400000| Complete 
|2043|0x00000007ff600000, 0x00000007ff800000, 0x00000007ff800000|100%| E|CS|TAMS 0x00000007ff600000| PB 0x00000007ff600000| Complete 
|2044|0x00000007ff800000, 0x00000007ffa00000, 0x00000007ffa00000|100%| O|  |TAMS 0x00000007ff800000| PB 0x00000007ff800000| Untracked 
|2045|0x00000007ffa00000, 0x00000007ffc00000, 0x00000007ffc00000|100%| O|  |TAMS 0x00000007ffa00000| PB 0x00000007ffa00000| Untracked 
|2046|0x00000007ffc00000, 0x00000007ffe00000, 0x00000007ffe00000|100%| O|  |TAMS 0x00000007ffc00000| PB 0x00000007ffc00000| Untracked 
|2047|0x00000007ffe00000, 0x0000000800000000, 0x0000000800000000|100%| O|  |TAMS 0x00000007ffe00000| PB 0x00000007ffe00000| Untracked 

Card table byte_map: [0x0000023641c10000,0x0000023642410000] _byte_map_base: 0x000002363e410000

Marking Bits: (CMBitMap*) 0x000002362efdd4d0
 Bits: [0x0000023642410000, 0x0000023646410000)

Polling page: 0x000002362cbc0000

Metaspace:

Usage:
  Non-class:    301.20 MB used.
      Class:     41.92 MB used.
       Both:    343.12 MB used.

Virtual space:
  Non-class space:      320.00 MB reserved,     302.69 MB ( 95%) committed,  5 nodes.
      Class space:        1.00 GB reserved,      43.44 MB (  4%) committed,  1 nodes.
             Both:        1.31 GB reserved,     346.12 MB ( 26%) committed. 

Chunk freelists:
   Non-Class:  864.00 KB
       Class:  4.41 MB
        Both:  5.25 MB

MaxMetaspaceSize: unlimited
CompressedClassSpaceSize: 1.00 GB
Initial GC threshold: 21.00 MB
Current GC threshold: 575.25 MB
CDS: off
 - commit_granule_bytes: 65536.
 - commit_granule_words: 8192.
 - virtual_space_node_default_size: 8388608.
 - enlarge_chunks_in_place: 1.
 - use_allocation_guard: 0.


Internal statistics:

num_allocs_failed_limit: 12.
num_arena_births: 6342.
num_arena_deaths: 12.
num_vsnodes_births: 6.
num_vsnodes_deaths: 0.
num_space_committed: 5622.
num_space_uncommitted: 51.
num_chunks_returned_to_freelist: 397.
num_chunks_taken_from_freelist: 20957.
num_chunk_merges: 108.
num_chunk_splits: 14895.
num_chunks_enlarged: 10782.
num_inconsistent_stats: 0.

CodeHeap 'non-profiled nmethods': size=120000Kb used=28117Kb max_used=28117Kb free=91882Kb
 bounds [0x0000023639ba0000, 0x000002363b730000, 0x00000236410d0000]
CodeHeap 'profiled nmethods': size=120000Kb used=91496Kb max_used=92704Kb free=28503Kb
 bounds [0x00000236320d0000, 0x0000023637c30000, 0x0000023639600000]
CodeHeap 'non-nmethods': size=5760Kb used=2931Kb max_used=2997Kb free=2829Kb
 bounds [0x0000023639600000, 0x0000023639900000, 0x0000023639ba0000]
CodeCache: size=245760Kb, used=122544Kb, max_used=123818Kb, free=123214Kb
 total_blobs=28684, nmethods=27294, adapters=1289, full_count=0
Compilation: enabled, stopped_count=0, restarted_count=0

Compilation events (20 events):
Event: 325.304 Thread 0x000002364d0732e0 57867       3       org.jetbrains.kotlin.fir.types.FunctionalTypeUtilsKt::isSuspendOrKSuspendFunctionType (75 bytes)
Event: 325.306 Thread 0x000002364d0732e0 nmethod 57867 0x0000023635c65c10 code [0x0000023635c66000, 0x0000023635c678b0]
Event: 325.346 Thread 0x000002364d0732e0 57868       3       org.jetbrains.kotlin.fir.declarations.utils.FirDeclarationUtilKt::getNameOrSpecialName (60 bytes)
Event: 325.347 Thread 0x000002364d0732e0 nmethod 57868 0x0000023637359d10 code [0x000002363735a060, 0x000002363735b3b8]
Event: 325.361 Thread 0x000002364d0732e0 57871       1       org.jetbrains.kotlin.fir.expressions.impl.FirIntegerLiteralOperatorCallImpl::getSource (5 bytes)
Event: 325.361 Thread 0x000002364d0732e0 nmethod 57871 0x000002363a461e90 code [0x000002363a462020, 0x000002363a4620f0]
Event: 325.361 Thread 0x000002364d0732e0 57872       1       org.jetbrains.kotlin.fir.expressions.impl.FirIntegerLiteralOperatorCallImpl::getTypeArguments-5e3fPpI (5 bytes)
Event: 325.361 Thread 0x000002364d0732e0 nmethod 57872 0x000002363a46f490 code [0x000002363a46f620, 0x000002363a46f6f0]
Event: 325.361 Thread 0x000002364d0732e0 57873       1       org.jetbrains.kotlin.fir.expressions.impl.FirIntegerLiteralOperatorCallImpl::getArgumentList (5 bytes)
Event: 325.362 Thread 0x000002364d0732e0 nmethod 57873 0x000002363a470390 code [0x000002363a470520, 0x000002363a4705f0]
Event: 325.363 Thread 0x000002364d0732e0 57874       3       org.jetbrains.kotlin.fir.analysis.checkers.expression.FirSuspendCallChecker::findEnclosingSuspendFunction (177 bytes)
Event: 325.365 Thread 0x000002364d0732e0 nmethod 57874 0x0000023636d9aa90 code [0x0000023636d9adc0, 0x0000023636d9c5d8]
Event: 325.365 Thread 0x000002364d0732e0 57875       3       org.jetbrains.kotlin.fir.analysis.checkers.expression.FirSuspendCallChecker::checkNonLocalReturnUsage (97 bytes)
Event: 325.366 Thread 0x000002364d0732e0 nmethod 57875 0x0000023636982e10 code [0x00000236369831e0, 0x0000023636984e70]
Event: 325.435 Thread 0x000002364d0732e0 57877   !   3       org.jetbrains.kotlin.resolve.DataClassResolver::isComponentLike (36 bytes)
Event: 325.438 Thread 0x000002364d0732e0 nmethod 57877 0x00000236346d5610 code [0x00000236346d5940, 0x00000236346d68c8]
Event: 325.462 Thread 0x000002364d0732e0 57878       3       org.jetbrains.kotlin.resolve.DataClassResolver::isComponentLike (21 bytes)
Event: 325.463 Thread 0x000002364d0732e0 nmethod 57878 0x00000236357e9590 code [0x00000236357e97e0, 0x00000236357e9f10]
Event: 325.463 Thread 0x000002364d0732e0 57879   !   3       org.jetbrains.kotlin.fir.analysis.checkers.expression.ExpressionCheckersDiagnosticComponent::visitCheckedSafeCallSubject (245 bytes)
Event: 325.465 Thread 0x000002364d0732e0 nmethod 57879 0x000002363473a510 code [0x000002363473a8c0, 0x000002363473bf00]

GC Heap History (20 events):
Event: 277.581 GC heap before
{Heap before GC invocations=118 (full 0):
 garbage-first heap   total 1245184K, used 659712K [0x0000000700000000, 0x0000000800000000)
  region size 2048K, 98 young (200704K), 7 survivors (14336K)
 Metaspace       used 345679K, committed 349184K, reserved 1376256K
  class space    used 42548K, committed 44480K, reserved 1048576K
}
Event: 277.710 GC heap after
{Heap after GC invocations=119 (full 0):
 garbage-first heap   total 1245184K, used 483319K [0x0000000700000000, 0x0000000800000000)
  region size 2048K, 13 young (26624K), 13 survivors (26624K)
 Metaspace       used 345679K, committed 349184K, reserved 1376256K
  class space    used 42548K, committed 44480K, reserved 1048576K
}
Event: 281.328 GC heap before
{Heap before GC invocations=119 (full 0):
 garbage-first heap   total 1245184K, used 595959K [0x0000000700000000, 0x0000000800000000)
  region size 2048K, 68 young (139264K), 13 survivors (26624K)
 Metaspace       used 345806K, committed 349312K, reserved 1376256K
  class space    used 42555K, committed 44480K, reserved 1048576K
}
Event: 282.312 GC heap after
{Heap after GC invocations=120 (full 0):
 garbage-first heap   total 1245184K, used 489096K [0x0000000700000000, 0x0000000800000000)
  region size 2048K, 4 young (8192K), 4 survivors (8192K)
 Metaspace       used 345806K, committed 349312K, reserved 1376256K
  class space    used 42555K, committed 44480K, reserved 1048576K
}
Event: 283.641 GC heap before
{Heap before GC invocations=120 (full 0):
 garbage-first heap   total 1245184K, used 542344K [0x0000000700000000, 0x0000000800000000)
  region size 2048K, 30 young (61440K), 4 survivors (8192K)
 Metaspace       used 345832K, committed 349312K, reserved 1376256K
  class space    used 42555K, committed 44480K, reserved 1048576K
}
Event: 283.962 GC heap after
{Heap after GC invocations=121 (full 0):
 garbage-first heap   total 1468416K, used 488608K [0x0000000700000000, 0x0000000800000000)
  region size 2048K, 2 young (4096K), 2 survivors (4096K)
 Metaspace       used 345832K, committed 349312K, reserved 1376256K
  class space    used 42555K, committed 44480K, reserved 1048576K
}
Event: 285.789 GC heap before
{Heap before GC invocations=121 (full 0):
 garbage-first heap   total 1468416K, used 556192K [0x0000000700000000, 0x0000000800000000)
  region size 2048K, 35 young (71680K), 2 survivors (4096K)
 Metaspace       used 345857K, committed 349312K, reserved 1376256K
  class space    used 42557K, committed 44480K, reserved 1048576K
}
Event: 285.900 GC heap after
{Heap after GC invocations=122 (full 0):
 garbage-first heap   total 1468416K, used 490349K [0x0000000700000000, 0x0000000800000000)
  region size 2048K, 3 young (6144K), 3 survivors (6144K)
 Metaspace       used 345857K, committed 349312K, reserved 1376256K
  class space    used 42557K, committed 44480K, reserved 1048576K
}
Event: 291.880 GC heap before
{Heap before GC invocations=122 (full 0):
 garbage-first heap   total 1468416K, used 777069K [0x0000000700000000, 0x0000000800000000)
  region size 2048K, 143 young (292864K), 3 survivors (6144K)
 Metaspace       used 346006K, committed 349504K, reserved 1376256K
  class space    used 42565K, committed 44480K, reserved 1048576K
}
Event: 292.045 GC heap after
{Heap after GC invocations=123 (full 0):
 garbage-first heap   total 1468416K, used 501460K [0x0000000700000000, 0x0000000800000000)
  region size 2048K, 8 young (16384K), 8 survivors (16384K)
 Metaspace       used 346006K, committed 349504K, reserved 1376256K
  class space    used 42565K, committed 44480K, reserved 1048576K
}
Event: 294.096 GC heap before
{Heap before GC invocations=123 (full 0):
 garbage-first heap   total 1468416K, used 624340K [0x0000000700000000, 0x0000000800000000)
  region size 2048K, 68 young (139264K), 8 survivors (16384K)
 Metaspace       used 346070K, committed 349568K, reserved 1376256K
  class space    used 42565K, committed 44480K, reserved 1048576K
}
Event: 294.149 GC heap after
{Heap after GC invocations=124 (full 0):
 garbage-first heap   total 1468416K, used 508130K [0x0000000700000000, 0x0000000800000000)
  region size 2048K, 4 young (8192K), 4 survivors (8192K)
 Metaspace       used 346070K, committed 349568K, reserved 1376256K
  class space    used 42565K, committed 44480K, reserved 1048576K
}
Event: 304.011 GC heap before
{Heap before GC invocations=124 (full 0):
 garbage-first heap   total 1468416K, used 692450K [0x0000000700000000, 0x0000000800000000)
  region size 2048K, 95 young (194560K), 4 survivors (8192K)
 Metaspace       used 349011K, committed 352128K, reserved 1376256K
  class space    used 42860K, committed 44480K, reserved 1048576K
}
Event: 304.118 GC heap after
{Heap after GC invocations=125 (full 0):
 garbage-first heap   total 1468416K, used 520466K [0x0000000700000000, 0x0000000800000000)
  region size 2048K, 10 young (20480K), 10 survivors (20480K)
 Metaspace       used 349011K, committed 352128K, reserved 1376256K
  class space    used 42860K, committed 44480K, reserved 1048576K
}
Event: 318.023 GC heap before
{Heap before GC invocations=126 (full 0):
 garbage-first heap   total 1468416K, used 629010K [0x0000000700000000, 0x0000000800000000)
  region size 2048K, 63 young (129024K), 10 survivors (20480K)
 Metaspace       used 350924K, committed 353984K, reserved 1376256K
  class space    used 42906K, committed 44480K, reserved 1048576K
}
Event: 318.469 GC heap after
{Heap after GC invocations=127 (full 0):
 garbage-first heap   total 1468416K, used 525049K [0x0000000700000000, 0x0000000800000000)
  region size 2048K, 3 young (6144K), 3 survivors (6144K)
 Metaspace       used 350924K, committed 353984K, reserved 1376256K
  class space    used 42906K, committed 44480K, reserved 1048576K
}
Event: 321.340 GC heap before
{Heap before GC invocations=127 (full 0):
 garbage-first heap   total 1468416K, used 590585K [0x0000000700000000, 0x0000000800000000)
  region size 2048K, 35 young (71680K), 3 survivors (6144K)
 Metaspace       used 351078K, committed 354176K, reserved 1376256K
  class space    used 42916K, committed 44480K, reserved 1048576K
}
Event: 321.399 GC heap after
{Heap after GC invocations=128 (full 0):
 garbage-first heap   total 1468416K, used 523903K [0x0000000700000000, 0x0000000800000000)
  region size 2048K, 3 young (6144K), 3 survivors (6144K)
 Metaspace       used 351078K, committed 354176K, reserved 1376256K
  class space    used 42916K, committed 44480K, reserved 1048576K
}
Event: 324.598 GC heap before
{Heap before GC invocations=128 (full 0):
 garbage-first heap   total 1468416K, used 589439K [0x0000000700000000, 0x0000000800000000)
  region size 2048K, 35 young (71680K), 3 survivors (6144K)
 Metaspace       used 351263K, committed 354304K, reserved 1376256K
  class space    used 42923K, committed 44480K, reserved 1048576K
}
Event: 324.663 GC heap after
{Heap after GC invocations=129 (full 0):
 garbage-first heap   total 1468416K, used 522320K [0x0000000700000000, 0x0000000800000000)
  region size 2048K, 3 young (6144K), 3 survivors (6144K)
 Metaspace       used 351263K, committed 354304K, reserved 1376256K
  class space    used 42923K, committed 44480K, reserved 1048576K
}

Dll operation events (4 events):
Event: 0.027 Loaded shared library C:\Program Files\Android\Android Studio\jbr\bin\java.dll
Event: 0.037 Loaded shared library C:\Program Files\Android\Android Studio\jbr\bin\zip.dll
Event: 2.427 Loaded shared library C:\Program Files\Android\Android Studio\jbr\bin\verify.dll
Event: 246.837 Unloaded dll "C:\Users\kenne\AppData\Local\Temp\sqlite-3.41.2.2-8c89e784-aac1-46d3-b8f4-e3c7abe30bdf-sqlitejdbc.dll" [0x00007fff28f40000]

Deoptimization events (20 events):
Event: 325.090 Thread 0x000002366707aff0 Uncommon trap: trap_request=0xffffff45 fr.pc=0x000002363b7203b8 relative=0x0000000000000438
Event: 325.090 Thread 0x000002366707aff0 Uncommon trap: reason=unstable_if action=reinterpret pc=0x000002363b7203b8 method=org.jetbrains.kotlin.fir.analysis.jvm.checkers.declaration.FirJvmInvalidAndDangerousCharactersChecker.check(Lorg/jetbrains/kotlin/fir/analysis/checkers/context/CheckerContex
Event: 325.090 Thread 0x000002366707aff0 DEOPT PACKING pc=0x000002363b7203b8 sp=0x00000079bb7fd470
Event: 325.090 Thread 0x000002366707aff0 DEOPT UNPACKING pc=0x0000023639657ba2 sp=0x00000079bb7fd3f0 mode 2
Event: 325.130 Thread 0x000002366707aff0 Uncommon trap: trap_request=0xffffff66 fr.pc=0x000002363ac26054 relative=0x0000000000000ad4
Event: 325.130 Thread 0x000002366707aff0 Uncommon trap: reason=speculate_class_check action=maybe_recompile pc=0x000002363ac26054 method=org.jetbrains.kotlin.fir.analysis.cfa.util.PropertyInitializationInfoCollector.visitEdge(Lorg/jetbrains/kotlin/fir/resolve/dfa/cfg/CFGNode;Lorg/jetbrains/kotli
Event: 325.130 Thread 0x000002366707aff0 DEOPT PACKING pc=0x000002363ac26054 sp=0x00000079bb7fcc00
Event: 325.130 Thread 0x000002366707aff0 DEOPT UNPACKING pc=0x0000023639657ba2 sp=0x00000079bb7fcb68 mode 2
Event: 325.223 Thread 0x000002366707aff0 Uncommon trap: trap_request=0xffffff45 fr.pc=0x000002363ac3347c relative=0x00000000000006fc
Event: 325.223 Thread 0x000002366707aff0 Uncommon trap: reason=unstable_if action=reinterpret pc=0x000002363ac3347c method=org.jetbrains.kotlin.fir.analysis.jvm.checkers.expression.FirJvmInlineTargetQualifiedAccessChecker.check(Lorg/jetbrains/kotlin/fir/analysis/checkers/context/CheckerContext;L
Event: 325.223 Thread 0x000002366707aff0 DEOPT PACKING pc=0x000002363ac3347c sp=0x00000079bb7fb970
Event: 325.223 Thread 0x000002366707aff0 DEOPT UNPACKING pc=0x0000023639657ba2 sp=0x00000079bb7fb878 mode 2
Event: 325.223 Thread 0x000002366707aff0 Uncommon trap: trap_request=0xffffff45 fr.pc=0x000002363b69cf78 relative=0x00000000000017b8
Event: 325.223 Thread 0x000002366707aff0 Uncommon trap: reason=unstable_if action=reinterpret pc=0x000002363b69cf78 method=org.jetbrains.kotlin.fir.analysis.jvm.checkers.expression.FirJvmProtectedInSuperClassCompanionCallChecker.check(Lorg/jetbrains/kotlin/fir/analysis/checkers/context/CheckerCo
Event: 325.223 Thread 0x000002366707aff0 DEOPT PACKING pc=0x000002363b69cf78 sp=0x00000079bb7fb940
Event: 325.223 Thread 0x000002366707aff0 DEOPT UNPACKING pc=0x0000023639657ba2 sp=0x00000079bb7fb8a8 mode 2
Event: 325.257 Thread 0x000002366707aff0 Uncommon trap: trap_request=0xffffff45 fr.pc=0x000002363ac7014c relative=0x00000000000006cc
Event: 325.257 Thread 0x000002366707aff0 Uncommon trap: reason=unstable_if action=reinterpret pc=0x000002363ac7014c method=org.jetbrains.kotlin.fir.analysis.jvm.checkers.expression.FirJvmInlineTargetQualifiedAccessChecker.check(Lorg/jetbrains/kotlin/fir/analysis/checkers/context/CheckerContext;L
Event: 325.257 Thread 0x000002366707aff0 DEOPT PACKING pc=0x000002363ac7014c sp=0x00000079bb7f8a50
Event: 325.257 Thread 0x000002366707aff0 DEOPT UNPACKING pc=0x0000023639657ba2 sp=0x00000079bb7f89d0 mode 2

Classes loaded (20 events):
Event: 183.996 Loading class java/lang/reflect/InaccessibleObjectException
Event: 183.998 Loading class java/lang/reflect/InaccessibleObjectException done
Event: 184.030 Loading class sun/misc/VM
Event: 184.030 Loading class sun/misc/VM done
Event: 184.689 Loading class sun/nio/fs/WindowsSecurity$Privilege
Event: 184.690 Loading class sun/nio/fs/WindowsSecurity$Privilege done
Event: 184.977 Loading class java/util/WeakHashMap$KeyIterator
Event: 184.978 Loading class java/util/WeakHashMap$HashIterator
Event: 184.979 Loading class java/util/WeakHashMap$HashIterator done
Event: 184.979 Loading class java/util/WeakHashMap$KeyIterator done
Event: 187.713 Loading class java/lang/reflect/Executable$ParameterData
Event: 187.714 Loading class java/lang/reflect/Executable$ParameterData done
Event: 188.896 Loading class java/rmi/RemoteException
Event: 188.898 Loading class java/rmi/RemoteException done
Event: 188.919 Loading class java/util/concurrent/Executors$AutoShutdownDelegatedExecutorService
Event: 188.923 Loading class java/util/concurrent/Executors$AutoShutdownDelegatedExecutorService done
Event: 299.822 Loading class java/text/MessageFormat
Event: 299.972 Loading class java/text/MessageFormat done
Event: 301.130 Loading class java/text/ChoiceFormat
Event: 301.153 Loading class java/text/ChoiceFormat done

Classes unloaded (20 events):
Event: 242.636 Thread 0x0000023648e88f40 Unloading class 0x00000008022a6b58 'androidx/room/compiler/processing/ksp/KspProcessingEnv$jvmVersion$2'
Event: 242.636 Thread 0x0000023648e88f40 Unloading class 0x00000008022a66b8 'androidx/room/compiler/processing/XProcessingEnv$Platform'
Event: 242.636 Thread 0x0000023648e88f40 Unloading class 0x00000008022a6440 'androidx/room/compiler/processing/ksp/KspProcessingEnv$jvmPlatformInfo$2'
Event: 242.636 Thread 0x0000023648e88f40 Unloading class 0x00000008022a5fa0 'androidx/room/compiler/processing/XProcessingEnv$Backend'
Event: 242.637 Thread 0x0000023648e88f40 Unloading class 0x00000008022a5d68 'androidx/room/compiler/processing/XProcessingEnv$Companion'
Event: 242.637 Thread 0x0000023648e88f40 Unloading class 0x00000008022a59a0 'androidx/room/compiler/processing/ksp/KspProcessingEnv'
Event: 242.637 Thread 0x0000023648e88f40 Unloading class 0x00000008022a5770 'androidx/room/compiler/processing/XProcessingEnv'
Event: 242.637 Thread 0x0000023648e88f40 Unloading class 0x00000008022a54f8 'androidx/room/compiler/processing/ksp/KspBasicAnnotationProcessor$DelegateLogger'
Event: 242.637 Thread 0x0000023648e88f40 Unloading class 0x00000008022a5050 'androidx/room/processor/Context$BooleanProcessorOptions'
Event: 242.637 Thread 0x0000023648e88f40 Unloading class 0x00000008022a4e10 'androidx/room/compiler/processing/XProcessingEnvConfig$Builder'
Event: 242.637 Thread 0x0000023648e88f40 Unloading class 0x00000008022a4bd8 'androidx/room/compiler/processing/XProcessingEnvConfig$Companion'
Event: 242.637 Thread 0x0000023648e88f40 Unloading class 0x00000008022a49a0 'androidx/room/compiler/processing/XProcessingEnvConfig'
Event: 242.637 Thread 0x0000023648e88f40 Unloading class 0x00000008022a4768 'androidx/room/DatabaseProcessingStep$Companion'
Event: 242.638 Thread 0x0000023648e88f40 Unloading class 0x00000008022a44f0 'androidx/room/DatabaseProcessingStep'
Event: 242.638 Thread 0x0000023648e88f40 Unloading class 0x00000008022a42c0 'androidx/room/compiler/processing/XProcessingStep'
Event: 242.638 Thread 0x0000023648e88f40 Unloading class 0x00000008022a4000 'androidx/room/RoomKspProcessor'
Event: 242.638 Thread 0x0000023648e88f40 Unloading class 0x0000000802298400 'androidx/room/compiler/processing/ksp/KspBasicAnnotationProcessor'
Event: 242.639 Thread 0x0000023648e88f40 Unloading class 0x0000000801ba34a0 'androidx/room/compiler/processing/XBasicAnnotationProcessor'
Event: 242.639 Thread 0x0000023648e88f40 Unloading class 0x0000000801ba3250 'com/squareup/moshi/kotlin/codegen/ksp/JsonClassSymbolProcessorProvider'
Event: 242.639 Thread 0x0000023648e88f40 Unloading class 0x0000000801ba3000 'androidx/room/RoomKspProcessor$Provider'

Classes redefined (0 events):
No events

Internal exceptions (20 events):
Event: 249.000 Thread 0x000002364e546d40 Exception <a 'sun/nio/fs/WindowsException'{0x00000007f9e14bb0}> (0x00000007f9e14bb0) 
thrown [s\src\hotspot\share\prims\jni.cpp, line 537]
Event: 257.319 Thread 0x000002366707aff0 Implicit null exception at 0x000002363ad19ce8 to 0x000002363ad19eac
Event: 257.321 Thread 0x000002366707aff0 Implicit null exception at 0x000002363ad501b8 to 0x000002363ad504c0
Event: 259.000 Thread 0x000002364e546d40 Exception <a 'sun/nio/fs/WindowsException'{0x00000007fe4696d8}> (0x00000007fe4696d8) 
thrown [s\src\hotspot\share\prims\jni.cpp, line 537]
Event: 269.028 Thread 0x000002364e546d40 Exception <a 'sun/nio/fs/WindowsException'{0x00000007fc87e1e8}> (0x00000007fc87e1e8) 
thrown [s\src\hotspot\share\prims\jni.cpp, line 537]
Event: 279.003 Thread 0x000002364e546d40 Exception <a 'sun/nio/fs/WindowsException'{0x00000007fbd69a68}> (0x00000007fbd69a68) 
thrown [s\src\hotspot\share\prims\jni.cpp, line 537]
Event: 288.985 Thread 0x000002364e546d40 Exception <a 'sun/nio/fs/WindowsException'{0x00000007f908b7a0}> (0x00000007f908b7a0) 
thrown [s\src\hotspot\share\prims\jni.cpp, line 537]
Event: 293.621 Thread 0x000002366707aff0 Implicit null exception at 0x000002363a70dbda to 0x000002363a70dc2c
Event: 298.988 Thread 0x000002364e546d40 Exception <a 'sun/nio/fs/WindowsException'{0x000000074c38cb68}> (0x000000074c38cb68) 
thrown [s\src\hotspot\share\prims\jni.cpp, line 537]
Event: 304.306 Thread 0x000002366707aff0 Implicit null exception at 0x000002363b1dede3 to 0x000002363b1defac
Event: 308.456 Thread 0x000002366707aff0 Implicit null exception at 0x000002363b5935e9 to 0x000002363b5937b0
Event: 308.459 Thread 0x000002366707aff0 Implicit null exception at 0x000002363b583847 to 0x000002363b5839af
Event: 309.001 Thread 0x000002364e546d40 Exception <a 'sun/nio/fs/WindowsException'{0x00000007fd85c998}> (0x00000007fd85c998) 
thrown [s\src\hotspot\share\prims\jni.cpp, line 537]
Event: 310.015 Thread 0x000002366707aff0 Implicit null exception at 0x000002363a389bac to 0x000002363a38a8fc
Event: 310.252 Thread 0x000002366707aff0 Implicit null exception at 0x000002363b58a7f4 to 0x000002363b58a818
Event: 318.646 Thread 0x000002366707aff0 Implicit null exception at 0x000002363b174343 to 0x000002363b175018
Event: 319.014 Thread 0x000002364e546d40 Exception <a 'sun/nio/fs/WindowsException'{0x00000007fea72628}> (0x00000007fea72628) 
thrown [s\src\hotspot\share\prims\jni.cpp, line 537]
Event: 322.253 Thread 0x000002366707aff0 Implicit null exception at 0x000002363b1844dd to 0x000002363b1854e0
Event: 325.223 Thread 0x000002366707aff0 Implicit null exception at 0x000002363ac3306c to 0x000002363ac33440
Event: 325.257 Thread 0x000002366707aff0 Implicit null exception at 0x000002363ac6fd54 to 0x000002363ac7011c

ZGC Phase Switch (0 events):
No events

VM Operations (20 events):
Event: 319.479 Executing safepoint VM operation: Cleanup
Event: 319.479 Executing safepoint VM operation: Cleanup done
Event: 320.482 Executing safepoint VM operation: Cleanup
Event: 320.537 Executing safepoint VM operation: Cleanup done
Event: 321.339 Executing safepoint VM operation: G1CollectForAllocation (G1 Evacuation Pause)
Event: 321.399 Executing safepoint VM operation: G1CollectForAllocation (G1 Evacuation Pause) done
Event: 322.213 Executing non-safepoint VM operation: HandshakeAllThreads (Deoptimize)
Event: 322.214 Executing non-safepoint VM operation: HandshakeAllThreads (Deoptimize) done
Event: 322.238 Executing non-safepoint VM operation: HandshakeAllThreads (Deoptimize)
Event: 322.238 Executing non-safepoint VM operation: HandshakeAllThreads (Deoptimize) done
Event: 323.244 Executing safepoint VM operation: Cleanup
Event: 323.245 Executing safepoint VM operation: Cleanup done
Event: 324.066 Executing non-safepoint VM operation: HandshakeAllThreads (Deoptimize)
Event: 324.067 Executing non-safepoint VM operation: HandshakeAllThreads (Deoptimize) done
Event: 324.080 Executing non-safepoint VM operation: HandshakeAllThreads (Deoptimize)
Event: 324.080 Executing non-safepoint VM operation: HandshakeAllThreads (Deoptimize) done
Event: 324.557 Executing safepoint VM operation: ICBufferFull
Event: 324.558 Executing safepoint VM operation: ICBufferFull done
Event: 324.592 Executing safepoint VM operation: G1CollectForAllocation (G1 Evacuation Pause)
Event: 324.663 Executing safepoint VM operation: G1CollectForAllocation (G1 Evacuation Pause) done

Memory protections (0 events):
No events

Nmethod flushes (20 events):
Event: 309.909 Thread 0x0000023648e88f40 flushing  nmethod 0x000002363687fd10
Event: 309.909 Thread 0x0000023648e88f40 flushing  nmethod 0x0000023636881890
Event: 309.909 Thread 0x0000023648e88f40 flushing  nmethod 0x0000023636883210
Event: 309.909 Thread 0x0000023648e88f40 flushing  nmethod 0x0000023636887190
Event: 309.909 Thread 0x0000023648e88f40 flushing  nmethod 0x0000023636887d10
Event: 309.909 Thread 0x0000023648e88f40 flushing  nmethod 0x00000236368e5590
Event: 309.909 Thread 0x0000023648e88f40 flushing  nmethod 0x00000236368e7c90
Event: 309.909 Thread 0x0000023648e88f40 flushing  nmethod 0x00000236368eb290
Event: 309.909 Thread 0x0000023648e88f40 flushing  nmethod 0x00000236368f0310
Event: 309.909 Thread 0x0000023648e88f40 flushing  nmethod 0x00000236368f3710
Event: 309.909 Thread 0x0000023648e88f40 flushing  nmethod 0x00000236368f3b10
Event: 309.909 Thread 0x0000023648e88f40 flushing  nmethod 0x00000236368f4290
Event: 309.909 Thread 0x0000023648e88f40 flushing  nmethod 0x00000236368f4990
Event: 309.909 Thread 0x0000023648e88f40 flushing  nmethod 0x00000236369e2410
Event: 309.909 Thread 0x0000023648e88f40 flushing  nmethod 0x0000023636c7b990
Event: 309.909 Thread 0x0000023648e88f40 flushing  nmethod 0x0000023636c80b90
Event: 309.909 Thread 0x0000023648e88f40 flushing  nmethod 0x0000023636c89510
Event: 309.909 Thread 0x0000023648e88f40 flushing  nmethod 0x0000023636c92b10
Event: 309.909 Thread 0x0000023648e88f40 flushing  nmethod 0x0000023636eba590
Event: 309.909 Thread 0x0000023648e88f40 flushing  nmethod 0x0000023636ef8990

Events (20 events):
Event: 181.069 Thread 0x000002366d784430 Thread exited: 0x000002366d784430
Event: 184.947 Thread 0x000002365c41c3f0 Thread added: 0x000002365ba7d340
Event: 184.950 Thread 0x000002365c41c3f0 Thread added: 0x000002365ba7ed80
Event: 185.965 Thread 0x000002365ba7d340 Thread exited: 0x000002365ba7d340
Event: 185.966 Thread 0x000002365ba7ed80 Thread exited: 0x000002365ba7ed80
Event: 186.010 Thread 0x000002364e99fdd0 Thread added: 0x000002366541e4b0
Event: 188.928 Thread 0x000002365bff29e0 Thread added: 0x000002366707aff0
Event: 189.859 Thread 0x000002364e99fdd0 Thread added: 0x000002365cc024b0
Event: 190.124 Thread 0x000002364e99fdd0 Thread added: 0x000002365cc02b40
Event: 192.375 Thread 0x00000236531e6fc0 Thread exited: 0x00000236531e6fc0
Event: 200.988 Thread 0x00000236630b4bd0 Thread exited: 0x00000236630b4bd0
Event: 209.532 Thread 0x000002366707c3a0 Thread exited: 0x000002366707c3a0
Event: 218.144 Thread 0x00000236531e7ce0 Thread exited: 0x00000236531e7ce0
Event: 225.237 Thread 0x00000236665e42f0 Thread added: 0x000002364e0c21b0
Event: 226.582 Thread 0x000002364e0c21b0 Thread exited: 0x000002364e0c21b0
Event: 229.879 Thread 0x00000236665e42f0 Thread added: 0x00000236531e5580
Event: 231.038 Thread 0x00000236531e5580 Thread exited: 0x00000236531e5580
Event: 252.033 Thread 0x000002366541e4b0 Thread exited: 0x000002366541e4b0
Event: 252.033 Thread 0x000002365cc02b40 Thread exited: 0x000002365cc02b40
Event: 252.223 Thread 0x000002365cc024b0 Thread exited: 0x000002365cc024b0


Dynamic libraries:
0x00007ff7731d0000 - 0x00007ff7731da000 	C:\Program Files\Android\Android Studio\jbr\bin\java.exe
0x00007fff575a0000 - 0x00007fff57807000 	C:\WINDOWS\SYSTEM32\ntdll.dll
0x00007fff55480000 - 0x00007fff55549000 	C:\WINDOWS\System32\KERNEL32.DLL
0x00007fff54600000 - 0x00007fff549f4000 	C:\WINDOWS\System32\KERNELBASE.dll
0x00007fff540a0000 - 0x00007fff541eb000 	C:\WINDOWS\System32\ucrtbase.dll
0x00007fff40bb0000 - 0x00007fff40bc8000 	C:\Program Files\Android\Android Studio\jbr\bin\jli.dll
0x00007fff3a9e0000 - 0x00007fff3a9fb000 	C:\Program Files\Android\Android Studio\jbr\bin\VCRUNTIME140.dll
0x00007fff55ff0000 - 0x00007fff561b5000 	C:\WINDOWS\System32\USER32.dll
0x00007fff37830000 - 0x00007fff37ac3000 	C:\WINDOWS\WinSxS\amd64_microsoft.windows.common-controls_6595b64144ccf1df_6.0.26100.8115_none_3e075c82e3354f9c\COMCTL32.dll
0x00007fff54520000 - 0x00007fff54547000 	C:\WINDOWS\System32\win32u.dll
0x00007fff559d0000 - 0x00007fff55a79000 	C:\WINDOWS\System32\msvcrt.dll
0x00007fff55450000 - 0x00007fff5547b000 	C:\WINDOWS\System32\GDI32.dll
0x00007fff543f0000 - 0x00007fff5451b000 	C:\WINDOWS\System32\gdi32full.dll
0x00007fff54550000 - 0x00007fff545f3000 	C:\WINDOWS\System32\msvcp_win.dll
0x00007fff56770000 - 0x00007fff567a2000 	C:\WINDOWS\System32\IMM32.DLL
0x00007fff511a0000 - 0x00007fff511ac000 	C:\Program Files\Android\Android Studio\jbr\bin\vcruntime140_1.dll
0x00007fff0f9b0000 - 0x00007fff0fa3d000 	C:\Program Files\Android\Android Studio\jbr\bin\msvcp140.dll
0x00007ffed2bb0000 - 0x00007ffed3846000 	C:\Program Files\Android\Android Studio\jbr\bin\server\jvm.dll
0x00007fff57380000 - 0x00007fff57436000 	C:\WINDOWS\System32\ADVAPI32.dll
0x00007fff55c10000 - 0x00007fff55cb7000 	C:\WINDOWS\System32\sechost.dll
0x00007fff56650000 - 0x00007fff56768000 	C:\WINDOWS\System32\RPCRT4.dll
0x00007fff574d0000 - 0x00007fff57550000 	C:\WINDOWS\System32\WS2_32.dll
0x00007fff45750000 - 0x00007fff4575b000 	C:\WINDOWS\SYSTEM32\VERSION.dll
0x00007fff4c0b0000 - 0x00007fff4c0e6000 	C:\WINDOWS\SYSTEM32\WINMM.dll
0x00007fff53cf0000 - 0x00007fff53d4e000 	C:\WINDOWS\SYSTEM32\POWRPROF.dll
0x00007fff53cd0000 - 0x00007fff53ce4000 	C:\WINDOWS\SYSTEM32\UMPDC.dll
0x00007fff52c00000 - 0x00007fff52c1b000 	C:\WINDOWS\SYSTEM32\kernel.appcore.dll
0x00007fff45480000 - 0x00007fff4548a000 	C:\Program Files\Android\Android Studio\jbr\bin\jimage.dll
0x00007fff51cc0000 - 0x00007fff51f02000 	C:\WINDOWS\SYSTEM32\DBGHELP.DLL
0x00007fff55640000 - 0x00007fff559c2000 	C:\WINDOWS\System32\combase.dll
0x00007fff55dc0000 - 0x00007fff55e98000 	C:\WINDOWS\System32\OLEAUT32.dll
0x00007fff429f0000 - 0x00007fff42a2b000 	C:\WINDOWS\SYSTEM32\dbgcore.DLL
0x00007fff53e70000 - 0x00007fff53f15000 	C:\WINDOWS\System32\bcryptPrimitives.dll
0x00007fff3a8d0000 - 0x00007fff3a8de000 	C:\Program Files\Android\Android Studio\jbr\bin\instrument.dll
0x00007fff3a9a0000 - 0x00007fff3a9c0000 	C:\Program Files\Android\Android Studio\jbr\bin\java.dll
0x00007fff36730000 - 0x00007fff36748000 	C:\Program Files\Android\Android Studio\jbr\bin\zip.dll
0x00007fff56a20000 - 0x00007fff57187000 	C:\WINDOWS\System32\SHELL32.dll
0x00007fff541f0000 - 0x00007fff5435a000 	C:\WINDOWS\System32\wintypes.dll
0x00007fff54a00000 - 0x00007fff55268000 	C:\WINDOWS\System32\windows.storage.dll
0x00007fff55cc0000 - 0x00007fff55db8000 	C:\WINDOWS\System32\SHCORE.dll
0x00007fff55550000 - 0x00007fff555b6000 	C:\WINDOWS\System32\shlwapi.dll
0x00007fff53d90000 - 0x00007fff53db9000 	C:\WINDOWS\SYSTEM32\profapi.dll
0x00007fff45160000 - 0x00007fff45170000 	C:\Program Files\Android\Android Studio\jbr\bin\net.dll
0x00007fff45b30000 - 0x00007fff45c5d000 	C:\WINDOWS\SYSTEM32\WINHTTP.dll
0x00007fff53170000 - 0x00007fff531dc000 	C:\WINDOWS\system32\mswsock.dll
0x00007fff23e00000 - 0x00007fff23e16000 	C:\Program Files\Android\Android Studio\jbr\bin\nio.dll
0x00007fff39c60000 - 0x00007fff39c70000 	C:\Program Files\Android\Android Studio\jbr\bin\verify.dll
0x00007fff223b0000 - 0x00007fff223d7000 	C:\Users\kenne\.gradle\native\660c5614fbf4a5f2a75b1949f50a0caf5cd603558e7d8a26e50b933a0cfb79d1\windows-amd64\native-platform.dll
0x00007ffef70d0000 - 0x00007ffef7147000 	C:\Users\kenne\.gradle\native\0.2.8\x86_64-windows-gnu\gradle-fileevents.dll
0x00007fff36a70000 - 0x00007fff36a79000 	C:\Program Files\Android\Android Studio\jbr\bin\management.dll
0x00007fff360d0000 - 0x00007fff360db000 	C:\Program Files\Android\Android Studio\jbr\bin\management_ext.dll
0x00007fff55440000 - 0x00007fff55448000 	C:\WINDOWS\System32\PSAPI.DLL
0x00007fff525b0000 - 0x00007fff525e2000 	C:\WINDOWS\SYSTEM32\IPHLPAPI.DLL
0x00007fff57370000 - 0x00007fff5737a000 	C:\WINDOWS\System32\NSI.dll
0x00007fff40dd0000 - 0x00007fff40dd9000 	C:\Program Files\Android\Android Studio\jbr\bin\extnet.dll
0x00007fff53460000 - 0x00007fff5347b000 	C:\WINDOWS\SYSTEM32\CRYPTSP.dll
0x00007fff52b60000 - 0x00007fff52b99000 	C:\WINDOWS\system32\rsaenh.dll
0x00007fff53220000 - 0x00007fff53253000 	C:\WINDOWS\SYSTEM32\USERENV.dll
0x00007fff53d60000 - 0x00007fff53d8a000 	C:\WINDOWS\SYSTEM32\bcrypt.dll
0x00007fff53450000 - 0x00007fff5345c000 	C:\WINDOWS\SYSTEM32\CRYPTBASE.dll
0x00007fff2b3f0000 - 0x00007fff2b3f8000 	C:\WINDOWS\system32\wshunix.dll
0x00007fff52d20000 - 0x00007fff52d56000 	C:\WINDOWS\SYSTEM32\ntmarta.dll
0x00007ffed8660000 - 0x00007ffed87f9000 	C:\Program Files\Android\Android Studio\jbr\bin\awt.dll
0x00007fff51700000 - 0x00007fff5172f000 	C:\WINDOWS\SYSTEM32\dwmapi.dll
0x00007fff19c10000 - 0x00007fff19c86000 	C:\WINDOWS\SYSTEM32\OLEACC.dll
0x00007fff36270000 - 0x00007fff362b4000 	C:\Program Files\Android\Android Studio\jbr\bin\nvdaControllerClient64.dll
0x00007fff51200000 - 0x00007fff5129f000 	C:\WINDOWS\SYSTEM32\apphelp.dll
0x00007fff51420000 - 0x00007fff514c9000 	C:\WINDOWS\system32\uxtheme.dll
0x00007fff55ab0000 - 0x00007fff55c0c000 	C:\WINDOWS\System32\MSCTF.dll
0x00007fff56880000 - 0x00007fff56a17000 	C:\WINDOWS\System32\ole32.dll

JVMTI agents:
C:\Users\kenne\.gradle\wrapper\dists\gradle-9.3.1-bin\23ovyewtku6u96viwx3xl3oks\gradle-9.3.1\lib\agents\gradle-instrumentation-agent-9.3.1.jar path:C:\Program Files\Android\Android Studio\jbr\bin\instrument.dll, loaded, initialized, instrumentlib options:none

dbghelp: loaded successfully - version: 4.0.5 - missing functions: none
symbol engine: initialized successfully - sym options: 0x614 - pdb path: .;C:\Program Files\Android\Android Studio\jbr\bin;C:\WINDOWS\SYSTEM32;C:\WINDOWS\WinSxS\amd64_microsoft.windows.common-controls_6595b64144ccf1df_6.0.26100.8115_none_3e075c82e3354f9c;C:\Program Files\Android\Android Studio\jbr\bin\server;C:\Users\kenne\.gradle\native\660c5614fbf4a5f2a75b1949f50a0caf5cd603558e7d8a26e50b933a0cfb79d1\windows-amd64;C:\Users\kenne\.gradle\native\0.2.8\x86_64-windows-gnu;C:\Users\kenne\AppData\Local\Temp

VM Arguments:
jvm_args: --add-opens=java.base/java.lang=ALL-UNNAMED --add-opens=java.base/java.lang.invoke=ALL-UNNAMED --add-opens=java.base/java.util=ALL-UNNAMED --add-opens=java.prefs/java.util.prefs=ALL-UNNAMED --add-exports=jdk.compiler/com.sun.tools.javac.api=ALL-UNNAMED --add-exports=jdk.compiler/com.sun.tools.javac.util=ALL-UNNAMED --add-opens=java.base/java.util=ALL-UNNAMED --add-opens=java.prefs/java.util.prefs=ALL-UNNAMED --add-opens=java.base/java.nio.charset=ALL-UNNAMED --add-opens=java.base/java.net=ALL-UNNAMED --add-opens=java.base/java.util.concurrent=ALL-UNNAMED --add-opens=java.base/java.util.concurrent.atomic=ALL-UNNAMED --add-opens=java.xml/javax.xml.namespace=ALL-UNNAMED --add-opens=java.base/java.time=ALL-UNNAMED -Xmx4g -Dfile.encoding=UTF-8 -Duser.country=BR -Duser.language=pt -Duser.variant -javaagent:C:\Users\kenne\.gradle\wrapper\dists\gradle-9.3.1-bin\23ovyewtku6u96viwx3xl3oks\gradle-9.3.1\lib\agents\gradle-instrumentation-agent-9.3.1.jar 
java_command: org.gradle.launcher.daemon.bootstrap.GradleDaemon 9.3.1
java_class_path (initial): C:\Users\kenne\.gradle\wrapper\dists\gradle-9.3.1-bin\23ovyewtku6u96viwx3xl3oks\gradle-9.3.1\lib\gradle-daemon-main-9.3.1.jar
Launcher Type: SUN_STANDARD

[Global flags]
     intx CICompilerCount                          = 4                                         {product} {ergonomic}
     uint ConcGCThreads                            = 2                                         {product} {ergonomic}
     uint G1ConcRefinementThreads                  = 8                                         {product} {ergonomic}
   size_t G1HeapRegionSize                         = 2097152                                   {product} {ergonomic}
    uintx GCDrainStackTargetSize                   = 64                                        {product} {ergonomic}
   size_t InitialHeapSize                          = 130023424                                 {product} {ergonomic}
   size_t MarkStackSize                            = 4194304                                   {product} {ergonomic}
   size_t MaxHeapSize                              = 4294967296                                {product} {command line}
   size_t MaxNewSize                               = 2575302656                                {product} {ergonomic}
   size_t MinHeapDeltaBytes                        = 2097152                                   {product} {ergonomic}
   size_t MinHeapSize                              = 8388608                                   {product} {ergonomic}
    uintx NonNMethodCodeHeapSize                   = 5839372                                {pd product} {ergonomic}
    uintx NonProfiledCodeHeapSize                  = 122909434                              {pd product} {ergonomic}
    uintx ProfiledCodeHeapSize                     = 122909434                              {pd product} {ergonomic}
    uintx ReservedCodeCacheSize                    = 251658240                              {pd product} {ergonomic}
     bool SegmentedCodeCache                       = true                                      {product} {ergonomic}
   size_t SoftMaxHeapSize                          = 4294967296                             {manageable} {ergonomic}
     bool UseCompressedOops                        = true                           {product lp64_product} {ergonomic}
     bool UseG1GC                                  = true                                      {product} {ergonomic}
     bool UseLargePagesIndividualAllocation        = false                                  {pd product} {ergonomic}

Logging:
Log output configuration:
 #0: stdout all=warning uptime,level,tags foldmultilines=false
 #1: stderr all=off uptime,level,tags foldmultilines=false

Release file:
JAVA_VERSION="21.0.10" 
MODULES="java.base java.compiler java.datatransfer java.xml java.prefs java.desktop java.instrument java.logging java.management java.security.sasl java.naming java.rmi java.management.rmi java.net.http java.scripting java.security.jgss java.transaction.xa java.sql java.sql.rowset java.xml.crypto java.se java.smartcardio jdk.accessibility jdk.internal.jvmstat jdk.attach jdk.charsets jdk.internal.opt jdk.zipfs jdk.compiler jdk.crypto.ec jdk.crypto.cryptoki jdk.dynalink jdk.hotspot.agent jdk.httpserver jdk.internal.ed jdk.internal.le jdk.internal.vm.ci jdk.jartool jdk.javadoc jdk.jcmd jdk.jdeps jdk.jdwp.agent jdk.jdi jdk.jfr jdk.jlink jdk.jsobject jdk.localedata jdk.management jdk.management.agent jdk.management.jfr jdk.naming.dns jdk.naming.rmi jdk.net jdk.sctp jdk.security.auth jdk.security.jgss jdk.unsupported jdk.unsupported.desktop jdk.xml.dom" 
IMPLEMENTOR="JetBrains s.r.o." 
JAVA_RUNTIME_VERSION="21.0.10+-14961533-b1163.108" 
LIBC="default" 
OS_ARCH="x86_64" 
OS_NAME="Windows" 
SOURCE=".:git:1351622c2ff2" 

Environment Variables:
JAVA_HOME=C:\Program Files\Android\Android Studio\jbr
PATH=C:/Users/kenne/.gemini/antigravity-ide/bin;C:\WINDOWS\system32;C:\WINDOWS;C:\WINDOWS\System32\Wbem;C:\WINDOWS\System32\WindowsPowerShell\v1.0\;C:\WINDOWS\System32\OpenSSH\;C:\Program Files\dotnet\;C:\Users\kenne\adb-fastboot\platform-tools;C:\Program Files\nodejs\;C:\Program Files\Git\cmd;C:\Users\kenne\AppData\Local\Microsoft\WindowsApps;C:\Users\kenne\AppData\Roaming\npm;C:\Users\kenne\AppData\Local\Programs\Antigravity IDE\bin;C:\Users\kenne\AppData\AndroidCLI;C:\Users\kenne\.local\bin
USERNAME=kenne
OS=Windows_NT
PROCESSOR_IDENTIFIER=Intel64 Family 6 Model 140 Stepping 2, GenuineIntel
TMP=C:\Users\kenne\AppData\Local\Temp
TEMP=C:\Users\kenne\AppData\Local\Temp




Periodic native trim disabled

JNI global refs:
JNI global refs: 55, weak refs: 15

JNI global refs memory usage: 835, weak refs: 833

Process memory usage:
Resident Set Size: 365460K (4% of 8121124K total physical memory with 236124K free physical memory)

OOME stack traces (most recent first):
Classloader memory used:
Loader java.net.URLClassLoader                                                         : 123M
Loader org.gradle.internal.classloader.VisitableURLClassLoader                         : 117M
Loader org.gradle.internal.classloader.VisitableURLClassLoader$InstrumentingVisitableURLClassLoader: 47926K
Loader bootstrap                                                                       : 35488K
Loader org.gradle.initialization.MixInLegacyTypesClassLoader                           : 16557K
Loader jdk.internal.reflect.DelegatingClassLoader                                      : 1619K
Loader jdk.internal.jrtfs.JrtFileSystemProvider$JrtFsLoader                            : 1001K
Loader jdk.internal.loader.ClassLoaders$PlatformClassLoader                            : 611K
Loader org.gradle.internal.classloader.VisitableURLClassLoader                         : 411K
Loader jdk.internal.loader.ClassLoaders$AppClassLoader                                 : 231K

