#
# There is insufficient memory for the Java Runtime Environment to continue.
# Native memory allocation (mmap) failed to map 639631360 bytes. Error detail: G1 virtual space
# Possible reasons:
#   The system is out of physical RAM or swap space
#   This process is running with CompressedOops enabled, and the Java Heap may be blocking the growth of the native heap
# Possible solutions:
#   Reduce memory load on the system
#   Increase physical memory or swap space
#   Check if swap backing store is full
#   Decrease Java heap size (-Xmx/-Xms)
#   Decrease number of Java threads
#   Decrease Java thread stack sizes (-Xss)
#   Set larger code cache with -XX:ReservedCodeCacheSize=
#   JVM is running with Zero Based Compressed Oops mode in which the Java heap is
#     placed in the first 32GB address space. The Java Heap base address is the
#     maximum limit for the native heap growth. Please use -XX:HeapBaseMinAddress
#     to set the Java Heap base and to place the Java Heap above 32GB virtual address.
# This output file may be truncated or incomplete.
#
#  Out of Memory Error (os_windows.cpp:3926), pid=34616, tid=14468
#
# JRE version: OpenJDK Runtime Environment (21.0.10) (build 21.0.10+-14961533-b1163.108)
# Java VM: OpenJDK 64-Bit Server VM (21.0.10+-14961533-b1163.108, mixed mode, tiered, compressed oops, compressed class ptrs, g1 gc, windows-amd64)
# No core dump will be written. Minidumps are not enabled by default on client versions of Windows
#

---------------  S U M M A R Y ------------

Command Line: --add-opens=java.base/java.lang=ALL-UNNAMED --add-opens=java.base/java.lang.invoke=ALL-UNNAMED --add-opens=java.base/java.util=ALL-UNNAMED --add-opens=java.prefs/java.util.prefs=ALL-UNNAMED --add-exports=jdk.compiler/com.sun.tools.javac.api=ALL-UNNAMED --add-exports=jdk.compiler/com.sun.tools.javac.util=ALL-UNNAMED --add-opens=java.base/java.util=ALL-UNNAMED --add-opens=java.prefs/java.util.prefs=ALL-UNNAMED --add-opens=java.base/java.nio.charset=ALL-UNNAMED --add-opens=java.base/java.net=ALL-UNNAMED --add-opens=java.base/java.util.concurrent=ALL-UNNAMED --add-opens=java.base/java.util.concurrent.atomic=ALL-UNNAMED --add-opens=java.xml/javax.xml.namespace=ALL-UNNAMED --add-opens=java.base/java.time=ALL-UNNAMED -Xmx4g -Dfile.encoding=UTF-8 -Duser.country=BR -Duser.language=pt -Duser.variant -javaagent:C:\Users\kenne\.gradle\wrapper\dists\gradle-9.3.1-bin\23ovyewtku6u96viwx3xl3oks\gradle-9.3.1\lib\agents\gradle-instrumentation-agent-9.3.1.jar org.gradle.launcher.daemon.bootstrap.GradleDaemon 9.3.1

Host: 11th Gen Intel(R) Core(TM) i5-11320H @ 3.20GHz, 8 cores, 7G,  Windows 11 , 64 bit Build 26100 (10.0.26100.8246)
Time: Sat Jun 20 00:51:42 2026 Hora oficial do Brasil elapsed time: 86.722988 seconds (0d 0h 1m 26s)

---------------  T H R E A D  ---------------

Current thread (0x0000025de2ff35a0):  VMThread "VM Thread"          [id=14468, stack(0x0000009127000000,0x0000009127100000) (1024K)]

Stack: [0x0000009127000000,0x0000009127100000]
Native frames: (J=compiled Java code, j=interpreted, Vv=VM code, C=native code)
V  [jvm.dll+0x6d78a9]
V  [jvm.dll+0x8665b3]
V  [jvm.dll+0x868bde]
V  [jvm.dll+0x8692c3]
V  [jvm.dll+0x280ee6]
V  [jvm.dll+0x6d4165]
V  [jvm.dll+0x6c77fa]
V  [jvm.dll+0x358f4b]
V  [jvm.dll+0x360bc6]
V  [jvm.dll+0x3b2ea6]
V  [jvm.dll+0x3b3178]
V  [jvm.dll+0x32b65c]
V  [jvm.dll+0x32b6e7]
V  [jvm.dll+0x3715cc]
V  [jvm.dll+0x36fd7e]
V  [jvm.dll+0x32adb1]
V  [jvm.dll+0x36f480]
V  [jvm.dll+0x86f048]
V  [jvm.dll+0x870394]
V  [jvm.dll+0x8708d0]
V  [jvm.dll+0x870b63]
V  [jvm.dll+0x80fd28]
V  [jvm.dll+0x6d60fd]
C  [ucrtbase.dll+0x37b0]
C  [KERNEL32.DLL+0x2e8d7]
C  [ntdll.dll+0x8c3fc]

VM_Operation (0x000000912d0fb300): G1CollectForAllocation, mode: safepoint, requested by thread 0x0000025debef2840


---------------  P R O C E S S  ---------------

Threads class SMR info:
_java_thread_list=0x0000025df8ae8cd0, length=91, elements={
0x0000025dc90dcca0, 0x0000025de316ac40, 0x0000025de317ea20, 0x0000025de317f480,
0x0000025de31a1aa0, 0x0000025de31a2500, 0x0000025de31a3ad0, 0x0000025de31a50a0,
0x0000025de31b8ca0, 0x0000025de31b9740, 0x0000025de344e160, 0x0000025de8fc9140,
0x0000025dea138960, 0x0000025de8b0a550, 0x0000025de98f8840, 0x0000025de8689dc0,
0x0000025de8b09700, 0x0000025de8ad5720, 0x0000025de8ad4370, 0x0000025de8ad6440,
0x0000025de8ad5090, 0x0000025de8ad6ad0, 0x0000025de8ad4a00, 0x0000025de8ad5db0,
0x0000025deabb1fd0, 0x0000025deabb0c20, 0x0000025deabb12b0, 0x0000025deabb1940,
0x0000025deabb2cf0, 0x0000025deabb3380, 0x0000025deabb0590, 0x0000025deabb5450,
0x0000025deabb4730, 0x0000025deabb4dc0, 0x0000025deabb5ae0, 0x0000025deabb6800,
0x0000025deabb7520, 0x0000025deabb6170, 0x0000025deabb7bb0, 0x0000025deccbe730,
0x0000025deccc0800, 0x0000025deccbfae0, 0x0000025deccbe0a0, 0x0000025deccc0e90,
0x0000025deccc0170, 0x0000025deccbda10, 0x0000025deb2bb540, 0x0000025debef1b20,
0x0000025debef5630, 0x0000025debef5cc0, 0x0000025deb2be330, 0x0000025deb2baeb0,
0x0000025deb2bf6e0, 0x0000025def4ca370, 0x0000025def4c82a0, 0x0000025def4c8930,
0x0000025def4c9650, 0x0000025def4caa00, 0x0000025def4c9ce0, 0x0000025def4c7580,
0x0000025def4cc440, 0x0000025def4cd160, 0x0000025def4cbdb0, 0x0000025def4ccad0,
0x0000025def4cde80, 0x0000025def4cd7f0, 0x0000025def4ce510, 0x0000025def4ceba0,
0x0000025def4cb720, 0x0000025debef6350, 0x0000025debef2ed0, 0x0000025debef69e0,
0x0000025debef3560, 0x0000025dec135a40, 0x0000025dec1325c0, 0x0000025dec134000,
0x0000025dec1381a0, 0x0000025dec137b10, 0x0000025dec1360d0, 0x0000025dec139550,
0x0000025dec139be0, 0x0000025dec136760, 0x0000025df4cc57a0, 0x0000025df4cc36d0,
0x0000025deece18a0, 0x0000025deecdf7d0, 0x0000025deece1f30, 0x0000025debef4280,
0x0000025debef2840, 0x0000025df87f6050, 0x0000025dfe609000
}

Java Threads: ( => current thread )
  0x0000025dc90dcca0 JavaThread "main"                              [_thread_blocked, id=40800, stack(0x0000009126900000,0x0000009126a00000) (1024K)]
  0x0000025de316ac40 JavaThread "Common-Cleaner"             daemon [_thread_blocked, id=45940, stack(0x0000009127100000,0x0000009127200000) (1024K)]
  0x0000025de317ea20 JavaThread "Reference Handler"          daemon [_thread_blocked, id=35404, stack(0x0000009127200000,0x0000009127300000) (1024K)]
  0x0000025de317f480 JavaThread "Finalizer"                  daemon [_thread_blocked, id=5600, stack(0x0000009127300000,0x0000009127400000) (1024K)]
  0x0000025de31a1aa0 JavaThread "Signal Dispatcher"          daemon [_thread_blocked, id=34500, stack(0x0000009127400000,0x0000009127500000) (1024K)]
  0x0000025de31a2500 JavaThread "Attach Listener"            daemon [_thread_blocked, id=40364, stack(0x0000009127500000,0x0000009127600000) (1024K)]
  0x0000025de31a3ad0 JavaThread "Service Thread"             daemon [_thread_blocked, id=32568, stack(0x0000009127600000,0x0000009127700000) (1024K)]
  0x0000025de31a50a0 JavaThread "Monitor Deflation Thread"   daemon [_thread_blocked, id=34652, stack(0x0000009127700000,0x0000009127800000) (1024K)]
  0x0000025de31b8ca0 JavaThread "C2 CompilerThread0"         daemon [_thread_blocked, id=17988, stack(0x0000009127800000,0x0000009127900000) (1024K)]
  0x0000025de31b9740 JavaThread "C1 CompilerThread0"         daemon [_thread_blocked, id=18528, stack(0x0000009127900000,0x0000009127a00000) (1024K)]
  0x0000025de344e160 JavaThread "Notification Thread"        daemon [_thread_blocked, id=4172, stack(0x0000009127a00000,0x0000009127b00000) (1024K)]
  0x0000025de8fc9140 JavaThread "Daemon health stats"               [_thread_blocked, id=35532, stack(0x0000009128100000,0x0000009128200000) (1024K)]
  0x0000025dea138960 JavaThread "Incoming local TCP Connector on port 62940"        [_thread_in_native, id=38000, stack(0x0000009128200000,0x0000009128300000) (1024K)]
  0x0000025de8b0a550 JavaThread "Daemon periodic checks"            [_thread_blocked, id=12012, stack(0x0000009128300000,0x0000009128400000) (1024K)]
  0x0000025de98f8840 JavaThread "Daemon"                            [_thread_blocked, id=46964, stack(0x0000009128400000,0x0000009128500000) (1024K)]
  0x0000025de8689dc0 JavaThread "Handler for socket connection from /127.0.0.1:62940 to /127.0.0.1:62941"        [_thread_in_native, id=28720, stack(0x0000009128500000,0x0000009128600000) (1024K)]
  0x0000025de8b09700 JavaThread "Cancel handler"                    [_thread_blocked, id=12676, stack(0x0000009128600000,0x0000009128700000) (1024K)]
  0x0000025de8ad5720 JavaThread "Daemon worker"                     [_thread_blocked, id=9412, stack(0x0000009128700000,0x0000009128800000) (1024K)]
  0x0000025de8ad4370 JavaThread "Asynchronous log dispatcher for DefaultDaemonConnection: socket connection from /127.0.0.1:62940 to /127.0.0.1:62941"        [_thread_blocked, id=1376, stack(0x0000009128800000,0x0000009128900000) (1024K)]
  0x0000025de8ad6440 JavaThread "Stdin handler"                     [_thread_blocked, id=31832, stack(0x0000009128900000,0x0000009128a00000) (1024K)]
  0x0000025de8ad5090 JavaThread "Daemon client event forwarder"        [_thread_blocked, id=30200, stack(0x0000009128e00000,0x0000009128f00000) (1024K)]
  0x0000025de8ad6ad0 JavaThread "Cache worker for journal cache (C:\Users\kenne\.gradle\caches\journal-1)"        [_thread_blocked, id=7320, stack(0x0000009128f00000,0x0000009129000000) (1024K)]
  0x0000025de8ad4a00 JavaThread "File lock request listener"        [_thread_in_native, id=31964, stack(0x0000009129000000,0x0000009129100000) (1024K)]
  0x0000025de8ad5db0 JavaThread "Cache worker for file hash cache (C:\Users\kenne\.gradle\caches\9.3.1\fileHashes)"        [_thread_blocked, id=30664, stack(0x0000009129100000,0x0000009129200000) (1024K)]
  0x0000025deabb1fd0 JavaThread "Cache worker for file hash cache (C:\Tessera\.gradle\9.3.1\fileHashes)"        [_thread_blocked, id=21204, stack(0x0000009129200000,0x0000009129300000) (1024K)]
  0x0000025deabb0c20 JavaThread "Cache worker for checksums cache (C:\Tessera\.gradle\9.3.1\checksums)"        [_thread_blocked, id=21480, stack(0x0000009129300000,0x0000009129400000) (1024K)]
  0x0000025deabb12b0 JavaThread "Cache worker for Build Output Cleanup Cache (C:\Tessera\.gradle\buildOutputCleanup)"        [_thread_blocked, id=27432, stack(0x0000009129400000,0x0000009129500000) (1024K)]
  0x0000025deabb1940 JavaThread "Cache worker for file content cache (C:\Users\kenne\.gradle\caches\9.3.1\fileContent)"        [_thread_blocked, id=41696, stack(0x0000009129500000,0x0000009129600000) (1024K)]
  0x0000025deabb2cf0 JavaThread "File watcher server"        daemon [_thread_blocked, id=29784, stack(0x0000009129600000,0x0000009129700000) (1024K)]
  0x0000025deabb3380 JavaThread "File watcher consumer"      daemon [_thread_blocked, id=39124, stack(0x0000009129700000,0x0000009129800000) (1024K)]
  0x0000025deabb0590 JavaThread "Cache worker for cache directory md-supplier (C:\Users\kenne\.gradle\caches\9.3.1\md-supplier)"        [_thread_blocked, id=41508, stack(0x0000009129800000,0x0000009129900000) (1024K)]
  0x0000025deabb5450 JavaThread "Cache worker for cache directory md-rule (C:\Users\kenne\.gradle\caches\9.3.1\md-rule)"        [_thread_blocked, id=14164, stack(0x0000009129900000,0x0000009129a00000) (1024K)]
  0x0000025deabb4730 JavaThread "Unconstrained build operations"        [_thread_blocked, id=44592, stack(0x0000009129a00000,0x0000009129b00000) (1024K)]
  0x0000025deabb4dc0 JavaThread "Unconstrained build operations Thread 2"        [_thread_blocked, id=28984, stack(0x0000009129b00000,0x0000009129c00000) (1024K)]
  0x0000025deabb5ae0 JavaThread "Unconstrained build operations Thread 3"        [_thread_blocked, id=40376, stack(0x0000009129c00000,0x0000009129d00000) (1024K)]
  0x0000025deabb6800 JavaThread "Configuration cache report writer"        [_thread_blocked, id=41516, stack(0x0000009127e00000,0x0000009127f00000) (1024K)]
  0x0000025deabb7520 JavaThread "Unconstrained build operations Thread 4"        [_thread_blocked, id=49112, stack(0x0000009129d00000,0x0000009129e00000) (1024K)]
  0x0000025deabb6170 JavaThread "Unconstrained build operations Thread 5"        [_thread_blocked, id=14256, stack(0x0000009129e00000,0x0000009129f00000) (1024K)]
  0x0000025deabb7bb0 JavaThread "Unconstrained build operations Thread 6"        [_thread_blocked, id=24856, stack(0x0000009129f00000,0x000000912a000000) (1024K)]
  0x0000025deccbe730 JavaThread "Unconstrained build operations Thread 7"        [_thread_blocked, id=24164, stack(0x000000912a000000,0x000000912a100000) (1024K)]
  0x0000025deccc0800 JavaThread "Unconstrained build operations Thread 8"        [_thread_blocked, id=45956, stack(0x000000912a100000,0x000000912a200000) (1024K)]
  0x0000025deccbfae0 JavaThread "Unconstrained build operations Thread 9"        [_thread_blocked, id=5408, stack(0x000000912a200000,0x000000912a300000) (1024K)]
  0x0000025deccbe0a0 JavaThread "Unconstrained build operations Thread 10"        [_thread_blocked, id=10052, stack(0x000000912a300000,0x000000912a400000) (1024K)]
  0x0000025deccc0e90 JavaThread "Unconstrained build operations Thread 11"        [_thread_blocked, id=14888, stack(0x000000912a400000,0x000000912a500000) (1024K)]
  0x0000025deccc0170 JavaThread "Unconstrained build operations Thread 12"        [_thread_blocked, id=27532, stack(0x000000912a500000,0x000000912a600000) (1024K)]
  0x0000025deccbda10 JavaThread "Memory manager"                    [_thread_blocked, id=12852, stack(0x0000009127b00000,0x0000009127c00000) (1024K)]
  0x0000025deb2bb540 JavaThread "build event listener"              [_thread_blocked, id=31268, stack(0x000000912a700000,0x000000912a800000) (1024K)]
  0x0000025debef1b20 JavaThread "pool-3-thread-1"                   [_thread_blocked, id=13564, stack(0x000000912a800000,0x000000912a900000) (1024K)]
  0x0000025debef5630 JavaThread "build event listener"              [_thread_blocked, id=17008, stack(0x000000912a900000,0x000000912aa00000) (1024K)]
  0x0000025debef5cc0 JavaThread "Build operations"                  [_thread_blocked, id=7628, stack(0x000000912aa00000,0x000000912ab00000) (1024K)]
  0x0000025deb2be330 JavaThread "Unconstrained build operations Thread 13"        [_thread_blocked, id=31584, stack(0x000000912ab00000,0x000000912ac00000) (1024K)]
  0x0000025deb2baeb0 JavaThread "Unconstrained build operations Thread 14"        [_thread_blocked, id=28968, stack(0x000000912ac00000,0x000000912ad00000) (1024K)]
  0x0000025deb2bf6e0 JavaThread "Unconstrained build operations Thread 15"        [_thread_blocked, id=26888, stack(0x000000912ad00000,0x000000912ae00000) (1024K)]
  0x0000025def4ca370 JavaThread "Unconstrained build operations Thread 16"        [_thread_blocked, id=444, stack(0x000000912ae00000,0x000000912af00000) (1024K)]
  0x0000025def4c82a0 JavaThread "Unconstrained build operations Thread 17"        [_thread_blocked, id=36176, stack(0x000000912af00000,0x000000912b000000) (1024K)]
  0x0000025def4c8930 JavaThread "Unconstrained build operations Thread 18"        [_thread_blocked, id=3136, stack(0x000000912b000000,0x000000912b100000) (1024K)]
  0x0000025def4c9650 JavaThread "Unconstrained build operations Thread 19"        [_thread_blocked, id=10824, stack(0x000000912b100000,0x000000912b200000) (1024K)]
  0x0000025def4caa00 JavaThread "Unconstrained build operations Thread 20"        [_thread_blocked, id=45540, stack(0x000000912b200000,0x000000912b300000) (1024K)]
  0x0000025def4c9ce0 JavaThread "Unconstrained build operations Thread 21"        [_thread_blocked, id=44216, stack(0x000000912b300000,0x000000912b400000) (1024K)]
  0x0000025def4c7580 JavaThread "Unconstrained build operations Thread 22"        [_thread_blocked, id=17652, stack(0x000000912b400000,0x000000912b500000) (1024K)]
  0x0000025def4cc440 JavaThread "Build operations Thread 2"         [_thread_blocked, id=34432, stack(0x000000912b600000,0x000000912b700000) (1024K)]
  0x0000025def4cd160 JavaThread "included builds"                   [_thread_blocked, id=6544, stack(0x000000912b500000,0x000000912b600000) (1024K)]
  0x0000025def4cbdb0 JavaThread "Execution worker"                  [_thread_blocked, id=45912, stack(0x000000912b700000,0x000000912b800000) (1024K)]
  0x0000025def4ccad0 JavaThread "Execution worker Thread 2"         [_thread_blocked, id=24972, stack(0x000000912b800000,0x000000912b900000) (1024K)]
  0x0000025def4cde80 JavaThread "Execution worker Thread 3"         [_thread_blocked, id=6996, stack(0x000000912b900000,0x000000912ba00000) (1024K)]
  0x0000025def4cd7f0 JavaThread "Cache worker for execution history cache (C:\Tessera\.gradle\9.3.1\executionHistory)"        [_thread_blocked, id=39296, stack(0x000000912ba00000,0x000000912bb00000) (1024K)]
  0x0000025def4ce510 JavaThread "Unconstrained build operations Thread 23"        [_thread_blocked, id=45504, stack(0x000000912bb00000,0x000000912bc00000) (1024K)]
  0x0000025def4ceba0 JavaThread "Unconstrained build operations Thread 24"        [_thread_blocked, id=40396, stack(0x000000912bc00000,0x000000912bd00000) (1024K)]
  0x0000025def4cb720 JavaThread "Unconstrained build operations Thread 25"        [_thread_blocked, id=6812, stack(0x000000912bd00000,0x000000912be00000) (1024K)]
  0x0000025debef6350 JavaThread "Unconstrained build operations Thread 26"        [_thread_blocked, id=48736, stack(0x000000912be00000,0x000000912bf00000) (1024K)]
  0x0000025debef2ed0 JavaThread "Unconstrained build operations Thread 27"        [_thread_blocked, id=22852, stack(0x000000912bf00000,0x000000912c000000) (1024K)]
  0x0000025debef69e0 JavaThread "Unconstrained build operations Thread 28"        [_thread_blocked, id=47876, stack(0x000000912c000000,0x000000912c100000) (1024K)]
  0x0000025debef3560 JavaThread "Unconstrained build operations Thread 29"        [_thread_blocked, id=30540, stack(0x000000912c100000,0x000000912c200000) (1024K)]
  0x0000025dec135a40 JavaThread "Unconstrained build operations Thread 30"        [_thread_blocked, id=44828, stack(0x000000912c200000,0x000000912c300000) (1024K)]
  0x0000025dec1325c0 JavaThread "Unconstrained build operations Thread 31"        [_thread_blocked, id=36036, stack(0x000000912c300000,0x000000912c400000) (1024K)]
  0x0000025dec134000 JavaThread "Unconstrained build operations Thread 32"        [_thread_blocked, id=39136, stack(0x000000912c400000,0x000000912c500000) (1024K)]
  0x0000025dec1381a0 JavaThread "WorkerExecutor Queue"              [_thread_blocked, id=18672, stack(0x000000912c500000,0x000000912c600000) (1024K)]
  0x0000025dec137b10 JavaThread "Java2D Disposer"            daemon [_thread_blocked, id=8096, stack(0x000000912c600000,0x000000912c700000) (1024K)]
  0x0000025dec1360d0 JavaThread "AWT-Windows"                daemon [_thread_in_native, id=24936, stack(0x000000912c800000,0x000000912c900000) (1024K)]
  0x0000025dec139550 JavaThread "DefaultDispatcher-worker-1" daemon [_thread_blocked, id=35560, stack(0x000000912a600000,0x000000912a700000) (1024K)]
  0x0000025dec139be0 JavaThread "DefaultDispatcher-worker-2" daemon [_thread_blocked, id=21524, stack(0x000000912ca00000,0x000000912cb00000) (1024K)]
  0x0000025dec136760 JavaThread "DefaultDispatcher-worker-3" daemon [_thread_blocked, id=9648, stack(0x000000912cb00000,0x000000912cc00000) (1024K)]
  0x0000025df4cc57a0 JavaThread "Periodic tasks thread"      daemon [_thread_blocked, id=12120, stack(0x000000912c900000,0x000000912ca00000) (1024K)]
  0x0000025df4cc36d0 JavaThread "ApplicationImpl pooled thread 1"        [_thread_blocked, id=31772, stack(0x000000912cc00000,0x000000912cd00000) (1024K)]
  0x0000025deece18a0 JavaThread "Unconstrained build operations Thread 33"        [_thread_blocked, id=14592, stack(0x000000912d100000,0x000000912d200000) (1024K)]
  0x0000025deecdf7d0 JavaThread "Unconstrained build operations Thread 34"        [_thread_blocked, id=43092, stack(0x000000912d200000,0x000000912d300000) (1024K)]
  0x0000025deece1f30 JavaThread "Unconstrained build operations Thread 35"        [_thread_blocked, id=34128, stack(0x000000912d300000,0x000000912d400000) (1024K)]
  0x0000025debef4280 JavaThread "WorkerExecutor Queue Thread 2"        [_thread_blocked, id=25020, stack(0x000000912cf00000,0x000000912d000000) (1024K)]
  0x0000025debef2840 JavaThread "pool-5-thread-1"                   [_thread_blocked, id=32604, stack(0x000000912d000000,0x000000912d100000) (1024K)]
  0x0000025df87f6050 JavaThread "C2 CompilerThread1"         daemon [_thread_blocked, id=18208, stack(0x0000009126600000,0x0000009126700000) (1024K)]
  0x0000025dfe609000 JavaThread "C2 CompilerThread2"         daemon [_thread_blocked, id=48036, stack(0x000000912cd00000,0x000000912ce00000) (1024K)]
Total: 91

Other Threads:
=>0x0000025de2ff35a0 VMThread "VM Thread"                           [id=14468, stack(0x0000009127000000,0x0000009127100000) (1024K)]
  0x0000025de2f56f70 WatcherThread "VM Periodic Task Thread"        [id=49004, stack(0x0000009126f00000,0x0000009127000000) (1024K)]
  0x0000025dc91459a0 WorkerThread "GC Thread#0"                     [id=23136, stack(0x0000009126a00000,0x0000009126b00000) (1024K)]
  0x0000025de350cb40 WorkerThread "GC Thread#1"                     [id=15652, stack(0x0000009127c00000,0x0000009127d00000) (1024K)]
  0x0000025de370c1c0 WorkerThread "GC Thread#2"                     [id=31384, stack(0x0000009127d00000,0x0000009127e00000) (1024K)]
  0x0000025de84a5360 WorkerThread "GC Thread#3"                     [id=19920, stack(0x0000009127f00000,0x0000009128000000) (1024K)]
  0x0000025de8327c10 WorkerThread "GC Thread#4"                     [id=40340, stack(0x0000009128000000,0x0000009128100000) (1024K)]
  0x0000025de8f24f30 WorkerThread "GC Thread#5"                     [id=48148, stack(0x0000009128a00000,0x0000009128b00000) (1024K)]
  0x0000025de8f256f0 WorkerThread "GC Thread#6"                     [id=16628, stack(0x0000009128b00000,0x0000009128c00000) (1024K)]
  0x0000025de8f25aa0 WorkerThread "GC Thread#7"                     [id=45456, stack(0x0000009128c00000,0x0000009128d00000) (1024K)]
  0x0000025dc91578b0 ConcurrentGCThread "G1 Main Marker"            [id=48488, stack(0x0000009126b00000,0x0000009126c00000) (1024K)]
  0x0000025dc91598b0 WorkerThread "G1 Conc#0"                       [id=33936, stack(0x0000009126c00000,0x0000009126d00000) (1024K)]
  0x0000025de8ad0d00 WorkerThread "G1 Conc#1"                       [id=11624, stack(0x0000009128d00000,0x0000009128e00000) (1024K)]
  0x0000025dc919e420 ConcurrentGCThread "G1 Refine#0"               [id=20864, stack(0x0000009126d00000,0x0000009126e00000) (1024K)]
  0x0000025de2e28100 ConcurrentGCThread "G1 Service"                [id=32460, stack(0x0000009126e00000,0x0000009126f00000) (1024K)]
Total: 15

Threads with active compile tasks:
C2 CompilerThread0  86766 46806       4       org.jetbrains.kotlin.backend.jvm.codegen.ExpressionCodegen::visitConst (237 bytes)
C2 CompilerThread1  86766 46814       4       org.jetbrains.kotlin.backend.jvm.codegen.ExpressionCodegen::visitCall (994 bytes)
C2 CompilerThread2  86766 46805       4       org.jetbrains.kotlin.backend.jvm.codegen.ExpressionCodegen::visitConst (10 bytes)
Total: 3

VM state: at safepoint (normal execution)

VM Mutex/Monitor currently owned by a thread:  ([mutex/lock_event])
[0x00007ffe92ed86d0] Threads_lock - owner thread: 0x0000025de2ff35a0
[0x00007ffe92ed87d0] Heap_lock - owner thread: 0x0000025debef2840

Heap address: 0x0000000700000000, size: 4096 MB, Compressed Oops mode: Zero based, Oop shift amount: 3

CDS archive(s) not mapped
Compressed class space mapped at: 0x0000000800000000-0x0000000840000000, reserved size: 1073741824
Narrow klass base: 0x0000000800000000, Narrow klass shift: 0, Narrow klass range: 0x40000000

GC Precious Log:
 CardTable entry size: 512
 Card Set container configuration: InlinePtr #cards 4 size 8 Array Of Cards #cards 16 size 48 Howl #buckets 8 coarsen threshold 3686 Howl Bitmap #cards 512 size 80 coarsen threshold 460 Card regions per heap region 1 cards per card region 4096
 CPUs: 8 total, 8 available
 Memory: 7930M
 Large Page Support: Disabled
 NUMA Support: Disabled
 Compressed Oops: Enabled (Zero based)
 Heap Region Size: 2M
 Heap Min Capacity: 8M
 Heap Initial Capacity: 124M
 Heap Max Capacity: 4G
 Pre-touch: Disabled
 Parallel Workers: 8
 Concurrent Workers: 2
 Concurrent Refinement Workers: 8
 Periodic GC: Disabled

Heap:
 garbage-first heap   total 1075200K, used 670354K [0x0000000700000000, 0x0000000800000000)
  region size 2048K, 19 young (38912K), 19 survivors (38912K)
 Metaspace       used 266310K, committed 269120K, reserved 1310720K
  class space    used 32780K, committed 34176K, reserved 1048576K

Heap Regions: E=young(eden), S=young(survivor), O=old, HS=humongous(starts), HC=humongous(continues), CS=collection set, F=free, TAMS=top-at-mark-start, PB=parsable bottom
|   0|0x0000000700000000, 0x0000000700200000, 0x0000000700200000|100%|HS|  |TAMS 0x0000000700000000| PB 0x0000000700000000| Complete 
|   1|0x0000000700200000, 0x0000000700400000, 0x0000000700400000|100%|HC|  |TAMS 0x0000000700200000| PB 0x0000000700200000| Complete 
|   2|0x0000000700400000, 0x0000000700600000, 0x0000000700600000|100%| O|  |TAMS 0x0000000700400000| PB 0x0000000700400000| Untracked 
|   3|0x0000000700600000, 0x0000000700800000, 0x0000000700800000|100%| O|  |TAMS 0x0000000700600000| PB 0x0000000700600000| Untracked 
|   4|0x0000000700800000, 0x0000000700a00000, 0x0000000700a00000|100%| O|  |TAMS 0x0000000700800000| PB 0x0000000700800000| Untracked 
|   5|0x0000000700a00000, 0x0000000700c00000, 0x0000000700c00000|100%| O|  |TAMS 0x0000000700a00000| PB 0x0000000700a00000| Untracked 
|   6|0x0000000700c00000, 0x0000000700e00000, 0x0000000700e00000|100%| O|  |TAMS 0x0000000700c00000| PB 0x0000000700c00000| Untracked 
|   7|0x0000000700e00000, 0x0000000701000000, 0x0000000701000000|100%|HS|  |TAMS 0x0000000700e00000| PB 0x0000000700e00000| Complete 
|   8|0x0000000701000000, 0x0000000701200000, 0x0000000701200000|100%|HS|  |TAMS 0x0000000701000000| PB 0x0000000701000000| Complete 
|   9|0x0000000701200000, 0x0000000701400000, 0x0000000701400000|100%| O|  |TAMS 0x0000000701200000| PB 0x0000000701200000| Untracked 
|  10|0x0000000701400000, 0x0000000701600000, 0x0000000701600000|100%| O|  |TAMS 0x0000000701400000| PB 0x0000000701400000| Untracked 
|  11|0x0000000701600000, 0x0000000701800000, 0x0000000701800000|100%| O|  |TAMS 0x0000000701600000| PB 0x0000000701600000| Untracked 
|  12|0x0000000701800000, 0x0000000701a00000, 0x0000000701a00000|100%| O|  |TAMS 0x0000000701800000| PB 0x0000000701800000| Untracked 
|  13|0x0000000701a00000, 0x0000000701c00000, 0x0000000701c00000|100%| O|  |TAMS 0x0000000701a00000| PB 0x0000000701a00000| Untracked 
|  14|0x0000000701c00000, 0x0000000701e00000, 0x0000000701e00000|100%| O|  |TAMS 0x0000000701c00000| PB 0x0000000701c00000| Untracked 
|  15|0x0000000701e00000, 0x0000000702000000, 0x0000000702000000|100%| O|  |TAMS 0x0000000701e00000| PB 0x0000000701e00000| Untracked 
|  16|0x0000000702000000, 0x0000000702200000, 0x0000000702200000|100%| O|  |TAMS 0x0000000702000000| PB 0x0000000702000000| Untracked 
|  17|0x0000000702200000, 0x0000000702400000, 0x0000000702400000|100%| O|  |TAMS 0x0000000702200000| PB 0x0000000702200000| Untracked 
|  18|0x0000000702400000, 0x0000000702600000, 0x0000000702600000|100%| O|  |TAMS 0x0000000702400000| PB 0x0000000702400000| Untracked 
|  19|0x0000000702600000, 0x0000000702800000, 0x0000000702800000|100%| O|  |TAMS 0x0000000702600000| PB 0x0000000702600000| Untracked 
|  20|0x0000000702800000, 0x0000000702a00000, 0x0000000702a00000|100%| O|  |TAMS 0x0000000702800000| PB 0x0000000702800000| Untracked 
|  21|0x0000000702a00000, 0x0000000702c00000, 0x0000000702c00000|100%| O|  |TAMS 0x0000000702a00000| PB 0x0000000702a00000| Untracked 
|  22|0x0000000702c00000, 0x0000000702e00000, 0x0000000702e00000|100%| O|  |TAMS 0x0000000702c00000| PB 0x0000000702c00000| Untracked 
|  23|0x0000000702e00000, 0x0000000703000000, 0x0000000703000000|100%| O|  |TAMS 0x0000000702e00000| PB 0x0000000702e00000| Untracked 
|  24|0x0000000703000000, 0x0000000703200000, 0x0000000703200000|100%| O|  |TAMS 0x0000000703000000| PB 0x0000000703000000| Untracked 
|  25|0x0000000703200000, 0x0000000703400000, 0x0000000703400000|100%| O|  |TAMS 0x0000000703200000| PB 0x0000000703200000| Untracked 
|  26|0x0000000703400000, 0x0000000703600000, 0x0000000703600000|100%| O|  |TAMS 0x0000000703400000| PB 0x0000000703400000| Untracked 
|  27|0x0000000703600000, 0x0000000703800000, 0x0000000703800000|100%| O|  |TAMS 0x0000000703600000| PB 0x0000000703600000| Untracked 
|  28|0x0000000703800000, 0x0000000703a00000, 0x0000000703a00000|100%| O|  |TAMS 0x0000000703800000| PB 0x0000000703800000| Untracked 
|  29|0x0000000703a00000, 0x0000000703c00000, 0x0000000703c00000|100%| O|  |TAMS 0x0000000703a00000| PB 0x0000000703a00000| Untracked 
|  30|0x0000000703c00000, 0x0000000703e00000, 0x0000000703e00000|100%| O|  |TAMS 0x0000000703c00000| PB 0x0000000703c00000| Untracked 
|  31|0x0000000703e00000, 0x0000000704000000, 0x0000000704000000|100%| O|  |TAMS 0x0000000703e00000| PB 0x0000000703e00000| Untracked 
|  32|0x0000000704000000, 0x0000000704200000, 0x0000000704200000|100%| O|  |TAMS 0x0000000704000000| PB 0x0000000704000000| Untracked 
|  33|0x0000000704200000, 0x0000000704400000, 0x0000000704400000|100%| O|  |TAMS 0x0000000704200000| PB 0x0000000704200000| Untracked 
|  34|0x0000000704400000, 0x0000000704600000, 0x0000000704600000|100%| O|  |TAMS 0x0000000704400000| PB 0x0000000704400000| Untracked 
|  35|0x0000000704600000, 0x0000000704800000, 0x0000000704800000|100%| O|  |TAMS 0x0000000704600000| PB 0x0000000704600000| Untracked 
|  36|0x0000000704800000, 0x0000000704a00000, 0x0000000704a00000|100%| O|  |TAMS 0x0000000704800000| PB 0x0000000704800000| Untracked 
|  37|0x0000000704a00000, 0x0000000704c00000, 0x0000000704c00000|100%| O|  |TAMS 0x0000000704a00000| PB 0x0000000704a00000| Untracked 
|  38|0x0000000704c00000, 0x0000000704e00000, 0x0000000704e00000|100%| O|  |TAMS 0x0000000704c00000| PB 0x0000000704c00000| Untracked 
|  39|0x0000000704e00000, 0x0000000705000000, 0x0000000705000000|100%| O|  |TAMS 0x0000000704e00000| PB 0x0000000704e00000| Untracked 
|  40|0x0000000705000000, 0x0000000705200000, 0x0000000705200000|100%| O|  |TAMS 0x0000000705000000| PB 0x0000000705000000| Untracked 
|  41|0x0000000705200000, 0x0000000705400000, 0x0000000705400000|100%| O|  |TAMS 0x0000000705200000| PB 0x0000000705200000| Untracked 
|  42|0x0000000705400000, 0x0000000705600000, 0x0000000705600000|100%| O|  |TAMS 0x0000000705400000| PB 0x0000000705400000| Untracked 
|  43|0x0000000705600000, 0x0000000705800000, 0x0000000705800000|100%| O|  |TAMS 0x0000000705600000| PB 0x0000000705600000| Untracked 
|  44|0x0000000705800000, 0x0000000705a00000, 0x0000000705a00000|100%| O|  |TAMS 0x0000000705800000| PB 0x0000000705800000| Untracked 
|  45|0x0000000705a00000, 0x0000000705c00000, 0x0000000705c00000|100%| O|  |TAMS 0x0000000705a00000| PB 0x0000000705a00000| Untracked 
|  46|0x0000000705c00000, 0x0000000705e00000, 0x0000000705e00000|100%| O|  |TAMS 0x0000000705c00000| PB 0x0000000705c00000| Untracked 
|  47|0x0000000705e00000, 0x0000000706000000, 0x0000000706000000|100%| O|  |TAMS 0x0000000705e00000| PB 0x0000000705e00000| Untracked 
|  48|0x0000000706000000, 0x0000000706200000, 0x0000000706200000|100%| O|  |TAMS 0x0000000706000000| PB 0x0000000706000000| Untracked 
|  49|0x0000000706200000, 0x0000000706400000, 0x0000000706400000|100%| O|  |TAMS 0x0000000706200000| PB 0x0000000706200000| Untracked 
|  50|0x0000000706400000, 0x0000000706600000, 0x0000000706600000|100%| O|  |TAMS 0x0000000706400000| PB 0x0000000706400000| Untracked 
|  51|0x0000000706600000, 0x0000000706800000, 0x0000000706800000|100%|HS|  |TAMS 0x0000000706600000| PB 0x0000000706600000| Complete 
|  52|0x0000000706800000, 0x0000000706a00000, 0x0000000706a00000|100%|HC|  |TAMS 0x0000000706800000| PB 0x0000000706800000| Complete 
|  53|0x0000000706a00000, 0x0000000706c00000, 0x0000000706c00000|100%|HC|  |TAMS 0x0000000706a00000| PB 0x0000000706a00000| Complete 
|  54|0x0000000706c00000, 0x0000000706e00000, 0x0000000706e00000|100%| O|  |TAMS 0x0000000706c00000| PB 0x0000000706c00000| Untracked 
|  55|0x0000000706e00000, 0x0000000707000000, 0x0000000707000000|100%| O|  |TAMS 0x0000000706e00000| PB 0x0000000706e00000| Untracked 
|  56|0x0000000707000000, 0x0000000707200000, 0x0000000707200000|100%| O|  |TAMS 0x0000000707000000| PB 0x0000000707000000| Untracked 
|  57|0x0000000707200000, 0x0000000707400000, 0x0000000707400000|100%| O|  |TAMS 0x0000000707200000| PB 0x0000000707200000| Untracked 
|  58|0x0000000707400000, 0x0000000707600000, 0x0000000707600000|100%| O|  |TAMS 0x0000000707400000| PB 0x0000000707400000| Untracked 
|  59|0x0000000707600000, 0x0000000707800000, 0x0000000707800000|100%| O|  |TAMS 0x0000000707600000| PB 0x0000000707600000| Untracked 
|  60|0x0000000707800000, 0x0000000707a00000, 0x0000000707a00000|100%| O|  |TAMS 0x0000000707800000| PB 0x0000000707800000| Untracked 
|  61|0x0000000707a00000, 0x0000000707c00000, 0x0000000707c00000|100%| O|  |TAMS 0x0000000707a00000| PB 0x0000000707a00000| Untracked 
|  62|0x0000000707c00000, 0x0000000707e00000, 0x0000000707e00000|100%| O|  |TAMS 0x0000000707c00000| PB 0x0000000707c00000| Untracked 
|  63|0x0000000707e00000, 0x0000000708000000, 0x0000000708000000|100%|HS|  |TAMS 0x0000000707e00000| PB 0x0000000707e00000| Complete 
|  64|0x0000000708000000, 0x0000000708200000, 0x0000000708200000|100%|HC|  |TAMS 0x0000000708000000| PB 0x0000000708000000| Complete 
|  65|0x0000000708200000, 0x0000000708400000, 0x0000000708400000|100%| O|  |TAMS 0x0000000708200000| PB 0x0000000708200000| Untracked 
|  66|0x0000000708400000, 0x0000000708600000, 0x0000000708600000|100%| O|  |TAMS 0x0000000708400000| PB 0x0000000708400000| Untracked 
|  67|0x0000000708600000, 0x0000000708800000, 0x0000000708800000|100%| O|  |TAMS 0x0000000708600000| PB 0x0000000708600000| Untracked 
|  68|0x0000000708800000, 0x0000000708a00000, 0x0000000708a00000|100%| O|  |TAMS 0x0000000708800000| PB 0x0000000708800000| Untracked 
|  69|0x0000000708a00000, 0x0000000708c00000, 0x0000000708c00000|100%| O|  |TAMS 0x0000000708a00000| PB 0x0000000708a00000| Untracked 
|  70|0x0000000708c00000, 0x0000000708e00000, 0x0000000708e00000|100%| O|  |TAMS 0x0000000708c00000| PB 0x0000000708c00000| Untracked 
|  71|0x0000000708e00000, 0x0000000709000000, 0x0000000709000000|100%| O|  |TAMS 0x0000000708e00000| PB 0x0000000708e00000| Untracked 
|  72|0x0000000709000000, 0x0000000709200000, 0x0000000709200000|100%| O|  |TAMS 0x0000000709000000| PB 0x0000000709000000| Untracked 
|  73|0x0000000709200000, 0x0000000709400000, 0x0000000709400000|100%| O|  |TAMS 0x0000000709200000| PB 0x0000000709200000| Untracked 
|  74|0x0000000709400000, 0x0000000709600000, 0x0000000709600000|100%| O|  |TAMS 0x0000000709400000| PB 0x0000000709400000| Untracked 
|  75|0x0000000709600000, 0x0000000709800000, 0x0000000709800000|100%| O|  |TAMS 0x0000000709600000| PB 0x0000000709600000| Untracked 
|  76|0x0000000709800000, 0x0000000709a00000, 0x0000000709a00000|100%| O|  |TAMS 0x0000000709800000| PB 0x0000000709800000| Untracked 
|  77|0x0000000709a00000, 0x0000000709c00000, 0x0000000709c00000|100%| O|  |TAMS 0x0000000709a00000| PB 0x0000000709a00000| Untracked 
|  78|0x0000000709c00000, 0x0000000709e00000, 0x0000000709e00000|100%| O|  |TAMS 0x0000000709c00000| PB 0x0000000709c00000| Untracked 
|  79|0x0000000709e00000, 0x000000070a000000, 0x000000070a000000|100%| O|  |TAMS 0x0000000709e00000| PB 0x0000000709e00000| Untracked 
|  80|0x000000070a000000, 0x000000070a200000, 0x000000070a200000|100%| O|  |TAMS 0x000000070a000000| PB 0x000000070a000000| Untracked 
|  81|0x000000070a200000, 0x000000070a400000, 0x000000070a400000|100%| O|  |TAMS 0x000000070a200000| PB 0x000000070a200000| Untracked 
|  82|0x000000070a400000, 0x000000070a600000, 0x000000070a600000|100%| O|  |TAMS 0x000000070a400000| PB 0x000000070a400000| Untracked 
|  83|0x000000070a600000, 0x000000070a800000, 0x000000070a800000|100%| O|  |TAMS 0x000000070a600000| PB 0x000000070a600000| Untracked 
|  84|0x000000070a800000, 0x000000070aa00000, 0x000000070aa00000|100%| O|  |TAMS 0x000000070a800000| PB 0x000000070a800000| Untracked 
|  85|0x000000070aa00000, 0x000000070ac00000, 0x000000070ac00000|100%| O|  |TAMS 0x000000070aa00000| PB 0x000000070aa00000| Untracked 
|  86|0x000000070ac00000, 0x000000070ae00000, 0x000000070ae00000|100%| O|  |TAMS 0x000000070ac00000| PB 0x000000070ac00000| Untracked 
|  87|0x000000070ae00000, 0x000000070b000000, 0x000000070b000000|100%| O|  |TAMS 0x000000070ae00000| PB 0x000000070ae00000| Untracked 
|  88|0x000000070b000000, 0x000000070b200000, 0x000000070b200000|100%| O|  |TAMS 0x000000070b000000| PB 0x000000070b000000| Untracked 
|  89|0x000000070b200000, 0x000000070b400000, 0x000000070b400000|100%| O|  |TAMS 0x000000070b200000| PB 0x000000070b200000| Untracked 
|  90|0x000000070b400000, 0x000000070b600000, 0x000000070b600000|100%| O|  |TAMS 0x000000070b400000| PB 0x000000070b400000| Untracked 
|  91|0x000000070b600000, 0x000000070b800000, 0x000000070b800000|100%| O|  |TAMS 0x000000070b600000| PB 0x000000070b600000| Untracked 
|  92|0x000000070b800000, 0x000000070ba00000, 0x000000070ba00000|100%| O|  |TAMS 0x000000070b800000| PB 0x000000070b800000| Untracked 
|  93|0x000000070ba00000, 0x000000070bc00000, 0x000000070bc00000|100%| O|  |TAMS 0x000000070ba00000| PB 0x000000070ba00000| Untracked 
|  94|0x000000070bc00000, 0x000000070be00000, 0x000000070be00000|100%| O|  |TAMS 0x000000070bc00000| PB 0x000000070bc00000| Untracked 
|  95|0x000000070be00000, 0x000000070c000000, 0x000000070c000000|100%| O|  |TAMS 0x000000070be00000| PB 0x000000070be00000| Untracked 
|  96|0x000000070c000000, 0x000000070c200000, 0x000000070c200000|100%| O|  |TAMS 0x000000070c000000| PB 0x000000070c000000| Untracked 
|  97|0x000000070c200000, 0x000000070c400000, 0x000000070c400000|100%| O|  |TAMS 0x000000070c200000| PB 0x000000070c200000| Untracked 
|  98|0x000000070c400000, 0x000000070c600000, 0x000000070c600000|100%| O|  |TAMS 0x000000070c400000| PB 0x000000070c400000| Untracked 
|  99|0x000000070c600000, 0x000000070c800000, 0x000000070c800000|100%| O|  |TAMS 0x000000070c600000| PB 0x000000070c600000| Untracked 
| 100|0x000000070c800000, 0x000000070ca00000, 0x000000070ca00000|100%| O|  |TAMS 0x000000070c800000| PB 0x000000070c800000| Untracked 
| 101|0x000000070ca00000, 0x000000070cc00000, 0x000000070cc00000|100%| O|  |TAMS 0x000000070ca00000| PB 0x000000070ca00000| Untracked 
| 102|0x000000070cc00000, 0x000000070ce00000, 0x000000070ce00000|100%| O|  |TAMS 0x000000070cc00000| PB 0x000000070cc00000| Untracked 
| 103|0x000000070ce00000, 0x000000070d000000, 0x000000070d000000|100%| O|  |TAMS 0x000000070ce00000| PB 0x000000070ce00000| Untracked 
| 104|0x000000070d000000, 0x000000070d200000, 0x000000070d200000|100%| O|  |TAMS 0x000000070d000000| PB 0x000000070d000000| Untracked 
| 105|0x000000070d200000, 0x000000070d400000, 0x000000070d400000|100%| O|  |TAMS 0x000000070d200000| PB 0x000000070d200000| Untracked 
| 106|0x000000070d400000, 0x000000070d600000, 0x000000070d600000|100%| O|  |TAMS 0x000000070d400000| PB 0x000000070d400000| Untracked 
| 107|0x000000070d600000, 0x000000070d800000, 0x000000070d800000|100%| O|  |TAMS 0x000000070d600000| PB 0x000000070d600000| Untracked 
| 108|0x000000070d800000, 0x000000070da00000, 0x000000070da00000|100%| O|  |TAMS 0x000000070d800000| PB 0x000000070d800000| Untracked 
| 109|0x000000070da00000, 0x000000070dc00000, 0x000000070dc00000|100%| O|  |TAMS 0x000000070da00000| PB 0x000000070da00000| Untracked 
| 110|0x000000070dc00000, 0x000000070de00000, 0x000000070de00000|100%| O|  |TAMS 0x000000070dc00000| PB 0x000000070dc00000| Untracked 
| 111|0x000000070de00000, 0x000000070e000000, 0x000000070e000000|100%| O|  |TAMS 0x000000070de00000| PB 0x000000070de00000| Untracked 
| 112|0x000000070e000000, 0x000000070e200000, 0x000000070e200000|100%| O|  |TAMS 0x000000070e000000| PB 0x000000070e000000| Untracked 
| 113|0x000000070e200000, 0x000000070e400000, 0x000000070e400000|100%| O|  |TAMS 0x000000070e200000| PB 0x000000070e200000| Untracked 
| 114|0x000000070e400000, 0x000000070e600000, 0x000000070e600000|100%| O|  |TAMS 0x000000070e400000| PB 0x000000070e400000| Untracked 
| 115|0x000000070e600000, 0x000000070e800000, 0x000000070e800000|100%| O|  |TAMS 0x000000070e600000| PB 0x000000070e600000| Untracked 
| 116|0x000000070e800000, 0x000000070ea00000, 0x000000070ea00000|100%| O|  |TAMS 0x000000070e800000| PB 0x000000070e800000| Untracked 
| 117|0x000000070ea00000, 0x000000070ec00000, 0x000000070ec00000|100%| O|  |TAMS 0x000000070ea00000| PB 0x000000070ea00000| Untracked 
| 118|0x000000070ec00000, 0x000000070ee00000, 0x000000070ee00000|100%| O|  |TAMS 0x000000070ec00000| PB 0x000000070ec00000| Untracked 
| 119|0x000000070ee00000, 0x000000070f000000, 0x000000070f000000|100%| O|  |TAMS 0x000000070ee00000| PB 0x000000070ee00000| Untracked 
| 120|0x000000070f000000, 0x000000070f200000, 0x000000070f200000|100%| O|  |TAMS 0x000000070f000000| PB 0x000000070f000000| Untracked 
| 121|0x000000070f200000, 0x000000070f400000, 0x000000070f400000|100%| O|  |TAMS 0x000000070f200000| PB 0x000000070f200000| Untracked 
| 122|0x000000070f400000, 0x000000070f600000, 0x000000070f600000|100%| O|  |TAMS 0x000000070f400000| PB 0x000000070f400000| Untracked 
| 123|0x000000070f600000, 0x000000070f800000, 0x000000070f800000|100%| O|  |TAMS 0x000000070f600000| PB 0x000000070f600000| Untracked 
| 124|0x000000070f800000, 0x000000070fa00000, 0x000000070fa00000|100%| O|  |TAMS 0x000000070f800000| PB 0x000000070f800000| Untracked 
| 125|0x000000070fa00000, 0x000000070fc00000, 0x000000070fc00000|100%| O|  |TAMS 0x000000070fa00000| PB 0x000000070fa00000| Untracked 
| 126|0x000000070fc00000, 0x000000070fe00000, 0x000000070fe00000|100%| O|  |TAMS 0x000000070fc00000| PB 0x000000070fc00000| Untracked 
| 127|0x000000070fe00000, 0x0000000710000000, 0x0000000710000000|100%| O|  |TAMS 0x000000070fe00000| PB 0x000000070fe00000| Untracked 
| 128|0x0000000710000000, 0x0000000710200000, 0x0000000710200000|100%| O|  |TAMS 0x0000000710000000| PB 0x0000000710000000| Untracked 
| 129|0x0000000710200000, 0x0000000710400000, 0x0000000710400000|100%| O|  |TAMS 0x0000000710200000| PB 0x0000000710200000| Untracked 
| 130|0x0000000710400000, 0x0000000710600000, 0x0000000710600000|100%| O|  |TAMS 0x0000000710400000| PB 0x0000000710400000| Untracked 
| 131|0x0000000710600000, 0x0000000710800000, 0x0000000710800000|100%| O|  |TAMS 0x0000000710600000| PB 0x0000000710600000| Untracked 
| 132|0x0000000710800000, 0x0000000710a00000, 0x0000000710a00000|100%| O|  |TAMS 0x0000000710800000| PB 0x0000000710800000| Untracked 
| 133|0x0000000710a00000, 0x0000000710c00000, 0x0000000710c00000|100%| O|  |TAMS 0x0000000710a00000| PB 0x0000000710a00000| Untracked 
| 134|0x0000000710c00000, 0x0000000710e00000, 0x0000000710e00000|100%| O|  |TAMS 0x0000000710c00000| PB 0x0000000710c00000| Untracked 
| 135|0x0000000710e00000, 0x0000000711000000, 0x0000000711000000|100%| O|  |TAMS 0x0000000710e00000| PB 0x0000000710e00000| Untracked 
| 136|0x0000000711000000, 0x0000000711200000, 0x0000000711200000|100%| O|  |TAMS 0x0000000711000000| PB 0x0000000711000000| Untracked 
| 137|0x0000000711200000, 0x0000000711400000, 0x0000000711400000|100%| O|  |TAMS 0x0000000711200000| PB 0x0000000711200000| Untracked 
| 138|0x0000000711400000, 0x0000000711600000, 0x0000000711600000|100%| O|  |TAMS 0x0000000711400000| PB 0x0000000711400000| Untracked 
| 139|0x0000000711600000, 0x0000000711800000, 0x0000000711800000|100%| O|  |TAMS 0x0000000711600000| PB 0x0000000711600000| Untracked 
| 140|0x0000000711800000, 0x0000000711a00000, 0x0000000711a00000|100%| O|  |TAMS 0x0000000711800000| PB 0x0000000711800000| Untracked 
| 141|0x0000000711a00000, 0x0000000711c00000, 0x0000000711c00000|100%| O|  |TAMS 0x0000000711a00000| PB 0x0000000711a00000| Untracked 
| 142|0x0000000711c00000, 0x0000000711e00000, 0x0000000711e00000|100%| O|  |TAMS 0x0000000711c00000| PB 0x0000000711c00000| Untracked 
| 143|0x0000000711e00000, 0x0000000712000000, 0x0000000712000000|100%| O|  |TAMS 0x0000000711e00000| PB 0x0000000711e00000| Untracked 
| 144|0x0000000712000000, 0x0000000712200000, 0x0000000712200000|100%| O|  |TAMS 0x0000000712000000| PB 0x0000000712000000| Untracked 
| 145|0x0000000712200000, 0x0000000712400000, 0x0000000712400000|100%| O|  |TAMS 0x0000000712200000| PB 0x0000000712200000| Untracked 
| 146|0x0000000712400000, 0x0000000712600000, 0x0000000712600000|100%| O|  |TAMS 0x0000000712400000| PB 0x0000000712400000| Untracked 
| 147|0x0000000712600000, 0x0000000712800000, 0x0000000712800000|100%| O|  |TAMS 0x0000000712600000| PB 0x0000000712600000| Untracked 
| 148|0x0000000712800000, 0x0000000712a00000, 0x0000000712a00000|100%| O|  |TAMS 0x0000000712800000| PB 0x0000000712800000| Untracked 
| 149|0x0000000712a00000, 0x0000000712c00000, 0x0000000712c00000|100%| O|  |TAMS 0x0000000712a00000| PB 0x0000000712a00000| Untracked 
| 150|0x0000000712c00000, 0x0000000712e00000, 0x0000000712e00000|100%| O|  |TAMS 0x0000000712c00000| PB 0x0000000712c00000| Untracked 
| 151|0x0000000712e00000, 0x0000000713000000, 0x0000000713000000|100%| O|  |TAMS 0x0000000712e00000| PB 0x0000000712e00000| Untracked 
| 152|0x0000000713000000, 0x0000000713200000, 0x0000000713200000|100%| O|  |TAMS 0x0000000713000000| PB 0x0000000713000000| Untracked 
| 153|0x0000000713200000, 0x0000000713400000, 0x0000000713400000|100%| O|  |TAMS 0x0000000713200000| PB 0x0000000713200000| Untracked 
| 154|0x0000000713400000, 0x0000000713600000, 0x0000000713600000|100%| O|  |TAMS 0x0000000713400000| PB 0x0000000713400000| Untracked 
| 155|0x0000000713600000, 0x0000000713800000, 0x0000000713800000|100%| O|  |TAMS 0x0000000713600000| PB 0x0000000713600000| Untracked 
| 156|0x0000000713800000, 0x0000000713a00000, 0x0000000713a00000|100%| O|  |TAMS 0x0000000713800000| PB 0x0000000713800000| Untracked 
| 157|0x0000000713a00000, 0x0000000713c00000, 0x0000000713c00000|100%| O|  |TAMS 0x0000000713a00000| PB 0x0000000713a00000| Untracked 
| 158|0x0000000713c00000, 0x0000000713e00000, 0x0000000713e00000|100%| O|  |TAMS 0x0000000713c00000| PB 0x0000000713c00000| Untracked 
| 159|0x0000000713e00000, 0x0000000714000000, 0x0000000714000000|100%| O|  |TAMS 0x0000000713e00000| PB 0x0000000713e00000| Untracked 
| 160|0x0000000714000000, 0x0000000714200000, 0x0000000714200000|100%| O|  |TAMS 0x0000000714000000| PB 0x0000000714000000| Untracked 
| 161|0x0000000714200000, 0x0000000714400000, 0x0000000714400000|100%| O|  |TAMS 0x0000000714200000| PB 0x0000000714200000| Untracked 
| 162|0x0000000714400000, 0x0000000714600000, 0x0000000714600000|100%| O|  |TAMS 0x0000000714400000| PB 0x0000000714400000| Untracked 
| 163|0x0000000714600000, 0x0000000714800000, 0x0000000714800000|100%| O|  |TAMS 0x0000000714600000| PB 0x0000000714600000| Untracked 
| 164|0x0000000714800000, 0x0000000714a00000, 0x0000000714a00000|100%| O|  |TAMS 0x0000000714800000| PB 0x0000000714800000| Untracked 
| 165|0x0000000714a00000, 0x0000000714c00000, 0x0000000714c00000|100%| O|  |TAMS 0x0000000714a00000| PB 0x0000000714a00000| Untracked 
| 166|0x0000000714c00000, 0x0000000714e00000, 0x0000000714e00000|100%| O|  |TAMS 0x0000000714c00000| PB 0x0000000714c00000| Untracked 
| 167|0x0000000714e00000, 0x0000000715000000, 0x0000000715000000|100%| O|  |TAMS 0x0000000714e00000| PB 0x0000000714e00000| Untracked 
| 168|0x0000000715000000, 0x0000000715200000, 0x0000000715200000|100%| O|  |TAMS 0x0000000715000000| PB 0x0000000715000000| Untracked 
| 169|0x0000000715200000, 0x0000000715400000, 0x0000000715400000|100%| O|  |TAMS 0x0000000715200000| PB 0x0000000715200000| Untracked 
| 170|0x0000000715400000, 0x0000000715600000, 0x0000000715600000|100%| O|  |TAMS 0x0000000715400000| PB 0x0000000715400000| Untracked 
| 171|0x0000000715600000, 0x0000000715800000, 0x0000000715800000|100%| O|  |TAMS 0x0000000715600000| PB 0x0000000715600000| Untracked 
| 172|0x0000000715800000, 0x0000000715a00000, 0x0000000715a00000|100%| O|  |TAMS 0x0000000715800000| PB 0x0000000715800000| Untracked 
| 173|0x0000000715a00000, 0x0000000715c00000, 0x0000000715c00000|100%| O|  |TAMS 0x0000000715a00000| PB 0x0000000715a00000| Untracked 
| 174|0x0000000715c00000, 0x0000000715e00000, 0x0000000715e00000|100%| O|  |TAMS 0x0000000715c00000| PB 0x0000000715c00000| Untracked 
| 175|0x0000000715e00000, 0x0000000716000000, 0x0000000716000000|100%| O|  |TAMS 0x0000000715e00000| PB 0x0000000715e00000| Untracked 
| 176|0x0000000716000000, 0x0000000716200000, 0x0000000716200000|100%| O|  |TAMS 0x0000000716000000| PB 0x0000000716000000| Untracked 
| 177|0x0000000716200000, 0x0000000716400000, 0x0000000716400000|100%| O|  |TAMS 0x0000000716200000| PB 0x0000000716200000| Untracked 
| 178|0x0000000716400000, 0x0000000716600000, 0x0000000716600000|100%| O|  |TAMS 0x0000000716400000| PB 0x0000000716400000| Untracked 
| 179|0x0000000716600000, 0x0000000716800000, 0x0000000716800000|100%| O|  |TAMS 0x0000000716600000| PB 0x0000000716600000| Untracked 
| 180|0x0000000716800000, 0x0000000716a00000, 0x0000000716a00000|100%| O|  |TAMS 0x0000000716800000| PB 0x0000000716800000| Untracked 
| 181|0x0000000716a00000, 0x0000000716c00000, 0x0000000716c00000|100%| O|  |TAMS 0x0000000716a00000| PB 0x0000000716a00000| Untracked 
| 182|0x0000000716c00000, 0x0000000716e00000, 0x0000000716e00000|100%| O|  |TAMS 0x0000000716c00000| PB 0x0000000716c00000| Untracked 
| 183|0x0000000716e00000, 0x0000000717000000, 0x0000000717000000|100%| O|  |TAMS 0x0000000716e00000| PB 0x0000000716e00000| Untracked 
| 184|0x0000000717000000, 0x0000000717200000, 0x0000000717200000|100%| O|  |TAMS 0x0000000717000000| PB 0x0000000717000000| Untracked 
| 185|0x0000000717200000, 0x0000000717400000, 0x0000000717400000|100%| O|  |TAMS 0x0000000717200000| PB 0x0000000717200000| Untracked 
| 186|0x0000000717400000, 0x0000000717600000, 0x0000000717600000|100%| O|  |TAMS 0x0000000717400000| PB 0x0000000717400000| Untracked 
| 187|0x0000000717600000, 0x0000000717800000, 0x0000000717800000|100%| O|  |TAMS 0x0000000717600000| PB 0x0000000717600000| Untracked 
| 188|0x0000000717800000, 0x0000000717a00000, 0x0000000717a00000|100%| O|  |TAMS 0x0000000717800000| PB 0x0000000717800000| Untracked 
| 189|0x0000000717a00000, 0x0000000717c00000, 0x0000000717c00000|100%| O|  |TAMS 0x0000000717a00000| PB 0x0000000717a00000| Untracked 
| 190|0x0000000717c00000, 0x0000000717e00000, 0x0000000717e00000|100%| O|  |TAMS 0x0000000717c00000| PB 0x0000000717c00000| Untracked 
| 191|0x0000000717e00000, 0x0000000718000000, 0x0000000718000000|100%| O|  |TAMS 0x0000000717e00000| PB 0x0000000717e00000| Untracked 
| 192|0x0000000718000000, 0x0000000718200000, 0x0000000718200000|100%| O|  |TAMS 0x0000000718000000| PB 0x0000000718000000| Untracked 
| 193|0x0000000718200000, 0x0000000718400000, 0x0000000718400000|100%| O|  |TAMS 0x0000000718200000| PB 0x0000000718200000| Untracked 
| 194|0x0000000718400000, 0x0000000718600000, 0x0000000718600000|100%| O|  |TAMS 0x0000000718400000| PB 0x0000000718400000| Untracked 
| 195|0x0000000718600000, 0x0000000718800000, 0x0000000718800000|100%| O|  |TAMS 0x0000000718600000| PB 0x0000000718600000| Untracked 
| 196|0x0000000718800000, 0x0000000718a00000, 0x0000000718a00000|100%| O|  |TAMS 0x0000000718800000| PB 0x0000000718800000| Untracked 
| 197|0x0000000718a00000, 0x0000000718c00000, 0x0000000718c00000|100%| O|  |TAMS 0x0000000718a00000| PB 0x0000000718a00000| Untracked 
| 198|0x0000000718c00000, 0x0000000718e00000, 0x0000000718e00000|100%| O|  |TAMS 0x0000000718c00000| PB 0x0000000718c00000| Untracked 
| 199|0x0000000718e00000, 0x0000000719000000, 0x0000000719000000|100%| O|  |TAMS 0x0000000718e00000| PB 0x0000000718e00000| Untracked 
| 200|0x0000000719000000, 0x0000000719200000, 0x0000000719200000|100%| O|  |TAMS 0x0000000719000000| PB 0x0000000719000000| Untracked 
| 201|0x0000000719200000, 0x0000000719400000, 0x0000000719400000|100%| O|  |TAMS 0x0000000719200000| PB 0x0000000719200000| Untracked 
| 202|0x0000000719400000, 0x0000000719600000, 0x0000000719600000|100%| O|  |TAMS 0x0000000719400000| PB 0x0000000719400000| Untracked 
| 203|0x0000000719600000, 0x0000000719800000, 0x0000000719800000|100%| O|  |TAMS 0x0000000719600000| PB 0x0000000719600000| Untracked 
| 204|0x0000000719800000, 0x0000000719a00000, 0x0000000719a00000|100%| O|  |TAMS 0x0000000719800000| PB 0x0000000719800000| Untracked 
| 205|0x0000000719a00000, 0x0000000719c00000, 0x0000000719c00000|100%| O|  |TAMS 0x0000000719a00000| PB 0x0000000719a00000| Untracked 
| 206|0x0000000719c00000, 0x0000000719e00000, 0x0000000719e00000|100%| O|  |TAMS 0x0000000719c00000| PB 0x0000000719c00000| Untracked 
| 207|0x0000000719e00000, 0x000000071a000000, 0x000000071a000000|100%| O|  |TAMS 0x0000000719e00000| PB 0x0000000719e00000| Untracked 
| 208|0x000000071a000000, 0x000000071a200000, 0x000000071a200000|100%| O|  |TAMS 0x000000071a000000| PB 0x000000071a000000| Untracked 
| 209|0x000000071a200000, 0x000000071a400000, 0x000000071a400000|100%| O|  |TAMS 0x000000071a200000| PB 0x000000071a200000| Untracked 
| 210|0x000000071a400000, 0x000000071a600000, 0x000000071a600000|100%| O|  |TAMS 0x000000071a400000| PB 0x000000071a400000| Untracked 
| 211|0x000000071a600000, 0x000000071a800000, 0x000000071a800000|100%| O|  |TAMS 0x000000071a600000| PB 0x000000071a600000| Untracked 
| 212|0x000000071a800000, 0x000000071aa00000, 0x000000071aa00000|100%| O|  |TAMS 0x000000071a800000| PB 0x000000071a800000| Untracked 
| 213|0x000000071aa00000, 0x000000071ac00000, 0x000000071ac00000|100%| O|  |TAMS 0x000000071aa00000| PB 0x000000071aa00000| Untracked 
| 214|0x000000071ac00000, 0x000000071ae00000, 0x000000071ae00000|100%| O|  |TAMS 0x000000071ac00000| PB 0x000000071ac00000| Untracked 
| 215|0x000000071ae00000, 0x000000071b000000, 0x000000071b000000|100%| O|  |TAMS 0x000000071ae00000| PB 0x000000071ae00000| Untracked 
| 216|0x000000071b000000, 0x000000071b200000, 0x000000071b200000|100%| O|  |TAMS 0x000000071b000000| PB 0x000000071b000000| Untracked 
| 217|0x000000071b200000, 0x000000071b400000, 0x000000071b400000|100%| O|  |TAMS 0x000000071b200000| PB 0x000000071b200000| Untracked 
| 218|0x000000071b400000, 0x000000071b600000, 0x000000071b600000|100%| O|  |TAMS 0x000000071b400000| PB 0x000000071b400000| Untracked 
| 219|0x000000071b600000, 0x000000071b800000, 0x000000071b800000|100%| O|  |TAMS 0x000000071b600000| PB 0x000000071b600000| Untracked 
| 220|0x000000071b800000, 0x000000071ba00000, 0x000000071ba00000|100%| O|  |TAMS 0x000000071b800000| PB 0x000000071b800000| Untracked 
| 221|0x000000071ba00000, 0x000000071bc00000, 0x000000071bc00000|100%| O|  |TAMS 0x000000071ba00000| PB 0x000000071ba00000| Untracked 
| 222|0x000000071bc00000, 0x000000071be00000, 0x000000071be00000|100%| O|  |TAMS 0x000000071bc00000| PB 0x000000071bc00000| Untracked 
| 223|0x000000071be00000, 0x000000071c000000, 0x000000071c000000|100%| O|  |TAMS 0x000000071be00000| PB 0x000000071be00000| Untracked 
| 224|0x000000071c000000, 0x000000071c200000, 0x000000071c200000|100%| O|  |TAMS 0x000000071c000000| PB 0x000000071c000000| Untracked 
| 225|0x000000071c200000, 0x000000071c400000, 0x000000071c400000|100%| O|  |TAMS 0x000000071c200000| PB 0x000000071c200000| Untracked 
| 226|0x000000071c400000, 0x000000071c600000, 0x000000071c600000|100%| O|  |TAMS 0x000000071c400000| PB 0x000000071c400000| Untracked 
| 227|0x000000071c600000, 0x000000071c800000, 0x000000071c800000|100%| O|  |TAMS 0x000000071c600000| PB 0x000000071c600000| Untracked 
| 228|0x000000071c800000, 0x000000071ca00000, 0x000000071ca00000|100%| O|  |TAMS 0x000000071c800000| PB 0x000000071c800000| Untracked 
| 229|0x000000071ca00000, 0x000000071cc00000, 0x000000071cc00000|100%| O|  |TAMS 0x000000071ca00000| PB 0x000000071ca00000| Untracked 
| 230|0x000000071cc00000, 0x000000071ce00000, 0x000000071ce00000|100%| O|  |TAMS 0x000000071cc00000| PB 0x000000071cc00000| Untracked 
| 231|0x000000071ce00000, 0x000000071d000000, 0x000000071d000000|100%| O|  |TAMS 0x000000071ce00000| PB 0x000000071ce00000| Untracked 
| 232|0x000000071d000000, 0x000000071d200000, 0x000000071d200000|100%| O|  |TAMS 0x000000071d000000| PB 0x000000071d000000| Untracked 
| 233|0x000000071d200000, 0x000000071d400000, 0x000000071d400000|100%| O|  |TAMS 0x000000071d200000| PB 0x000000071d200000| Untracked 
| 234|0x000000071d400000, 0x000000071d600000, 0x000000071d600000|100%| O|  |TAMS 0x000000071d400000| PB 0x000000071d400000| Untracked 
| 235|0x000000071d600000, 0x000000071d800000, 0x000000071d800000|100%| O|  |TAMS 0x000000071d600000| PB 0x000000071d600000| Untracked 
| 236|0x000000071d800000, 0x000000071da00000, 0x000000071da00000|100%| O|  |TAMS 0x000000071d800000| PB 0x000000071d800000| Untracked 
| 237|0x000000071da00000, 0x000000071dc00000, 0x000000071dc00000|100%| O|  |TAMS 0x000000071da00000| PB 0x000000071da00000| Untracked 
| 238|0x000000071dc00000, 0x000000071de00000, 0x000000071de00000|100%| O|  |TAMS 0x000000071dc00000| PB 0x000000071dc00000| Untracked 
| 239|0x000000071de00000, 0x000000071e000000, 0x000000071e000000|100%| O|  |TAMS 0x000000071de00000| PB 0x000000071de00000| Untracked 
| 240|0x000000071e000000, 0x000000071e200000, 0x000000071e200000|100%| O|  |TAMS 0x000000071e000000| PB 0x000000071e000000| Untracked 
| 241|0x000000071e200000, 0x000000071e400000, 0x000000071e400000|100%| O|  |TAMS 0x000000071e200000| PB 0x000000071e200000| Untracked 
| 242|0x000000071e400000, 0x000000071e600000, 0x000000071e600000|100%| O|  |TAMS 0x000000071e400000| PB 0x000000071e400000| Untracked 
| 243|0x000000071e600000, 0x000000071e800000, 0x000000071e800000|100%| O|  |TAMS 0x000000071e600000| PB 0x000000071e600000| Untracked 
| 244|0x000000071e800000, 0x000000071ea00000, 0x000000071ea00000|100%| O|  |TAMS 0x000000071e800000| PB 0x000000071e800000| Untracked 
| 245|0x000000071ea00000, 0x000000071ec00000, 0x000000071ec00000|100%| O|  |TAMS 0x000000071ea00000| PB 0x000000071ea00000| Untracked 
| 246|0x000000071ec00000, 0x000000071ee00000, 0x000000071ee00000|100%| O|  |TAMS 0x000000071ec00000| PB 0x000000071ec00000| Untracked 
| 247|0x000000071ee00000, 0x000000071f000000, 0x000000071f000000|100%| O|  |TAMS 0x000000071ee00000| PB 0x000000071ee00000| Untracked 
| 248|0x000000071f000000, 0x000000071f200000, 0x000000071f200000|100%| O|  |TAMS 0x000000071f000000| PB 0x000000071f000000| Untracked 
| 249|0x000000071f200000, 0x000000071f400000, 0x000000071f400000|100%| O|  |TAMS 0x000000071f200000| PB 0x000000071f200000| Untracked 
| 250|0x000000071f400000, 0x000000071f600000, 0x000000071f600000|100%| O|  |TAMS 0x000000071f400000| PB 0x000000071f400000| Untracked 
| 251|0x000000071f600000, 0x000000071f800000, 0x000000071f800000|100%| O|  |TAMS 0x000000071f600000| PB 0x000000071f600000| Untracked 
| 252|0x000000071f800000, 0x000000071fa00000, 0x000000071fa00000|100%| O|  |TAMS 0x000000071f800000| PB 0x000000071f800000| Untracked 
| 253|0x000000071fa00000, 0x000000071fc00000, 0x000000071fc00000|100%| O|  |TAMS 0x000000071fa00000| PB 0x000000071fa00000| Untracked 
| 254|0x000000071fc00000, 0x000000071fe00000, 0x000000071fe00000|100%| O|  |TAMS 0x000000071fc00000| PB 0x000000071fc00000| Untracked 
| 255|0x000000071fe00000, 0x0000000720000000, 0x0000000720000000|100%| O|  |TAMS 0x000000071fe00000| PB 0x000000071fe00000| Untracked 
| 256|0x0000000720000000, 0x0000000720200000, 0x0000000720200000|100%| O|  |TAMS 0x0000000720000000| PB 0x0000000720000000| Untracked 
| 257|0x0000000720200000, 0x0000000720400000, 0x0000000720400000|100%| O|  |TAMS 0x0000000720200000| PB 0x0000000720200000| Untracked 
| 258|0x0000000720400000, 0x0000000720600000, 0x0000000720600000|100%| O|  |TAMS 0x0000000720400000| PB 0x0000000720400000| Untracked 
| 259|0x0000000720600000, 0x0000000720800000, 0x0000000720800000|100%| O|  |TAMS 0x0000000720600000| PB 0x0000000720600000| Untracked 
| 260|0x0000000720800000, 0x0000000720a00000, 0x0000000720a00000|100%| O|  |TAMS 0x0000000720800000| PB 0x0000000720800000| Untracked 
| 261|0x0000000720a00000, 0x0000000720c00000, 0x0000000720c00000|100%| O|  |TAMS 0x0000000720a00000| PB 0x0000000720a00000| Untracked 
| 262|0x0000000720c00000, 0x0000000720e00000, 0x0000000720e00000|100%| O|  |TAMS 0x0000000720c00000| PB 0x0000000720c00000| Untracked 
| 263|0x0000000720e00000, 0x0000000721000000, 0x0000000721000000|100%| O|  |TAMS 0x0000000720e00000| PB 0x0000000720e00000| Untracked 
| 264|0x0000000721000000, 0x0000000721000000, 0x0000000721200000|  0%| F|  |TAMS 0x0000000721000000| PB 0x0000000721000000| Untracked 
| 265|0x0000000721200000, 0x0000000721200000, 0x0000000721400000|  0%| F|  |TAMS 0x0000000721200000| PB 0x0000000721200000| Untracked 
| 266|0x0000000721400000, 0x0000000721400000, 0x0000000721600000|  0%| F|  |TAMS 0x0000000721400000| PB 0x0000000721400000| Untracked 
| 267|0x0000000721600000, 0x0000000721800000, 0x0000000721800000|100%| O|  |TAMS 0x0000000721600000| PB 0x0000000721600000| Untracked 
| 268|0x0000000721800000, 0x0000000721a00000, 0x0000000721a00000|100%| O|  |TAMS 0x0000000721800000| PB 0x0000000721800000| Untracked 
| 269|0x0000000721a00000, 0x0000000721c00000, 0x0000000721c00000|100%| O|  |TAMS 0x0000000721a00000| PB 0x0000000721a00000| Untracked 
| 270|0x0000000721c00000, 0x0000000721c00000, 0x0000000721e00000|  0%| F|  |TAMS 0x0000000721c00000| PB 0x0000000721c00000| Untracked 
| 271|0x0000000721e00000, 0x0000000721e00000, 0x0000000722000000|  0%| F|  |TAMS 0x0000000721e00000| PB 0x0000000721e00000| Untracked 
| 272|0x0000000722000000, 0x0000000722200000, 0x0000000722200000|100%| O|  |TAMS 0x0000000722000000| PB 0x0000000722000000| Untracked 
| 273|0x0000000722200000, 0x0000000722400000, 0x0000000722400000|100%| O|  |TAMS 0x0000000722200000| PB 0x0000000722200000| Untracked 
| 274|0x0000000722400000, 0x0000000722600000, 0x0000000722600000|100%| O|  |TAMS 0x0000000722400000| PB 0x0000000722400000| Untracked 
| 275|0x0000000722600000, 0x0000000722800000, 0x0000000722800000|100%| O|  |TAMS 0x0000000722600000| PB 0x0000000722600000| Untracked 
| 276|0x0000000722800000, 0x0000000722800000, 0x0000000722a00000|  0%| F|  |TAMS 0x0000000722800000| PB 0x0000000722800000| Untracked 
| 277|0x0000000722a00000, 0x0000000722a00000, 0x0000000722c00000|  0%| F|  |TAMS 0x0000000722a00000| PB 0x0000000722a00000| Untracked 
| 278|0x0000000722c00000, 0x0000000722e00000, 0x0000000722e00000|100%| O|  |TAMS 0x0000000722c00000| PB 0x0000000722c00000| Untracked 
| 279|0x0000000722e00000, 0x0000000723000000, 0x0000000723000000|100%| O|  |TAMS 0x0000000722e00000| PB 0x0000000722e00000| Untracked 
| 280|0x0000000723000000, 0x0000000723200000, 0x0000000723200000|100%| O|  |TAMS 0x0000000723000000| PB 0x0000000723000000| Untracked 
| 281|0x0000000723200000, 0x0000000723400000, 0x0000000723400000|100%| O|  |TAMS 0x0000000723200000| PB 0x0000000723200000| Untracked 
| 282|0x0000000723400000, 0x0000000723600000, 0x0000000723600000|100%| O|  |TAMS 0x0000000723400000| PB 0x0000000723400000| Untracked 
| 283|0x0000000723600000, 0x0000000723800000, 0x0000000723800000|100%| O|  |TAMS 0x0000000723600000| PB 0x0000000723600000| Untracked 
| 284|0x0000000723800000, 0x0000000723a00000, 0x0000000723a00000|100%| O|  |TAMS 0x0000000723800000| PB 0x0000000723800000| Untracked 
| 285|0x0000000723a00000, 0x0000000723c00000, 0x0000000723c00000|100%| O|  |TAMS 0x0000000723a00000| PB 0x0000000723a00000| Untracked 
| 286|0x0000000723c00000, 0x0000000723e00000, 0x0000000723e00000|100%| O|  |TAMS 0x0000000723c00000| PB 0x0000000723c00000| Untracked 
| 287|0x0000000723e00000, 0x0000000724000000, 0x0000000724000000|100%| O|  |TAMS 0x0000000723e00000| PB 0x0000000723e00000| Untracked 
| 288|0x0000000724000000, 0x0000000724200000, 0x0000000724200000|100%| O|  |TAMS 0x0000000724000000| PB 0x0000000724000000| Untracked 
| 289|0x0000000724200000, 0x0000000724400000, 0x0000000724400000|100%| O|  |TAMS 0x0000000724200000| PB 0x0000000724200000| Untracked 
| 290|0x0000000724400000, 0x0000000724600000, 0x0000000724600000|100%| O|  |TAMS 0x0000000724400000| PB 0x0000000724400000| Untracked 
| 291|0x0000000724600000, 0x00000007246ae240, 0x0000000724800000| 34%| O|  |TAMS 0x0000000724600000| PB 0x0000000724600000| Untracked 
| 292|0x0000000724800000, 0x0000000724800000, 0x0000000724a00000|  0%| F|  |TAMS 0x0000000724800000| PB 0x0000000724800000| Untracked 
| 293|0x0000000724a00000, 0x0000000724a00000, 0x0000000724c00000|  0%| F|  |TAMS 0x0000000724a00000| PB 0x0000000724a00000| Untracked 
| 294|0x0000000724c00000, 0x0000000724c00000, 0x0000000724e00000|  0%| F|  |TAMS 0x0000000724c00000| PB 0x0000000724c00000| Untracked 
| 295|0x0000000724e00000, 0x0000000724e00000, 0x0000000725000000|  0%| F|  |TAMS 0x0000000724e00000| PB 0x0000000724e00000| Untracked 
| 296|0x0000000725000000, 0x0000000725000000, 0x0000000725200000|  0%| F|  |TAMS 0x0000000725000000| PB 0x0000000725000000| Untracked 
| 297|0x0000000725200000, 0x0000000725200000, 0x0000000725400000|  0%| F|  |TAMS 0x0000000725200000| PB 0x0000000725200000| Untracked 
| 298|0x0000000725400000, 0x0000000725400000, 0x0000000725600000|  0%| F|  |TAMS 0x0000000725400000| PB 0x0000000725400000| Untracked 
| 299|0x0000000725600000, 0x0000000725600000, 0x0000000725800000|  0%| F|  |TAMS 0x0000000725600000| PB 0x0000000725600000| Untracked 
| 300|0x0000000725800000, 0x0000000725800000, 0x0000000725a00000|  0%| F|  |TAMS 0x0000000725800000| PB 0x0000000725800000| Untracked 
| 301|0x0000000725a00000, 0x0000000725c00000, 0x0000000725c00000|100%| O|  |TAMS 0x0000000725a00000| PB 0x0000000725a00000| Untracked 
| 302|0x0000000725c00000, 0x0000000725e00000, 0x0000000725e00000|100%| O|  |TAMS 0x0000000725c00000| PB 0x0000000725c00000| Untracked 
| 303|0x0000000725e00000, 0x0000000726000000, 0x0000000726000000|100%| O|  |TAMS 0x0000000725e00000| PB 0x0000000725e00000| Untracked 
| 304|0x0000000726000000, 0x0000000726200000, 0x0000000726200000|100%| O|  |TAMS 0x0000000726000000| PB 0x0000000726000000| Untracked 
| 305|0x0000000726200000, 0x0000000726400000, 0x0000000726400000|100%| O|  |TAMS 0x0000000726200000| PB 0x0000000726200000| Untracked 
| 306|0x0000000726400000, 0x0000000726600000, 0x0000000726600000|100%| O|  |TAMS 0x0000000726400000| PB 0x0000000726400000| Untracked 
| 307|0x0000000726600000, 0x0000000726600000, 0x0000000726800000|  0%| F|  |TAMS 0x0000000726600000| PB 0x0000000726600000| Untracked 
| 308|0x0000000726800000, 0x0000000726800000, 0x0000000726a00000|  0%| F|  |TAMS 0x0000000726800000| PB 0x0000000726800000| Untracked 
| 309|0x0000000726a00000, 0x0000000726a00000, 0x0000000726c00000|  0%| F|  |TAMS 0x0000000726a00000| PB 0x0000000726a00000| Untracked 
| 310|0x0000000726c00000, 0x0000000726c00000, 0x0000000726e00000|  0%| F|  |TAMS 0x0000000726c00000| PB 0x0000000726c00000| Untracked 
| 311|0x0000000726e00000, 0x0000000726e00000, 0x0000000727000000|  0%| F|  |TAMS 0x0000000726e00000| PB 0x0000000726e00000| Untracked 
| 312|0x0000000727000000, 0x00000007271f6620, 0x0000000727200000| 98%| S|CS|TAMS 0x0000000727000000| PB 0x0000000727000000| Complete 
| 313|0x0000000727200000, 0x0000000727400000, 0x0000000727400000|100%| S|CS|TAMS 0x0000000727200000| PB 0x0000000727200000| Complete 
| 314|0x0000000727400000, 0x0000000727600000, 0x0000000727600000|100%| S|CS|TAMS 0x0000000727400000| PB 0x0000000727400000| Complete 
| 315|0x0000000727600000, 0x0000000727800000, 0x0000000727800000|100%| S|CS|TAMS 0x0000000727600000| PB 0x0000000727600000| Complete 
| 316|0x0000000727800000, 0x0000000727a00000, 0x0000000727a00000|100%| S|CS|TAMS 0x0000000727800000| PB 0x0000000727800000| Complete 
| 317|0x0000000727a00000, 0x0000000727c00000, 0x0000000727c00000|100%| S|CS|TAMS 0x0000000727a00000| PB 0x0000000727a00000| Complete 
| 318|0x0000000727c00000, 0x0000000727e00000, 0x0000000727e00000|100%| S|CS|TAMS 0x0000000727c00000| PB 0x0000000727c00000| Complete 
| 319|0x0000000727e00000, 0x0000000728000000, 0x0000000728000000|100%| S|CS|TAMS 0x0000000727e00000| PB 0x0000000727e00000| Complete 
| 320|0x0000000728000000, 0x0000000728200000, 0x0000000728200000|100%| S|CS|TAMS 0x0000000728000000| PB 0x0000000728000000| Complete 
| 321|0x0000000728200000, 0x0000000728400000, 0x0000000728400000|100%| S|CS|TAMS 0x0000000728200000| PB 0x0000000728200000| Complete 
| 322|0x0000000728400000, 0x0000000728600000, 0x0000000728600000|100%| S|CS|TAMS 0x0000000728400000| PB 0x0000000728400000| Complete 
| 323|0x0000000728600000, 0x0000000728800000, 0x0000000728800000|100%| S|CS|TAMS 0x0000000728600000| PB 0x0000000728600000| Complete 
| 324|0x0000000728800000, 0x0000000728a00000, 0x0000000728a00000|100%| S|CS|TAMS 0x0000000728800000| PB 0x0000000728800000| Complete 
| 325|0x0000000728a00000, 0x0000000728c00000, 0x0000000728c00000|100%| S|CS|TAMS 0x0000000728a00000| PB 0x0000000728a00000| Complete 
| 326|0x0000000728c00000, 0x0000000728e00000, 0x0000000728e00000|100%| S|CS|TAMS 0x0000000728c00000| PB 0x0000000728c00000| Complete 
| 327|0x0000000728e00000, 0x0000000729000000, 0x0000000729000000|100%| S|CS|TAMS 0x0000000728e00000| PB 0x0000000728e00000| Complete 
| 328|0x0000000729000000, 0x0000000729200000, 0x0000000729200000|100%| S|CS|TAMS 0x0000000729000000| PB 0x0000000729000000| Complete 
| 329|0x0000000729200000, 0x0000000729400000, 0x0000000729400000|100%| S|CS|TAMS 0x0000000729200000| PB 0x0000000729200000| Complete 
| 330|0x0000000729400000, 0x0000000729600000, 0x0000000729600000|100%| S|CS|TAMS 0x0000000729400000| PB 0x0000000729400000| Complete 
| 331|0x0000000729600000, 0x0000000729600000, 0x0000000729800000|  0%| F|  |TAMS 0x0000000729600000| PB 0x0000000729600000| Untracked 
| 332|0x0000000729800000, 0x0000000729800000, 0x0000000729a00000|  0%| F|  |TAMS 0x0000000729800000| PB 0x0000000729800000| Untracked 
| 333|0x0000000729a00000, 0x0000000729a00000, 0x0000000729c00000|  0%| F|  |TAMS 0x0000000729a00000| PB 0x0000000729a00000| Untracked 
| 334|0x0000000729c00000, 0x0000000729c00000, 0x0000000729e00000|  0%| F|  |TAMS 0x0000000729c00000| PB 0x0000000729c00000| Untracked 
| 335|0x0000000729e00000, 0x0000000729e00000, 0x000000072a000000|  0%| F|  |TAMS 0x0000000729e00000| PB 0x0000000729e00000| Untracked 
| 336|0x000000072a000000, 0x000000072a000000, 0x000000072a200000|  0%| F|  |TAMS 0x000000072a000000| PB 0x000000072a000000| Untracked 
| 337|0x000000072a200000, 0x000000072a200000, 0x000000072a400000|  0%| F|  |TAMS 0x000000072a200000| PB 0x000000072a200000| Untracked 
| 338|0x000000072a400000, 0x000000072a400000, 0x000000072a600000|  0%| F|  |TAMS 0x000000072a400000| PB 0x000000072a400000| Untracked 
| 339|0x000000072a600000, 0x000000072a600000, 0x000000072a800000|  0%| F|  |TAMS 0x000000072a600000| PB 0x000000072a600000| Untracked 
| 340|0x000000072a800000, 0x000000072a800000, 0x000000072aa00000|  0%| F|  |TAMS 0x000000072a800000| PB 0x000000072a800000| Untracked 
| 341|0x000000072aa00000, 0x000000072aa00000, 0x000000072ac00000|  0%| F|  |TAMS 0x000000072aa00000| PB 0x000000072aa00000| Untracked 
| 342|0x000000072ac00000, 0x000000072ac00000, 0x000000072ae00000|  0%| F|  |TAMS 0x000000072ac00000| PB 0x000000072ac00000| Untracked 
| 343|0x000000072ae00000, 0x000000072ae00000, 0x000000072b000000|  0%| F|  |TAMS 0x000000072ae00000| PB 0x000000072ae00000| Untracked 
| 344|0x000000072b000000, 0x000000072b000000, 0x000000072b200000|  0%| F|  |TAMS 0x000000072b000000| PB 0x000000072b000000| Untracked 
| 345|0x000000072b200000, 0x000000072b200000, 0x000000072b400000|  0%| F|  |TAMS 0x000000072b200000| PB 0x000000072b200000| Untracked 
| 346|0x000000072b400000, 0x000000072b400000, 0x000000072b600000|  0%| F|  |TAMS 0x000000072b400000| PB 0x000000072b400000| Untracked 
| 347|0x000000072b600000, 0x000000072b600000, 0x000000072b800000|  0%| F|  |TAMS 0x000000072b600000| PB 0x000000072b600000| Untracked 
| 348|0x000000072b800000, 0x000000072b800000, 0x000000072ba00000|  0%| F|  |TAMS 0x000000072b800000| PB 0x000000072b800000| Untracked 
| 349|0x000000072ba00000, 0x000000072ba00000, 0x000000072bc00000|  0%| F|  |TAMS 0x000000072ba00000| PB 0x000000072ba00000| Untracked 
| 350|0x000000072bc00000, 0x000000072bc00000, 0x000000072be00000|  0%| F|  |TAMS 0x000000072bc00000| PB 0x000000072bc00000| Untracked 
| 351|0x000000072be00000, 0x000000072be00000, 0x000000072c000000|  0%| F|  |TAMS 0x000000072be00000| PB 0x000000072be00000| Untracked 
| 352|0x000000072c000000, 0x000000072c000000, 0x000000072c200000|  0%| F|  |TAMS 0x000000072c000000| PB 0x000000072c000000| Untracked 
| 353|0x000000072c200000, 0x000000072c200000, 0x000000072c400000|  0%| F|  |TAMS 0x000000072c200000| PB 0x000000072c200000| Untracked 
| 354|0x000000072c400000, 0x000000072c400000, 0x000000072c600000|  0%| F|  |TAMS 0x000000072c400000| PB 0x000000072c400000| Untracked 
| 355|0x000000072c600000, 0x000000072c600000, 0x000000072c800000|  0%| F|  |TAMS 0x000000072c600000| PB 0x000000072c600000| Untracked 
| 356|0x000000072c800000, 0x000000072c800000, 0x000000072ca00000|  0%| F|  |TAMS 0x000000072c800000| PB 0x000000072c800000| Untracked 
| 357|0x000000072ca00000, 0x000000072ca00000, 0x000000072cc00000|  0%| F|  |TAMS 0x000000072ca00000| PB 0x000000072ca00000| Untracked 
| 358|0x000000072cc00000, 0x000000072cc00000, 0x000000072ce00000|  0%| F|  |TAMS 0x000000072cc00000| PB 0x000000072cc00000| Untracked 
| 359|0x000000072ce00000, 0x000000072ce00000, 0x000000072d000000|  0%| F|  |TAMS 0x000000072ce00000| PB 0x000000072ce00000| Untracked 
| 360|0x000000072d000000, 0x000000072d000000, 0x000000072d200000|  0%| F|  |TAMS 0x000000072d000000| PB 0x000000072d000000| Untracked 
| 361|0x000000072d200000, 0x000000072d200000, 0x000000072d400000|  0%| F|  |TAMS 0x000000072d200000| PB 0x000000072d200000| Untracked 
| 362|0x000000072d400000, 0x000000072d400000, 0x000000072d600000|  0%| F|  |TAMS 0x000000072d400000| PB 0x000000072d400000| Untracked 
| 363|0x000000072d600000, 0x000000072d600000, 0x000000072d800000|  0%| F|  |TAMS 0x000000072d600000| PB 0x000000072d600000| Untracked 
| 364|0x000000072d800000, 0x000000072d800000, 0x000000072da00000|  0%| F|  |TAMS 0x000000072d800000| PB 0x000000072d800000| Untracked 
| 365|0x000000072da00000, 0x000000072da00000, 0x000000072dc00000|  0%| F|  |TAMS 0x000000072da00000| PB 0x000000072da00000| Untracked 
| 366|0x000000072dc00000, 0x000000072dc00000, 0x000000072de00000|  0%| F|  |TAMS 0x000000072dc00000| PB 0x000000072dc00000| Untracked 
| 367|0x000000072de00000, 0x000000072de00000, 0x000000072e000000|  0%| F|  |TAMS 0x000000072de00000| PB 0x000000072de00000| Untracked 
| 368|0x000000072e000000, 0x000000072e000000, 0x000000072e200000|  0%| F|  |TAMS 0x000000072e000000| PB 0x000000072e000000| Untracked 
| 369|0x000000072e200000, 0x000000072e200000, 0x000000072e400000|  0%| F|  |TAMS 0x000000072e200000| PB 0x000000072e200000| Untracked 
| 370|0x000000072e400000, 0x000000072e400000, 0x000000072e600000|  0%| F|  |TAMS 0x000000072e400000| PB 0x000000072e400000| Untracked 
| 371|0x000000072e600000, 0x000000072e600000, 0x000000072e800000|  0%| F|  |TAMS 0x000000072e600000| PB 0x000000072e600000| Untracked 
| 372|0x000000072e800000, 0x000000072e800000, 0x000000072ea00000|  0%| F|  |TAMS 0x000000072e800000| PB 0x000000072e800000| Untracked 
| 373|0x000000072ea00000, 0x000000072ea00000, 0x000000072ec00000|  0%| F|  |TAMS 0x000000072ea00000| PB 0x000000072ea00000| Untracked 
| 374|0x000000072ec00000, 0x000000072ec00000, 0x000000072ee00000|  0%| F|  |TAMS 0x000000072ec00000| PB 0x000000072ec00000| Untracked 
| 375|0x000000072ee00000, 0x000000072ee00000, 0x000000072f000000|  0%| F|  |TAMS 0x000000072ee00000| PB 0x000000072ee00000| Untracked 
| 376|0x000000072f000000, 0x000000072f000000, 0x000000072f200000|  0%| F|  |TAMS 0x000000072f000000| PB 0x000000072f000000| Untracked 
| 377|0x000000072f200000, 0x000000072f200000, 0x000000072f400000|  0%| F|  |TAMS 0x000000072f200000| PB 0x000000072f200000| Untracked 
| 378|0x000000072f400000, 0x000000072f400000, 0x000000072f600000|  0%| F|  |TAMS 0x000000072f400000| PB 0x000000072f400000| Untracked 
| 379|0x000000072f600000, 0x000000072f600000, 0x000000072f800000|  0%| F|  |TAMS 0x000000072f600000| PB 0x000000072f600000| Untracked 
| 380|0x000000072f800000, 0x000000072f800000, 0x000000072fa00000|  0%| F|  |TAMS 0x000000072f800000| PB 0x000000072f800000| Untracked 
| 381|0x000000072fa00000, 0x000000072fa00000, 0x000000072fc00000|  0%| F|  |TAMS 0x000000072fa00000| PB 0x000000072fa00000| Untracked 
| 382|0x000000072fc00000, 0x000000072fc00000, 0x000000072fe00000|  0%| F|  |TAMS 0x000000072fc00000| PB 0x000000072fc00000| Untracked 
| 383|0x000000072fe00000, 0x000000072fe00000, 0x0000000730000000|  0%| F|  |TAMS 0x000000072fe00000| PB 0x000000072fe00000| Untracked 
| 384|0x0000000730000000, 0x0000000730000000, 0x0000000730200000|  0%| F|  |TAMS 0x0000000730000000| PB 0x0000000730000000| Untracked 
| 385|0x0000000730200000, 0x0000000730200000, 0x0000000730400000|  0%| F|  |TAMS 0x0000000730200000| PB 0x0000000730200000| Untracked 
| 386|0x0000000730400000, 0x0000000730400000, 0x0000000730600000|  0%| F|  |TAMS 0x0000000730400000| PB 0x0000000730400000| Untracked 
| 387|0x0000000730600000, 0x0000000730600000, 0x0000000730800000|  0%| F|  |TAMS 0x0000000730600000| PB 0x0000000730600000| Untracked 
| 388|0x0000000730800000, 0x0000000730800000, 0x0000000730a00000|  0%| F|  |TAMS 0x0000000730800000| PB 0x0000000730800000| Untracked 
| 389|0x0000000730a00000, 0x0000000730a00000, 0x0000000730c00000|  0%| F|  |TAMS 0x0000000730a00000| PB 0x0000000730a00000| Untracked 
| 390|0x0000000730c00000, 0x0000000730c00000, 0x0000000730e00000|  0%| F|  |TAMS 0x0000000730c00000| PB 0x0000000730c00000| Untracked 
| 391|0x0000000730e00000, 0x0000000730e00000, 0x0000000731000000|  0%| F|  |TAMS 0x0000000730e00000| PB 0x0000000730e00000| Untracked 
| 392|0x0000000731000000, 0x0000000731000000, 0x0000000731200000|  0%| F|  |TAMS 0x0000000731000000| PB 0x0000000731000000| Untracked 
| 393|0x0000000731200000, 0x0000000731200000, 0x0000000731400000|  0%| F|  |TAMS 0x0000000731200000| PB 0x0000000731200000| Untracked 
| 394|0x0000000731400000, 0x0000000731400000, 0x0000000731600000|  0%| F|  |TAMS 0x0000000731400000| PB 0x0000000731400000| Untracked 
| 395|0x0000000731600000, 0x0000000731600000, 0x0000000731800000|  0%| F|  |TAMS 0x0000000731600000| PB 0x0000000731600000| Untracked 
| 396|0x0000000731800000, 0x0000000731800000, 0x0000000731a00000|  0%| F|  |TAMS 0x0000000731800000| PB 0x0000000731800000| Untracked 
| 397|0x0000000731a00000, 0x0000000731a00000, 0x0000000731c00000|  0%| F|  |TAMS 0x0000000731a00000| PB 0x0000000731a00000| Untracked 
| 398|0x0000000731c00000, 0x0000000731c00000, 0x0000000731e00000|  0%| F|  |TAMS 0x0000000731c00000| PB 0x0000000731c00000| Untracked 
| 399|0x0000000731e00000, 0x0000000731e00000, 0x0000000732000000|  0%| F|  |TAMS 0x0000000731e00000| PB 0x0000000731e00000| Untracked 
| 400|0x0000000732000000, 0x0000000732000000, 0x0000000732200000|  0%| F|  |TAMS 0x0000000732000000| PB 0x0000000732000000| Untracked 
| 401|0x0000000732200000, 0x0000000732200000, 0x0000000732400000|  0%| F|  |TAMS 0x0000000732200000| PB 0x0000000732200000| Untracked 
| 402|0x0000000732400000, 0x0000000732400000, 0x0000000732600000|  0%| F|  |TAMS 0x0000000732400000| PB 0x0000000732400000| Untracked 
| 403|0x0000000732600000, 0x0000000732600000, 0x0000000732800000|  0%| F|  |TAMS 0x0000000732600000| PB 0x0000000732600000| Untracked 
| 404|0x0000000732800000, 0x0000000732800000, 0x0000000732a00000|  0%| F|  |TAMS 0x0000000732800000| PB 0x0000000732800000| Untracked 
| 405|0x0000000732a00000, 0x0000000732a00000, 0x0000000732c00000|  0%| F|  |TAMS 0x0000000732a00000| PB 0x0000000732a00000| Untracked 
| 406|0x0000000732c00000, 0x0000000732c00000, 0x0000000732e00000|  0%| F|  |TAMS 0x0000000732c00000| PB 0x0000000732c00000| Untracked 
| 407|0x0000000732e00000, 0x0000000732e00000, 0x0000000733000000|  0%| F|  |TAMS 0x0000000732e00000| PB 0x0000000732e00000| Untracked 
| 408|0x0000000733000000, 0x0000000733000000, 0x0000000733200000|  0%| F|  |TAMS 0x0000000733000000| PB 0x0000000733000000| Untracked 
| 409|0x0000000733200000, 0x0000000733200000, 0x0000000733400000|  0%| F|  |TAMS 0x0000000733200000| PB 0x0000000733200000| Untracked 
| 410|0x0000000733400000, 0x0000000733400000, 0x0000000733600000|  0%| F|  |TAMS 0x0000000733400000| PB 0x0000000733400000| Untracked 
| 411|0x0000000733600000, 0x0000000733600000, 0x0000000733800000|  0%| F|  |TAMS 0x0000000733600000| PB 0x0000000733600000| Untracked 
| 412|0x0000000733800000, 0x0000000733800000, 0x0000000733a00000|  0%| F|  |TAMS 0x0000000733800000| PB 0x0000000733800000| Untracked 
| 413|0x0000000733a00000, 0x0000000733a00000, 0x0000000733c00000|  0%| F|  |TAMS 0x0000000733a00000| PB 0x0000000733a00000| Untracked 
| 414|0x0000000733c00000, 0x0000000733c00000, 0x0000000733e00000|  0%| F|  |TAMS 0x0000000733c00000| PB 0x0000000733c00000| Untracked 
| 415|0x0000000733e00000, 0x0000000733e00000, 0x0000000734000000|  0%| F|  |TAMS 0x0000000733e00000| PB 0x0000000733e00000| Untracked 
| 416|0x0000000734000000, 0x0000000734000000, 0x0000000734200000|  0%| F|  |TAMS 0x0000000734000000| PB 0x0000000734000000| Untracked 
| 417|0x0000000734200000, 0x0000000734200000, 0x0000000734400000|  0%| F|  |TAMS 0x0000000734200000| PB 0x0000000734200000| Untracked 
| 418|0x0000000734400000, 0x0000000734400000, 0x0000000734600000|  0%| F|  |TAMS 0x0000000734400000| PB 0x0000000734400000| Untracked 
| 419|0x0000000734600000, 0x0000000734600000, 0x0000000734800000|  0%| F|  |TAMS 0x0000000734600000| PB 0x0000000734600000| Untracked 
| 420|0x0000000734800000, 0x0000000734800000, 0x0000000734a00000|  0%| F|  |TAMS 0x0000000734800000| PB 0x0000000734800000| Untracked 
| 421|0x0000000734a00000, 0x0000000734a00000, 0x0000000734c00000|  0%| F|  |TAMS 0x0000000734a00000| PB 0x0000000734a00000| Untracked 
| 422|0x0000000734c00000, 0x0000000734c00000, 0x0000000734e00000|  0%| F|  |TAMS 0x0000000734c00000| PB 0x0000000734c00000| Untracked 
| 423|0x0000000734e00000, 0x0000000734e00000, 0x0000000735000000|  0%| F|  |TAMS 0x0000000734e00000| PB 0x0000000734e00000| Untracked 
| 424|0x0000000735000000, 0x0000000735000000, 0x0000000735200000|  0%| F|  |TAMS 0x0000000735000000| PB 0x0000000735000000| Untracked 
| 425|0x0000000735200000, 0x0000000735200000, 0x0000000735400000|  0%| F|  |TAMS 0x0000000735200000| PB 0x0000000735200000| Untracked 
| 426|0x0000000735400000, 0x0000000735400000, 0x0000000735600000|  0%| F|  |TAMS 0x0000000735400000| PB 0x0000000735400000| Untracked 
| 427|0x0000000735600000, 0x0000000735600000, 0x0000000735800000|  0%| F|  |TAMS 0x0000000735600000| PB 0x0000000735600000| Untracked 
| 428|0x0000000735800000, 0x0000000735800000, 0x0000000735a00000|  0%| F|  |TAMS 0x0000000735800000| PB 0x0000000735800000| Untracked 
| 429|0x0000000735a00000, 0x0000000735a00000, 0x0000000735c00000|  0%| F|  |TAMS 0x0000000735a00000| PB 0x0000000735a00000| Untracked 
| 430|0x0000000735c00000, 0x0000000735c00000, 0x0000000735e00000|  0%| F|  |TAMS 0x0000000735c00000| PB 0x0000000735c00000| Untracked 
| 431|0x0000000735e00000, 0x0000000735e00000, 0x0000000736000000|  0%| F|  |TAMS 0x0000000735e00000| PB 0x0000000735e00000| Untracked 
| 432|0x0000000736000000, 0x0000000736000000, 0x0000000736200000|  0%| F|  |TAMS 0x0000000736000000| PB 0x0000000736000000| Untracked 
| 433|0x0000000736200000, 0x0000000736200000, 0x0000000736400000|  0%| F|  |TAMS 0x0000000736200000| PB 0x0000000736200000| Untracked 
| 434|0x0000000736400000, 0x0000000736400000, 0x0000000736600000|  0%| F|  |TAMS 0x0000000736400000| PB 0x0000000736400000| Untracked 
| 435|0x0000000736600000, 0x0000000736600000, 0x0000000736800000|  0%| F|  |TAMS 0x0000000736600000| PB 0x0000000736600000| Untracked 
| 436|0x0000000736800000, 0x0000000736800000, 0x0000000736a00000|  0%| F|  |TAMS 0x0000000736800000| PB 0x0000000736800000| Untracked 
| 437|0x0000000736a00000, 0x0000000736a00000, 0x0000000736c00000|  0%| F|  |TAMS 0x0000000736a00000| PB 0x0000000736a00000| Untracked 
| 438|0x0000000736c00000, 0x0000000736c00000, 0x0000000736e00000|  0%| F|  |TAMS 0x0000000736c00000| PB 0x0000000736c00000| Untracked 
| 439|0x0000000736e00000, 0x0000000736e00000, 0x0000000737000000|  0%| F|  |TAMS 0x0000000736e00000| PB 0x0000000736e00000| Untracked 
| 440|0x0000000737000000, 0x0000000737000000, 0x0000000737200000|  0%| F|  |TAMS 0x0000000737000000| PB 0x0000000737000000| Untracked 
| 441|0x0000000737200000, 0x0000000737200000, 0x0000000737400000|  0%| F|  |TAMS 0x0000000737200000| PB 0x0000000737200000| Untracked 
| 442|0x0000000737400000, 0x0000000737400000, 0x0000000737600000|  0%| F|  |TAMS 0x0000000737400000| PB 0x0000000737400000| Untracked 
| 443|0x0000000737600000, 0x0000000737600000, 0x0000000737800000|  0%| F|  |TAMS 0x0000000737600000| PB 0x0000000737600000| Untracked 
| 444|0x0000000737800000, 0x0000000737800000, 0x0000000737a00000|  0%| F|  |TAMS 0x0000000737800000| PB 0x0000000737800000| Untracked 
| 445|0x0000000737a00000, 0x0000000737a00000, 0x0000000737c00000|  0%| F|  |TAMS 0x0000000737a00000| PB 0x0000000737a00000| Untracked 
| 446|0x0000000737c00000, 0x0000000737c00000, 0x0000000737e00000|  0%| F|  |TAMS 0x0000000737c00000| PB 0x0000000737c00000| Untracked 
| 447|0x0000000737e00000, 0x0000000737e00000, 0x0000000738000000|  0%| F|  |TAMS 0x0000000737e00000| PB 0x0000000737e00000| Untracked 
| 448|0x0000000738000000, 0x0000000738000000, 0x0000000738200000|  0%| F|  |TAMS 0x0000000738000000| PB 0x0000000738000000| Untracked 
| 449|0x0000000738200000, 0x0000000738200000, 0x0000000738400000|  0%| F|  |TAMS 0x0000000738200000| PB 0x0000000738200000| Untracked 
| 450|0x0000000738400000, 0x0000000738400000, 0x0000000738600000|  0%| F|  |TAMS 0x0000000738400000| PB 0x0000000738400000| Untracked 
| 451|0x0000000738600000, 0x0000000738600000, 0x0000000738800000|  0%| F|  |TAMS 0x0000000738600000| PB 0x0000000738600000| Untracked 
| 452|0x0000000738800000, 0x0000000738800000, 0x0000000738a00000|  0%| F|  |TAMS 0x0000000738800000| PB 0x0000000738800000| Untracked 
| 453|0x0000000738a00000, 0x0000000738a00000, 0x0000000738c00000|  0%| F|  |TAMS 0x0000000738a00000| PB 0x0000000738a00000| Untracked 
| 454|0x0000000738c00000, 0x0000000738c00000, 0x0000000738e00000|  0%| F|  |TAMS 0x0000000738c00000| PB 0x0000000738c00000| Untracked 
| 455|0x0000000738e00000, 0x0000000738e00000, 0x0000000739000000|  0%| F|  |TAMS 0x0000000738e00000| PB 0x0000000738e00000| Untracked 
| 456|0x0000000739000000, 0x0000000739000000, 0x0000000739200000|  0%| F|  |TAMS 0x0000000739000000| PB 0x0000000739000000| Untracked 
| 457|0x0000000739200000, 0x0000000739200000, 0x0000000739400000|  0%| F|  |TAMS 0x0000000739200000| PB 0x0000000739200000| Untracked 
| 458|0x0000000739400000, 0x0000000739400000, 0x0000000739600000|  0%| F|  |TAMS 0x0000000739400000| PB 0x0000000739400000| Untracked 
| 459|0x0000000739600000, 0x0000000739600000, 0x0000000739800000|  0%| F|  |TAMS 0x0000000739600000| PB 0x0000000739600000| Untracked 
| 460|0x0000000739800000, 0x0000000739800000, 0x0000000739a00000|  0%| F|  |TAMS 0x0000000739800000| PB 0x0000000739800000| Untracked 
| 461|0x0000000739a00000, 0x0000000739a00000, 0x0000000739c00000|  0%| F|  |TAMS 0x0000000739a00000| PB 0x0000000739a00000| Untracked 
| 462|0x0000000739c00000, 0x0000000739c00000, 0x0000000739e00000|  0%| F|  |TAMS 0x0000000739c00000| PB 0x0000000739c00000| Untracked 
| 463|0x0000000739e00000, 0x0000000739e00000, 0x000000073a000000|  0%| F|  |TAMS 0x0000000739e00000| PB 0x0000000739e00000| Untracked 
| 464|0x000000073a000000, 0x000000073a000000, 0x000000073a200000|  0%| F|  |TAMS 0x000000073a000000| PB 0x000000073a000000| Untracked 
| 465|0x000000073a200000, 0x000000073a200000, 0x000000073a400000|  0%| F|  |TAMS 0x000000073a200000| PB 0x000000073a200000| Untracked 
| 466|0x000000073a400000, 0x000000073a400000, 0x000000073a600000|  0%| F|  |TAMS 0x000000073a400000| PB 0x000000073a400000| Untracked 
| 467|0x000000073a600000, 0x000000073a600000, 0x000000073a800000|  0%| F|  |TAMS 0x000000073a600000| PB 0x000000073a600000| Untracked 
| 468|0x000000073a800000, 0x000000073a800000, 0x000000073aa00000|  0%| F|  |TAMS 0x000000073a800000| PB 0x000000073a800000| Untracked 
| 469|0x000000073aa00000, 0x000000073aa00000, 0x000000073ac00000|  0%| F|  |TAMS 0x000000073aa00000| PB 0x000000073aa00000| Untracked 
| 470|0x000000073ac00000, 0x000000073ac00000, 0x000000073ae00000|  0%| F|  |TAMS 0x000000073ac00000| PB 0x000000073ac00000| Untracked 
| 471|0x000000073ae00000, 0x000000073ae00000, 0x000000073b000000|  0%| F|  |TAMS 0x000000073ae00000| PB 0x000000073ae00000| Untracked 
| 472|0x000000073b000000, 0x000000073b000000, 0x000000073b200000|  0%| F|  |TAMS 0x000000073b000000| PB 0x000000073b000000| Untracked 
| 473|0x000000073b200000, 0x000000073b200000, 0x000000073b400000|  0%| F|  |TAMS 0x000000073b200000| PB 0x000000073b200000| Untracked 
| 474|0x000000073b400000, 0x000000073b400000, 0x000000073b600000|  0%| F|  |TAMS 0x000000073b400000| PB 0x000000073b400000| Untracked 
| 475|0x000000073b600000, 0x000000073b600000, 0x000000073b800000|  0%| F|  |TAMS 0x000000073b600000| PB 0x000000073b600000| Untracked 
| 476|0x000000073b800000, 0x000000073b800000, 0x000000073ba00000|  0%| F|  |TAMS 0x000000073b800000| PB 0x000000073b800000| Untracked 
| 477|0x000000073ba00000, 0x000000073ba00000, 0x000000073bc00000|  0%| F|  |TAMS 0x000000073ba00000| PB 0x000000073ba00000| Untracked 
| 478|0x000000073bc00000, 0x000000073bc00000, 0x000000073be00000|  0%| F|  |TAMS 0x000000073bc00000| PB 0x000000073bc00000| Untracked 
| 479|0x000000073be00000, 0x000000073be00000, 0x000000073c000000|  0%| F|  |TAMS 0x000000073be00000| PB 0x000000073be00000| Untracked 
| 480|0x000000073c000000, 0x000000073c000000, 0x000000073c200000|  0%| F|  |TAMS 0x000000073c000000| PB 0x000000073c000000| Untracked 
| 481|0x000000073c200000, 0x000000073c200000, 0x000000073c400000|  0%| F|  |TAMS 0x000000073c200000| PB 0x000000073c200000| Untracked 
| 482|0x000000073c400000, 0x000000073c400000, 0x000000073c600000|  0%| F|  |TAMS 0x000000073c400000| PB 0x000000073c400000| Untracked 
| 483|0x000000073c600000, 0x000000073c600000, 0x000000073c800000|  0%| F|  |TAMS 0x000000073c600000| PB 0x000000073c600000| Untracked 
| 484|0x000000073c800000, 0x000000073c800000, 0x000000073ca00000|  0%| F|  |TAMS 0x000000073c800000| PB 0x000000073c800000| Untracked 
| 485|0x000000073ca00000, 0x000000073ca00000, 0x000000073cc00000|  0%| F|  |TAMS 0x000000073ca00000| PB 0x000000073ca00000| Untracked 
| 486|0x000000073cc00000, 0x000000073cc00000, 0x000000073ce00000|  0%| F|  |TAMS 0x000000073cc00000| PB 0x000000073cc00000| Untracked 
| 487|0x000000073ce00000, 0x000000073ce00000, 0x000000073d000000|  0%| F|  |TAMS 0x000000073ce00000| PB 0x000000073ce00000| Untracked 
| 488|0x000000073d000000, 0x000000073d000000, 0x000000073d200000|  0%| F|  |TAMS 0x000000073d000000| PB 0x000000073d000000| Untracked 
| 489|0x000000073d200000, 0x000000073d200000, 0x000000073d400000|  0%| F|  |TAMS 0x000000073d200000| PB 0x000000073d200000| Untracked 
| 490|0x000000073d400000, 0x000000073d400000, 0x000000073d600000|  0%| F|  |TAMS 0x000000073d400000| PB 0x000000073d400000| Untracked 
| 491|0x000000073d600000, 0x000000073d600000, 0x000000073d800000|  0%| F|  |TAMS 0x000000073d600000| PB 0x000000073d600000| Untracked 
| 492|0x000000073d800000, 0x000000073d800000, 0x000000073da00000|  0%| F|  |TAMS 0x000000073d800000| PB 0x000000073d800000| Untracked 
| 493|0x000000073da00000, 0x000000073da00000, 0x000000073dc00000|  0%| F|  |TAMS 0x000000073da00000| PB 0x000000073da00000| Untracked 
| 494|0x000000073dc00000, 0x000000073dc00000, 0x000000073de00000|  0%| F|  |TAMS 0x000000073dc00000| PB 0x000000073dc00000| Untracked 
| 495|0x000000073de00000, 0x000000073de00000, 0x000000073e000000|  0%| F|  |TAMS 0x000000073de00000| PB 0x000000073de00000| Untracked 
| 496|0x000000073e000000, 0x000000073e000000, 0x000000073e200000|  0%| F|  |TAMS 0x000000073e000000| PB 0x000000073e000000| Untracked 
|2020|0x00000007fc800000, 0x00000007fc800000, 0x00000007fca00000|  0%| F|  |TAMS 0x00000007fc800000| PB 0x00000007fc800000| Untracked 
|2021|0x00000007fca00000, 0x00000007fca00000, 0x00000007fcc00000|  0%| F|  |TAMS 0x00000007fca00000| PB 0x00000007fca00000| Untracked 
|2022|0x00000007fcc00000, 0x00000007fce00000, 0x00000007fce00000|100%| O|  |TAMS 0x00000007fcc00000| PB 0x00000007fcc00000| Untracked 
|2023|0x00000007fce00000, 0x00000007fd000000, 0x00000007fd000000|100%| O|  |TAMS 0x00000007fce00000| PB 0x00000007fce00000| Untracked 
|2024|0x00000007fd000000, 0x00000007fd200000, 0x00000007fd200000|100%| O|  |TAMS 0x00000007fd000000| PB 0x00000007fd000000| Untracked 
|2025|0x00000007fd200000, 0x00000007fd400000, 0x00000007fd400000|100%| O|  |TAMS 0x00000007fd200000| PB 0x00000007fd200000| Untracked 
|2026|0x00000007fd400000, 0x00000007fd600000, 0x00000007fd600000|100%| O|  |TAMS 0x00000007fd400000| PB 0x00000007fd400000| Untracked 
|2027|0x00000007fd600000, 0x00000007fd800000, 0x00000007fd800000|100%| O|  |TAMS 0x00000007fd600000| PB 0x00000007fd600000| Untracked 
|2028|0x00000007fd800000, 0x00000007fda00000, 0x00000007fda00000|100%| O|  |TAMS 0x00000007fd800000| PB 0x00000007fd800000| Untracked 
|2029|0x00000007fda00000, 0x00000007fdc00000, 0x00000007fdc00000|100%| O|  |TAMS 0x00000007fda00000| PB 0x00000007fda00000| Untracked 
|2030|0x00000007fdc00000, 0x00000007fdc00000, 0x00000007fde00000|  0%| F|  |TAMS 0x00000007fdc00000| PB 0x00000007fdc00000| Untracked 
|2031|0x00000007fde00000, 0x00000007fde00000, 0x00000007fe000000|  0%| F|  |TAMS 0x00000007fde00000| PB 0x00000007fde00000| Untracked 
|2032|0x00000007fe000000, 0x00000007fe000000, 0x00000007fe200000|  0%| F|  |TAMS 0x00000007fe000000| PB 0x00000007fe000000| Untracked 
|2033|0x00000007fe200000, 0x00000007fe200000, 0x00000007fe400000|  0%| F|  |TAMS 0x00000007fe200000| PB 0x00000007fe200000| Untracked 
|2034|0x00000007fe400000, 0x00000007fe400000, 0x00000007fe600000|  0%| F|  |TAMS 0x00000007fe400000| PB 0x00000007fe400000| Untracked 
|2035|0x00000007fe600000, 0x00000007fe800000, 0x00000007fe800000|100%| O|  |TAMS 0x00000007fe600000| PB 0x00000007fe600000| Untracked 
|2036|0x00000007fe800000, 0x00000007fe800000, 0x00000007fea00000|  0%| F|  |TAMS 0x00000007fe800000| PB 0x00000007fe800000| Untracked 
|2037|0x00000007fea00000, 0x00000007fec00000, 0x00000007fec00000|100%| O|  |TAMS 0x00000007fea00000| PB 0x00000007fea00000| Untracked 
|2038|0x00000007fec00000, 0x00000007fee00000, 0x00000007fee00000|100%| O|  |TAMS 0x00000007fec00000| PB 0x00000007fec00000| Untracked 
|2039|0x00000007fee00000, 0x00000007ff000000, 0x00000007ff000000|100%| O|  |TAMS 0x00000007fee00000| PB 0x00000007fee00000| Untracked 
|2040|0x00000007ff000000, 0x00000007ff200000, 0x00000007ff200000|100%| O|  |TAMS 0x00000007ff000000| PB 0x00000007ff000000| Untracked 
|2041|0x00000007ff200000, 0x00000007ff400000, 0x00000007ff400000|100%| O|  |TAMS 0x00000007ff200000| PB 0x00000007ff200000| Untracked 
|2042|0x00000007ff400000, 0x00000007ff400000, 0x00000007ff600000|  0%| F|  |TAMS 0x00000007ff400000| PB 0x00000007ff400000| Untracked 
|2043|0x00000007ff600000, 0x00000007ff600000, 0x00000007ff800000|  0%| F|  |TAMS 0x00000007ff600000| PB 0x00000007ff600000| Untracked 
|2044|0x00000007ff800000, 0x00000007ffa00000, 0x00000007ffa00000|100%| O|  |TAMS 0x00000007ff800000| PB 0x00000007ff800000| Untracked 
|2045|0x00000007ffa00000, 0x00000007ffc00000, 0x00000007ffc00000|100%| O|  |TAMS 0x00000007ffa00000| PB 0x00000007ffa00000| Untracked 
|2046|0x00000007ffc00000, 0x00000007ffe00000, 0x00000007ffe00000|100%| O|  |TAMS 0x00000007ffc00000| PB 0x00000007ffc00000| Untracked 
|2047|0x00000007ffe00000, 0x0000000800000000, 0x0000000800000000|100%| O|  |TAMS 0x00000007ffe00000| PB 0x00000007ffe00000| Untracked 

Card table byte_map: [0x0000025ddbd70000,0x0000025ddc570000] _byte_map_base: 0x0000025dd8570000

Marking Bits: (CMBitMap*) 0x0000025dc9146fd0
 Bits: [0x0000025ddc570000, 0x0000025de0570000)

Polling page: 0x0000025dc88a0000

Metaspace:

Usage:
  Non-class:    228.06 MB used.
      Class:     32.01 MB used.
       Both:    260.07 MB used.

Virtual space:
  Non-class space:      256.00 MB reserved,     229.44 MB ( 90%) committed,  4 nodes.
      Class space:        1.00 GB reserved,      33.38 MB (  3%) committed,  1 nodes.
             Both:        1.25 GB reserved,     262.81 MB ( 21%) committed. 

Chunk freelists:
   Non-Class:  10.08 MB
       Class:  14.53 MB
        Both:  24.61 MB

MaxMetaspaceSize: unlimited
CompressedClassSpaceSize: 1.00 GB
Initial GC threshold: 21.00 MB
Current GC threshold: 437.75 MB
CDS: off
 - commit_granule_bytes: 65536.
 - commit_granule_words: 8192.
 - virtual_space_node_default_size: 8388608.
 - enlarge_chunks_in_place: 1.
 - use_allocation_guard: 0.


Internal statistics:

num_allocs_failed_limit: 12.
num_arena_births: 5478.
num_arena_deaths: 4.
num_vsnodes_births: 5.
num_vsnodes_deaths: 0.
num_space_committed: 4204.
num_space_uncommitted: 5.
num_chunks_returned_to_freelist: 51.
num_chunks_taken_from_freelist: 15979.
num_chunk_merges: 20.
num_chunk_splits: 11479.
num_chunks_enlarged: 8431.
num_inconsistent_stats: 0.

CodeHeap 'non-profiled nmethods': size=120000Kb used=22000Kb max_used=26685Kb free=97999Kb
 bounds [0x0000025dd3d10000, 0x0000025dd5720000, 0x0000025ddb240000]
CodeHeap 'profiled nmethods': size=120000Kb used=65803Kb max_used=84649Kb free=54196Kb
 bounds [0x0000025dcc240000, 0x0000025dd1500000, 0x0000025dd3770000]
CodeHeap 'non-nmethods': size=5760Kb used=2813Kb max_used=2880Kb free=2946Kb
 bounds [0x0000025dd3770000, 0x0000025dd3a50000, 0x0000025dd3d10000]
CodeCache: size=245760Kb, used=90616Kb, max_used=114214Kb, free=155141Kb
 total_blobs=20717, nmethods=19405, adapters=1210, full_count=0
Compilation: enabled, stopped_count=0, restarted_count=0

Compilation events (20 events):
Event: 86.660 Thread 0x0000025de31b8ca0 nmethod 46823 0x0000025dd42ac590 code [0x0000025dd42ac720, 0x0000025dd42ac800]
Event: 86.660 Thread 0x0000025de31b8ca0 46825       4       org.jetbrains.org.objectweb.asm.tree.analysis.BasicInterpreter::binaryOperation (14 bytes)
Event: 86.661 Thread 0x0000025de31b8ca0 nmethod 46825 0x0000025dd3d5f310 code [0x0000025dd3d5f4c0, 0x0000025dd3d5f648]
Event: 86.661 Thread 0x0000025de31b8ca0 46730       4       org.jetbrains.kotlin.ir.descriptors.IrBasedClassDescriptor::<init> (42 bytes)
Event: 86.661 Thread 0x0000025dfe609000 nmethod 46826 0x0000025dd419bb10 code [0x0000025dd419be60, 0x0000025dd419c188]
Event: 86.661 Thread 0x0000025dfe609000 46798       4       org.jetbrains.kotlin.types.KotlinTypeFactory::simpleTypeWithNonTrivialMemberScope (86 bytes)
Event: 86.663 Thread 0x0000025dfe609000 nmethod 46798 0x0000025dd4780a10 code [0x0000025dd4780bc0, 0x0000025dd4780e80]
Event: 86.664 Thread 0x0000025dfe609000 46786       4       org.jetbrains.kotlin.types.error.ErrorUtils::isError (46 bytes)
Event: 86.664 Thread 0x0000025dfe609000 nmethod 46786 0x0000025dd3de1810 code [0x0000025dd3de19c0, 0x0000025dd3de1ae0]
Event: 86.664 Thread 0x0000025dfe609000 46805       4       org.jetbrains.kotlin.backend.jvm.codegen.ExpressionCodegen::visitConst (10 bytes)
Event: 86.669 Thread 0x0000025de31b8ca0 nmethod 46730 0x0000025dd4976910 code [0x0000025dd4976b20, 0x0000025dd4977700]
Event: 86.669 Thread 0x0000025de31b8ca0 46806       4       org.jetbrains.kotlin.backend.jvm.codegen.ExpressionCodegen::visitConst (237 bytes)
Event: 86.676 Thread 0x0000025de31b9740 46830       2       org.jetbrains.kotlin.codegen.optimization.common.InstructionLivenessAnalyzer::<init> (15 bytes)
Event: 86.676 Thread 0x0000025de31b9740 nmethod 46830 0x0000025dcce38610 code [0x0000025dcce387c0, 0x0000025dcce388f0]
Event: 86.677 Thread 0x0000025de31b9740 46831       1       org.jetbrains.kotlin.codegen.inline.InplaceArgumentsMethodTransformer$MethodContext::getMethodNode (5 bytes)
Event: 86.677 Thread 0x0000025de31b9740 nmethod 46831 0x0000025dd410ca90 code [0x0000025dd410cc20, 0x0000025dd410ccf0]
Event: 86.677 Thread 0x0000025de31b9740 46832       2       org.jetbrains.kotlin.backend.jvm.intrinsics.BooleanComparison::jumpIfFalse (85 bytes)
Event: 86.678 Thread 0x0000025de31b9740 nmethod 46832 0x0000025dce47ec10 code [0x0000025dce47ee40, 0x0000025dce47f2b8]
Event: 86.679 Thread 0x0000025de31b9740 46833       3       org.jetbrains.org.objectweb.asm.tree.analysis.BasicInterpreter::returnOperation (14 bytes)
Event: 86.680 Thread 0x0000025de31b9740 nmethod 46833 0x0000025dccd0f410 code [0x0000025dccd0f5c0, 0x0000025dccd0f990]

GC Heap History (20 events):
Event: 71.461 GC heap after
{Heap after GC invocations=93 (full 0):
 garbage-first heap   total 868352K, used 528585K [0x0000000700000000, 0x0000000800000000)
  region size 2048K, 8 young (16384K), 8 survivors (16384K)
 Metaspace       used 252977K, committed 255744K, reserved 1310720K
  class space    used 31731K, committed 33088K, reserved 1048576K
}
Event: 75.598 GC heap before
{Heap before GC invocations=93 (full 0):
 garbage-first heap   total 868352K, used 776393K [0x0000000700000000, 0x0000000800000000)
  region size 2048K, 129 young (264192K), 8 survivors (16384K)
 Metaspace       used 258499K, committed 261312K, reserved 1310720K
  class space    used 32211K, committed 33600K, reserved 1048576K
}
Event: 75.634 GC heap after
{Heap after GC invocations=94 (full 0):
 garbage-first heap   total 868352K, used 544705K [0x0000000700000000, 0x0000000800000000)
  region size 2048K, 17 young (34816K), 17 survivors (34816K)
 Metaspace       used 258499K, committed 261312K, reserved 1310720K
  class space    used 32211K, committed 33600K, reserved 1048576K
}
Event: 76.499 GC heap before
{Heap before GC invocations=94 (full 0):
 garbage-first heap   total 868352K, used 600001K [0x0000000700000000, 0x0000000800000000)
  region size 2048K, 45 young (92160K), 17 survivors (34816K)
 Metaspace       used 258743K, committed 261568K, reserved 1310720K
  class space    used 32222K, committed 33600K, reserved 1048576K
}
Event: 76.530 GC heap after
{Heap after GC invocations=95 (full 0):
 garbage-first heap   total 868352K, used 551694K [0x0000000700000000, 0x0000000800000000)
  region size 2048K, 4 young (8192K), 4 survivors (8192K)
 Metaspace       used 258743K, committed 261568K, reserved 1310720K
  class space    used 32222K, committed 33600K, reserved 1048576K
}
Event: 80.402 GC heap before
{Heap before GC invocations=96 (full 0):
 garbage-first heap   total 925696K, used 787214K [0x0000000700000000, 0x0000000800000000)
  region size 2048K, 119 young (243712K), 4 survivors (8192K)
 Metaspace       used 265707K, committed 268480K, reserved 1310720K
  class space    used 32747K, committed 34112K, reserved 1048576K
}
Event: 80.422 GC heap after
{Heap after GC invocations=97 (full 0):
 garbage-first heap   total 925696K, used 564849K [0x0000000700000000, 0x0000000800000000)
  region size 2048K, 10 young (20480K), 10 survivors (20480K)
 Metaspace       used 265707K, committed 268480K, reserved 1310720K
  class space    used 32747K, committed 34112K, reserved 1048576K
}
Event: 81.296 GC heap before
{Heap before GC invocations=97 (full 0):
 garbage-first heap   total 925696K, used 839281K [0x0000000700000000, 0x0000000800000000)
  region size 2048K, 144 young (294912K), 10 survivors (20480K)
 Metaspace       used 265961K, committed 268800K, reserved 1310720K
  class space    used 32765K, committed 34176K, reserved 1048576K
}
Event: 81.334 GC heap after
{Heap after GC invocations=98 (full 0):
 garbage-first heap   total 925696K, used 577163K [0x0000000700000000, 0x0000000800000000)
  region size 2048K, 17 young (34816K), 17 survivors (34816K)
 Metaspace       used 265961K, committed 268800K, reserved 1310720K
  class space    used 32765K, committed 34176K, reserved 1048576K
}
Event: 82.030 GC heap before
{Heap before GC invocations=98 (full 0):
 garbage-first heap   total 925696K, used 847499K [0x0000000700000000, 0x0000000800000000)
  region size 2048K, 149 young (305152K), 17 survivors (34816K)
 Metaspace       used 266093K, committed 268928K, reserved 1310720K
  class space    used 32774K, committed 34176K, reserved 1048576K
}
Event: 82.066 GC heap after
{Heap after GC invocations=99 (full 0):
 garbage-first heap   total 925696K, used 594077K [0x0000000700000000, 0x0000000800000000)
  region size 2048K, 18 young (36864K), 18 survivors (36864K)
 Metaspace       used 266093K, committed 268928K, reserved 1310720K
  class space    used 32774K, committed 34176K, reserved 1048576K
}
Event: 83.463 GC heap before
{Heap before GC invocations=100 (full 0):
 garbage-first heap   total 993280K, used 852125K [0x0000000700000000, 0x0000000800000000)
  region size 2048K, 144 young (294912K), 18 survivors (36864K)
 Metaspace       used 266217K, committed 269056K, reserved 1310720K
  class space    used 32774K, committed 34176K, reserved 1048576K
}
Event: 83.505 GC heap after
{Heap after GC invocations=101 (full 0):
 garbage-first heap   total 993280K, used 610837K [0x0000000700000000, 0x0000000800000000)
  region size 2048K, 9 young (18432K), 9 survivors (18432K)
 Metaspace       used 266217K, committed 269056K, reserved 1310720K
  class space    used 32774K, committed 34176K, reserved 1048576K
}
Event: 84.118 GC heap before
{Heap before GC invocations=101 (full 0):
 garbage-first heap   total 993280K, used 899605K [0x0000000700000000, 0x0000000800000000)
  region size 2048K, 150 young (307200K), 9 survivors (18432K)
 Metaspace       used 266239K, committed 269056K, reserved 1310720K
  class space    used 32775K, committed 34176K, reserved 1048576K
}
Event: 84.163 GC heap after
{Heap after GC invocations=102 (full 0):
 garbage-first heap   total 993280K, used 622387K [0x0000000700000000, 0x0000000800000000)
  region size 2048K, 16 young (32768K), 16 survivors (32768K)
 Metaspace       used 266239K, committed 269056K, reserved 1310720K
  class space    used 32775K, committed 34176K, reserved 1048576K
}
Event: 84.804 GC heap before
{Heap before GC invocations=102 (full 0):
 garbage-first heap   total 993280K, used 915251K [0x0000000700000000, 0x0000000800000000)
  region size 2048K, 159 young (325632K), 16 survivors (32768K)
 Metaspace       used 266253K, committed 269056K, reserved 1310720K
  class space    used 32775K, committed 34176K, reserved 1048576K
}
Event: 84.836 GC heap after
{Heap after GC invocations=103 (full 0):
 garbage-first heap   total 993280K, used 643254K [0x0000000700000000, 0x0000000800000000)
  region size 2048K, 20 young (40960K), 20 survivors (40960K)
 Metaspace       used 266253K, committed 269056K, reserved 1310720K
  class space    used 32775K, committed 34176K, reserved 1048576K
}
Event: 86.033 GC heap before
{Heap before GC invocations=104 (full 0):
 garbage-first heap   total 1075200K, used 913590K [0x0000000700000000, 0x0000000800000000)
  region size 2048K, 152 young (311296K), 20 survivors (40960K)
 Metaspace       used 266275K, committed 269120K, reserved 1310720K
  class space    used 32779K, committed 34176K, reserved 1048576K
}
Event: 86.070 GC heap after
{Heap after GC invocations=105 (full 0):
 garbage-first heap   total 1075200K, used 657424K [0x0000000700000000, 0x0000000800000000)
  region size 2048K, 10 young (20480K), 10 survivors (20480K)
 Metaspace       used 266275K, committed 269120K, reserved 1310720K
  class space    used 32779K, committed 34176K, reserved 1048576K
}
Event: 86.681 GC heap before
{Heap before GC invocations=105 (full 0):
 garbage-first heap   total 1075200K, used 997392K [0x0000000700000000, 0x0000000800000000)
  region size 2048K, 176 young (360448K), 10 survivors (20480K)
 Metaspace       used 266310K, committed 269120K, reserved 1310720K
  class space    used 32780K, committed 34176K, reserved 1048576K
}

Dll operation events (4 events):
Event: 0.007 Loaded shared library C:\Program Files\Android\Android Studio\jbr\bin\java.dll
Event: 0.011 Loaded shared library C:\Program Files\Android\Android Studio\jbr\bin\zip.dll
Event: 0.477 Loaded shared library C:\Program Files\Android\Android Studio\jbr\bin\verify.dll
Event: 41.229 Unloaded dll "C:\Users\kenne\AppData\Local\Temp\sqlite-3.41.2.2-11098ae2-716a-4fd4-ba03-f3c73fef626d-sqlitejdbc.dll" [0x00007ffef9080000]

Deoptimization events (20 events):
Event: 86.506 Thread 0x0000025debef2840 DEOPT PACKING pc=0x0000025dd3efda50 sp=0x000000912d0fd650
Event: 86.506 Thread 0x0000025debef2840 DEOPT UNPACKING pc=0x0000025dd37c7ba2 sp=0x000000912d0fd520 mode 2
Event: 86.507 Thread 0x0000025debef2840 Uncommon trap: trap_request=0xffffffd6 fr.pc=0x0000025dd3efda50 relative=0x0000000000002c10
Event: 86.507 Thread 0x0000025debef2840 Uncommon trap: reason=array_check action=maybe_recompile pc=0x0000025dd3efda50 method=org.jetbrains.kotlin.codegen.optimization.common.InstructionLivenessAnalyzer.computeExceptionHandlersForEachInsn(Lorg/jetbrains/org/objectweb/asm/tree/MethodNode;)V @ 14
Event: 86.507 Thread 0x0000025debef2840 DEOPT PACKING pc=0x0000025dd3efda50 sp=0x000000912d0fd710
Event: 86.507 Thread 0x0000025debef2840 DEOPT UNPACKING pc=0x0000025dd37c7ba2 sp=0x000000912d0fd5e0 mode 2
Event: 86.516 Thread 0x0000025debef2840 DEOPT PACKING pc=0x0000025dceffbf8b sp=0x000000912d0fd5e0
Event: 86.516 Thread 0x0000025debef2840 DEOPT UNPACKING pc=0x0000025dd37c86e2 sp=0x000000912d0fcaf0 mode 0
Event: 86.578 Thread 0x0000025debef2840 Uncommon trap: trap_request=0xffffff45 fr.pc=0x0000025dd489047c relative=0x0000000000000b9c
Event: 86.578 Thread 0x0000025debef2840 Uncommon trap: reason=unstable_if action=reinterpret pc=0x0000025dd489047c method=org.jetbrains.org.objectweb.asm.tree.analysis.BasicInterpreter.unaryOperation(Lorg/jetbrains/org/objectweb/asm/tree/AbstractInsnNode;Lorg/jetbrains/org/objectweb/asm/tree/an
Event: 86.578 Thread 0x0000025debef2840 DEOPT PACKING pc=0x0000025dd489047c sp=0x000000912d0f8690
Event: 86.578 Thread 0x0000025debef2840 DEOPT UNPACKING pc=0x0000025dd37c7ba2 sp=0x000000912d0f8658 mode 2
Event: 86.670 Thread 0x0000025debef2840 Uncommon trap: trap_request=0xffffffd6 fr.pc=0x0000025dd3efda50 relative=0x0000000000002c10
Event: 86.670 Thread 0x0000025debef2840 Uncommon trap: reason=array_check action=maybe_recompile pc=0x0000025dd3efda50 method=org.jetbrains.kotlin.codegen.optimization.common.InstructionLivenessAnalyzer.computeExceptionHandlersForEachInsn(Lorg/jetbrains/org/objectweb/asm/tree/MethodNode;)V @ 14
Event: 86.670 Thread 0x0000025debef2840 DEOPT PACKING pc=0x0000025dd3efda50 sp=0x000000912d0fd650
Event: 86.670 Thread 0x0000025debef2840 DEOPT UNPACKING pc=0x0000025dd37c7ba2 sp=0x000000912d0fd520 mode 2
Event: 86.670 Thread 0x0000025debef2840 Uncommon trap: trap_request=0xffffffd6 fr.pc=0x0000025dd3efda50 relative=0x0000000000002c10
Event: 86.670 Thread 0x0000025debef2840 Uncommon trap: reason=array_check action=maybe_recompile pc=0x0000025dd3efda50 method=org.jetbrains.kotlin.codegen.optimization.common.InstructionLivenessAnalyzer.computeExceptionHandlersForEachInsn(Lorg/jetbrains/org/objectweb/asm/tree/MethodNode;)V @ 14
Event: 86.670 Thread 0x0000025debef2840 DEOPT PACKING pc=0x0000025dd3efda50 sp=0x000000912d0fd710
Event: 86.670 Thread 0x0000025debef2840 DEOPT UNPACKING pc=0x0000025dd37c7ba2 sp=0x000000912d0fd5e0 mode 2

Classes loaded (20 events):
Event: 33.446 Loading class java/util/WeakHashMap$HashIterator done
Event: 33.446 Loading class java/util/WeakHashMap$KeyIterator done
Event: 33.551 Loading class java/nio/file/FileTreeWalker$1
Event: 33.551 Loading class java/nio/file/FileTreeWalker$1 done
Event: 34.328 Loading class java/lang/reflect/Executable$ParameterData
Event: 34.328 Loading class java/lang/reflect/Executable$ParameterData done
Event: 34.847 Loading class java/rmi/RemoteException
Event: 34.848 Loading class java/rmi/RemoteException done
Event: 35.189 Loading class java/util/concurrent/Executors$AutoShutdownDelegatedExecutorService
Event: 35.190 Loading class java/util/concurrent/Executors$DelegatedExecutorService
Event: 35.190 Loading class java/util/concurrent/Executors$DelegatedExecutorService done
Event: 35.190 Loading class java/util/concurrent/Executors$AutoShutdownDelegatedExecutorService done
Event: 40.200 Loading class java/text/StringCharacterIterator
Event: 40.200 Loading class java/text/CharacterIterator
Event: 40.201 Loading class java/text/CharacterIterator done
Event: 40.201 Loading class java/text/StringCharacterIterator done
Event: 57.700 Loading class java/text/MessageFormat
Event: 57.702 Loading class java/text/MessageFormat done
Event: 57.743 Loading class java/text/ChoiceFormat
Event: 57.743 Loading class java/text/ChoiceFormat done

Classes unloaded (20 events):
Event: 41.183 Thread 0x0000025de2ff35a0 Unloading class 0x00000008017fb888 'androidx/room/compiler/processing/ksp/KspProcessingEnv$jvmVersion$2'
Event: 41.183 Thread 0x0000025de2ff35a0 Unloading class 0x00000008017fb3e8 'androidx/room/compiler/processing/XProcessingEnv$Platform'
Event: 41.183 Thread 0x0000025de2ff35a0 Unloading class 0x00000008017fb170 'androidx/room/compiler/processing/ksp/KspProcessingEnv$jvmPlatformInfo$2'
Event: 41.183 Thread 0x0000025de2ff35a0 Unloading class 0x00000008017facd0 'androidx/room/compiler/processing/XProcessingEnv$Backend'
Event: 41.183 Thread 0x0000025de2ff35a0 Unloading class 0x00000008017faa98 'androidx/room/compiler/processing/XProcessingEnv$Companion'
Event: 41.183 Thread 0x0000025de2ff35a0 Unloading class 0x00000008017fa6d0 'androidx/room/compiler/processing/ksp/KspProcessingEnv'
Event: 41.183 Thread 0x0000025de2ff35a0 Unloading class 0x00000008017fa4a0 'androidx/room/compiler/processing/XProcessingEnv'
Event: 41.183 Thread 0x0000025de2ff35a0 Unloading class 0x00000008017fa228 'androidx/room/compiler/processing/ksp/KspBasicAnnotationProcessor$DelegateLogger'
Event: 41.183 Thread 0x0000025de2ff35a0 Unloading class 0x00000008017f9b60 'androidx/room/processor/Context$BooleanProcessorOptions'
Event: 41.183 Thread 0x0000025de2ff35a0 Unloading class 0x00000008017f9920 'androidx/room/compiler/processing/XProcessingEnvConfig$Builder'
Event: 41.183 Thread 0x0000025de2ff35a0 Unloading class 0x00000008017f96e8 'androidx/room/compiler/processing/XProcessingEnvConfig$Companion'
Event: 41.183 Thread 0x0000025de2ff35a0 Unloading class 0x00000008017f94b0 'androidx/room/compiler/processing/XProcessingEnvConfig'
Event: 41.183 Thread 0x0000025de2ff35a0 Unloading class 0x00000008017f9278 'androidx/room/DatabaseProcessingStep$Companion'
Event: 41.183 Thread 0x0000025de2ff35a0 Unloading class 0x00000008017f9000 'androidx/room/DatabaseProcessingStep'
Event: 41.183 Thread 0x0000025de2ff35a0 Unloading class 0x00000008017f8d80 'androidx/room/compiler/processing/XProcessingStep'
Event: 41.183 Thread 0x0000025de2ff35a0 Unloading class 0x00000008017f8ac0 'androidx/room/RoomKspProcessor'
Event: 41.183 Thread 0x0000025de2ff35a0 Unloading class 0x00000008017f8800 'androidx/room/compiler/processing/ksp/KspBasicAnnotationProcessor'
Event: 41.183 Thread 0x0000025de2ff35a0 Unloading class 0x000000080122d4a0 'androidx/room/compiler/processing/XBasicAnnotationProcessor'
Event: 41.183 Thread 0x0000025de2ff35a0 Unloading class 0x000000080122d250 'com/squareup/moshi/kotlin/codegen/ksp/JsonClassSymbolProcessorProvider'
Event: 41.183 Thread 0x0000025de2ff35a0 Unloading class 0x000000080122d000 'androidx/room/RoomKspProcessor$Provider'

Classes redefined (0 events):
No events

Internal exceptions (20 events):
Event: 72.897 Thread 0x0000025debef2840 Implicit null exception at 0x0000025dd4642235 to 0x0000025dd46427e0
Event: 73.243 Thread 0x0000025debef2840 Exception <a 'java/lang/NoSuchMethodError'{0x000000072d771ad0}: 'java.lang.Object java.lang.invoke.DirectMethodHandle$Holder.invokeStaticInit(java.lang.Object, java.lang.Object, int, java.lang.Object)'> (0x000000072d771ad0) 
thrown [s\src\hotspot\share\interpreter\linkResolver.cpp, line 784]
Event: 75.241 Thread 0x0000025debef2840 Implicit null exception at 0x0000025dd4bab6e7 to 0x0000025dd4bae034
Event: 76.963 Thread 0x0000025debef2840 Exception <a 'java/lang/NoSuchMethodError'{0x00000007fe3b7e80}: 'java.lang.Object java.lang.invoke.DirectMethodHandle$Holder.invokeStatic(java.lang.Object, int, int)'> (0x00000007fe3b7e80) 
thrown [s\src\hotspot\share\interpreter\linkResolver.cpp, line 784]
Event: 77.614 Thread 0x0000025debef2840 Exception <a 'java/lang/NoSuchMethodError'{0x0000000731179da8}: 'java.lang.Object java.lang.invoke.DirectMethodHandle$Holder.invokeStatic(java.lang.Object, java.lang.Object, java.lang.Object, int, java.lang.Object, java.lang.Object, java.lang.Object, java.lang.Object)'> (0x0000000731179da8) 
thrown [s\src\hotspot\share\interpreter\linkResolver.cpp, line 784]
Event: 78.022 Thread 0x0000025debef2840 Implicit null exception at 0x0000025dd5515e5e to 0x0000025dd5515e8e
Event: 79.118 Thread 0x0000025debef2840 Implicit null exception at 0x0000025dd55747ce to 0x0000025dd5579ffa
Event: 79.409 Thread 0x0000025debef2840 Implicit null exception at 0x0000025dd5051329 to 0x0000025dd5051648
Event: 79.446 Thread 0x0000025debef2840 Exception <a 'java/lang/NoSuchMethodError'{0x000000072fb49318}: 'java.lang.Object java.lang.invoke.DirectMethodHandle$Holder.newInvokeSpecial(java.lang.Object, int, int, java.lang.Object)'> (0x000000072fb49318) 
thrown [s\src\hotspot\share\interpreter\linkResolver.cpp, line 784]
Event: 79.446 Thread 0x0000025debef2840 Exception <a 'java/lang/NoSuchMethodError'{0x000000072fb4d670}: 'java.lang.Object java.lang.invoke.DirectMethodHandle$Holder.invokeSpecial(java.lang.Object, java.lang.Object, int, int, java.lang.Object)'> (0x000000072fb4d670) 
thrown [s\src\hotspot\share\interpreter\linkResolver.cpp, line 784]
Event: 79.446 Thread 0x0000025debef2840 Exception <a 'java/lang/NoSuchMethodError'{0x000000072fb51498}: 'java.lang.Object java.lang.invoke.Invokers$Holder.linkToTargetMethod(int, int, java.lang.Object, java.lang.Object)'> (0x000000072fb51498) 
thrown [s\src\hotspot\share\interpreter\linkResolver.cpp, line 784]
Event: 79.448 Thread 0x0000025debef2840 Exception <a 'java/lang/NoSuchMethodError'{0x000000072fb5ecd0}: 'java.lang.Object java.lang.invoke.DirectMethodHandle$Holder.invokeStatic(java.lang.Object, java.lang.Object, int, int, java.lang.Object)'> (0x000000072fb5ecd0) 
thrown [s\src\hotspot\share\interpreter\linkResolver.cpp, line 784]
Event: 79.640 Thread 0x0000025debef2840 Implicit null exception at 0x0000025dd4315b10 to 0x0000025dd4315e84
Event: 79.663 Thread 0x0000025debef2840 Implicit null exception at 0x0000025dd41bd641 to 0x0000025dd41bdc48
Event: 79.663 Thread 0x0000025debef2840 Implicit null exception at 0x0000025dd4f3315a to 0x0000025dd4f33700
Event: 80.930 Thread 0x0000025debef2840 Implicit null exception at 0x0000025dd4b857d8 to 0x0000025dd4b87578
Event: 81.405 Thread 0x0000025de8b0a550 Exception <a 'sun/nio/fs/WindowsException'{0x0000000733109268}> (0x0000000733109268) 
thrown [s\src\hotspot\share\prims\jni.cpp, line 537]
Event: 81.411 Thread 0x0000025de8b0a550 Exception <a 'sun/nio/fs/WindowsException'{0x0000000732c5b170}> (0x0000000732c5b170) 
thrown [s\src\hotspot\share\prims\jni.cpp, line 537]
Event: 81.412 Thread 0x0000025de8b0a550 Exception <a 'sun/nio/fs/WindowsException'{0x0000000732c5ca28}> (0x0000000732c5ca28) 
thrown [s\src\hotspot\share\prims\jni.cpp, line 537]
Event: 84.214 Thread 0x0000025debef2840 Implicit null exception at 0x0000025dd48cddb9 to 0x0000025dd48d2cdc

ZGC Phase Switch (0 events):
No events

VM Operations (20 events):
Event: 82.066 Executing safepoint VM operation: G1CollectForAllocation (G1 Evacuation Pause) done
Event: 82.805 Executing safepoint VM operation: G1PauseRemark
Event: 82.841 Executing safepoint VM operation: G1PauseRemark done
Event: 83.193 Executing safepoint VM operation: G1PauseCleanup
Event: 83.194 Executing safepoint VM operation: G1PauseCleanup done
Event: 83.463 Executing safepoint VM operation: G1CollectForAllocation (G1 Evacuation Pause)
Event: 83.505 Executing safepoint VM operation: G1CollectForAllocation (G1 Evacuation Pause) done
Event: 84.118 Executing safepoint VM operation: G1CollectForAllocation (G1 Evacuation Pause)
Event: 84.163 Executing safepoint VM operation: G1CollectForAllocation (G1 Evacuation Pause) done
Event: 84.804 Executing safepoint VM operation: G1CollectForAllocation (G1 Evacuation Pause)
Event: 84.836 Executing safepoint VM operation: G1CollectForAllocation (G1 Evacuation Pause) done
Event: 85.258 Executing non-safepoint VM operation: HandshakeAllThreads (Deoptimize)
Event: 85.258 Executing non-safepoint VM operation: HandshakeAllThreads (Deoptimize) done
Event: 85.530 Executing safepoint VM operation: G1PauseRemark
Event: 85.551 Executing safepoint VM operation: G1PauseRemark done
Event: 85.914 Executing safepoint VM operation: G1PauseCleanup
Event: 85.915 Executing safepoint VM operation: G1PauseCleanup done
Event: 86.033 Executing safepoint VM operation: G1CollectForAllocation (G1 Evacuation Pause)
Event: 86.070 Executing safepoint VM operation: G1CollectForAllocation (G1 Evacuation Pause) done
Event: 86.681 Executing safepoint VM operation: G1CollectForAllocation (G1 Evacuation Pause)

Memory protections (0 events):
No events

Nmethod flushes (20 events):
Event: 85.546 Thread 0x0000025de2ff35a0 flushing  nmethod 0x0000025dd0148d10
Event: 85.546 Thread 0x0000025de2ff35a0 flushing  nmethod 0x0000025dd0152810
Event: 85.546 Thread 0x0000025de2ff35a0 flushing osr nmethod 0x0000025dd0273190
Event: 85.546 Thread 0x0000025de2ff35a0 flushing  nmethod 0x0000025dd0727410
Event: 85.546 Thread 0x0000025de2ff35a0 flushing  nmethod 0x0000025dd09a5290
Event: 85.546 Thread 0x0000025de2ff35a0 flushing osr nmethod 0x0000025dd09b5790
Event: 85.546 Thread 0x0000025de2ff35a0 flushing  nmethod 0x0000025dd09c0810
Event: 85.546 Thread 0x0000025de2ff35a0 flushing  nmethod 0x0000025dd0a84610
Event: 85.546 Thread 0x0000025de2ff35a0 flushing  nmethod 0x0000025dd0a8cd10
Event: 85.546 Thread 0x0000025de2ff35a0 flushing  nmethod 0x0000025dd0a94210
Event: 85.546 Thread 0x0000025de2ff35a0 flushing  nmethod 0x0000025dd0a95110
Event: 85.546 Thread 0x0000025de2ff35a0 flushing  nmethod 0x0000025dd0a95c90
Event: 85.546 Thread 0x0000025de2ff35a0 flushing  nmethod 0x0000025dd0b8a790
Event: 85.546 Thread 0x0000025de2ff35a0 flushing  nmethod 0x0000025dd0b97110
Event: 85.546 Thread 0x0000025de2ff35a0 flushing  nmethod 0x0000025dd0c8b610
Event: 85.546 Thread 0x0000025de2ff35a0 flushing  nmethod 0x0000025dd0d44690
Event: 85.546 Thread 0x0000025de2ff35a0 flushing  nmethod 0x0000025dd0d53490
Event: 85.546 Thread 0x0000025de2ff35a0 flushing  nmethod 0x0000025dd1269b10
Event: 85.546 Thread 0x0000025de2ff35a0 flushing  nmethod 0x0000025dd1315e90
Event: 85.546 Thread 0x0000025de2ff35a0 flushing  nmethod 0x0000025dd131a510

Events (20 events):
Event: 36.464 Thread 0x0000025de31b9740 Thread added: 0x0000025dfe3eba60
Event: 36.810 Thread 0x0000025dfe3eba60 Thread exited: 0x0000025dfe3eba60
Event: 36.820 Thread 0x0000025de31b9740 Thread added: 0x0000025dfe3e9180
Event: 37.059 Thread 0x0000025dfe3e9180 Thread exited: 0x0000025dfe3e9180
Event: 37.324 Thread 0x0000025de31b9740 Thread added: 0x0000025decf642a0
Event: 37.599 Thread 0x0000025decf642a0 Thread exited: 0x0000025decf642a0
Event: 37.810 Thread 0x0000025de31b8ca0 Thread added: 0x0000025decf642a0
Event: 41.492 Thread 0x0000025deecdbcc0 Thread exited: 0x0000025deecdbcc0
Event: 42.862 Thread 0x0000025decf642a0 Thread exited: 0x0000025decf642a0
Event: 43.048 Thread 0x0000025de31b9740 Thread added: 0x0000025dff498e50
Event: 47.472 Thread 0x0000025de31b9740 Thread added: 0x0000025df4585610
Event: 50.067 Thread 0x0000025dec132c50 Thread exited: 0x0000025dec132c50
Event: 57.707 Thread 0x0000025df4585610 Thread exited: 0x0000025df4585610
Event: 62.701 Thread 0x0000025dff498e50 Thread exited: 0x0000025dff498e50
Event: 62.718 Thread 0x0000025de31b9740 Thread added: 0x0000025df87f6050
Event: 63.180 Thread 0x0000025de31b9740 Thread added: 0x0000025df87f9000
Event: 76.870 Thread 0x0000025df87f9000 Thread exited: 0x0000025df87f9000
Event: 78.245 Thread 0x0000025de31b9740 Thread added: 0x0000025dfe32cca0
Event: 82.549 Thread 0x0000025dfe32cca0 Thread exited: 0x0000025dfe32cca0
Event: 86.439 Thread 0x0000025de31b9740 Thread added: 0x0000025dfe609000


Dynamic libraries:
0x00007ff728b00000 - 0x00007ff728b0a000 	C:\Program Files\Android\Android Studio\jbr\bin\java.exe
0x00007fff575a0000 - 0x00007fff57807000 	C:\WINDOWS\SYSTEM32\ntdll.dll
0x00007fff55480000 - 0x00007fff55549000 	C:\WINDOWS\System32\KERNEL32.DLL
0x00007fff54600000 - 0x00007fff549f4000 	C:\WINDOWS\System32\KERNELBASE.dll
0x00007fff540a0000 - 0x00007fff541eb000 	C:\WINDOWS\System32\ucrtbase.dll
0x00007fff451d0000 - 0x00007fff451e8000 	C:\Program Files\Android\Android Studio\jbr\bin\jli.dll
0x00007fff40810000 - 0x00007fff4082b000 	C:\Program Files\Android\Android Studio\jbr\bin\VCRUNTIME140.dll
0x00007fff55ff0000 - 0x00007fff561b5000 	C:\WINDOWS\System32\USER32.dll
0x00007fff54520000 - 0x00007fff54547000 	C:\WINDOWS\System32\win32u.dll
0x00007fff55450000 - 0x00007fff5547b000 	C:\WINDOWS\System32\GDI32.dll
0x00007fff37830000 - 0x00007fff37ac3000 	C:\WINDOWS\WinSxS\amd64_microsoft.windows.common-controls_6595b64144ccf1df_6.0.26100.8115_none_3e075c82e3354f9c\COMCTL32.dll
0x00007fff543f0000 - 0x00007fff5451b000 	C:\WINDOWS\System32\gdi32full.dll
0x00007fff54550000 - 0x00007fff545f3000 	C:\WINDOWS\System32\msvcp_win.dll
0x00007fff559d0000 - 0x00007fff55a79000 	C:\WINDOWS\System32\msvcrt.dll
0x00007fff56770000 - 0x00007fff567a2000 	C:\WINDOWS\System32\IMM32.DLL
0x00007fff454c0000 - 0x00007fff454cc000 	C:\Program Files\Android\Android Studio\jbr\bin\vcruntime140_1.dll
0x00007ffee2db0000 - 0x00007ffee2e3d000 	C:\Program Files\Android\Android Studio\jbr\bin\msvcp140.dll
0x00007ffe92320000 - 0x00007ffe92fb6000 	C:\Program Files\Android\Android Studio\jbr\bin\server\jvm.dll
0x00007fff57380000 - 0x00007fff57436000 	C:\WINDOWS\System32\ADVAPI32.dll
0x00007fff55c10000 - 0x00007fff55cb7000 	C:\WINDOWS\System32\sechost.dll
0x00007fff56650000 - 0x00007fff56768000 	C:\WINDOWS\System32\RPCRT4.dll
0x00007fff574d0000 - 0x00007fff57550000 	C:\WINDOWS\System32\WS2_32.dll
0x00007fff53cf0000 - 0x00007fff53d4e000 	C:\WINDOWS\SYSTEM32\POWRPROF.dll
0x00007fff45750000 - 0x00007fff4575b000 	C:\WINDOWS\SYSTEM32\VERSION.dll
0x00007fff4c0b0000 - 0x00007fff4c0e6000 	C:\WINDOWS\SYSTEM32\WINMM.dll
0x00007fff53cd0000 - 0x00007fff53ce4000 	C:\WINDOWS\SYSTEM32\UMPDC.dll
0x00007fff52c00000 - 0x00007fff52c1b000 	C:\WINDOWS\SYSTEM32\kernel.appcore.dll
0x00007fff45470000 - 0x00007fff4547a000 	C:\Program Files\Android\Android Studio\jbr\bin\jimage.dll
0x00007fff51cc0000 - 0x00007fff51f02000 	C:\WINDOWS\SYSTEM32\DBGHELP.DLL
0x00007fff55640000 - 0x00007fff559c2000 	C:\WINDOWS\System32\combase.dll
0x00007fff55dc0000 - 0x00007fff55e98000 	C:\WINDOWS\System32\OLEAUT32.dll
0x00007fff429f0000 - 0x00007fff42a2b000 	C:\WINDOWS\SYSTEM32\dbgcore.DLL
0x00007fff53e70000 - 0x00007fff53f15000 	C:\WINDOWS\System32\bcryptPrimitives.dll
0x00007fff40da0000 - 0x00007fff40dae000 	C:\Program Files\Android\Android Studio\jbr\bin\instrument.dll
0x00007fff45450000 - 0x00007fff45470000 	C:\Program Files\Android\Android Studio\jbr\bin\java.dll
0x00007fff3df90000 - 0x00007fff3dfa8000 	C:\Program Files\Android\Android Studio\jbr\bin\zip.dll
0x00007fff56a20000 - 0x00007fff57187000 	C:\WINDOWS\System32\SHELL32.dll
0x00007fff541f0000 - 0x00007fff5435a000 	C:\WINDOWS\System32\wintypes.dll
0x00007fff54a00000 - 0x00007fff55268000 	C:\WINDOWS\System32\windows.storage.dll
0x00007fff55cc0000 - 0x00007fff55db8000 	C:\WINDOWS\System32\SHCORE.dll
0x00007fff55550000 - 0x00007fff555b6000 	C:\WINDOWS\System32\shlwapi.dll
0x00007fff53d90000 - 0x00007fff53db9000 	C:\WINDOWS\SYSTEM32\profapi.dll
0x00007fff45430000 - 0x00007fff45440000 	C:\Program Files\Android\Android Studio\jbr\bin\net.dll
0x00007fff45b30000 - 0x00007fff45c5d000 	C:\WINDOWS\SYSTEM32\WINHTTP.dll
0x00007fff53170000 - 0x00007fff531dc000 	C:\WINDOWS\system32\mswsock.dll
0x00007fff3df70000 - 0x00007fff3df86000 	C:\Program Files\Android\Android Studio\jbr\bin\nio.dll
0x00007fff45270000 - 0x00007fff45280000 	C:\Program Files\Android\Android Studio\jbr\bin\verify.dll
0x00007ffef2fa0000 - 0x00007ffef2fc7000 	C:\Users\kenne\.gradle\native\660c5614fbf4a5f2a75b1949f50a0caf5cd603558e7d8a26e50b933a0cfb79d1\windows-amd64\native-platform.dll
0x00007ffeea100000 - 0x00007ffeea177000 	C:\Users\kenne\.gradle\native\0.2.8\x86_64-windows-gnu\gradle-fileevents.dll
0x00007fff41920000 - 0x00007fff41929000 	C:\Program Files\Android\Android Studio\jbr\bin\management.dll
0x00007fff41570000 - 0x00007fff4157b000 	C:\Program Files\Android\Android Studio\jbr\bin\management_ext.dll
0x00007fff55440000 - 0x00007fff55448000 	C:\WINDOWS\System32\PSAPI.DLL
0x00007fff525b0000 - 0x00007fff525e2000 	C:\WINDOWS\SYSTEM32\IPHLPAPI.DLL
0x00007fff57370000 - 0x00007fff5737a000 	C:\WINDOWS\System32\NSI.dll
0x00007fff453a0000 - 0x00007fff453a9000 	C:\Program Files\Android\Android Studio\jbr\bin\extnet.dll
0x00007fff53460000 - 0x00007fff5347b000 	C:\WINDOWS\SYSTEM32\CRYPTSP.dll
0x00007fff52b60000 - 0x00007fff52b99000 	C:\WINDOWS\system32\rsaenh.dll
0x00007fff53220000 - 0x00007fff53253000 	C:\WINDOWS\SYSTEM32\USERENV.dll
0x00007fff53d60000 - 0x00007fff53d8a000 	C:\WINDOWS\SYSTEM32\bcrypt.dll
0x00007fff53450000 - 0x00007fff5345c000 	C:\WINDOWS\SYSTEM32\CRYPTBASE.dll
0x00007fff2b3f0000 - 0x00007fff2b3f8000 	C:\WINDOWS\system32\wshunix.dll
0x00007ffed9a30000 - 0x00007ffed9bc9000 	C:\Program Files\Android\Android Studio\jbr\bin\awt.dll
0x00007ffef5460000 - 0x00007ffef54a4000 	C:\Program Files\Android\Android Studio\jbr\bin\nvdaControllerClient64.dll
0x00007fff19c10000 - 0x00007fff19c86000 	C:\WINDOWS\SYSTEM32\OLEACC.dll
0x00007fff51700000 - 0x00007fff5172f000 	C:\WINDOWS\SYSTEM32\dwmapi.dll
0x00007fff51200000 - 0x00007fff5129f000 	C:\WINDOWS\SYSTEM32\apphelp.dll
0x00007fff51420000 - 0x00007fff514c9000 	C:\WINDOWS\system32\uxtheme.dll
0x00007fff55ab0000 - 0x00007fff55c0c000 	C:\WINDOWS\System32\MSCTF.dll
0x00007fff56880000 - 0x00007fff56a17000 	C:\WINDOWS\System32\ole32.dll
0x00007fff52d20000 - 0x00007fff52d56000 	C:\WINDOWS\SYSTEM32\ntmarta.dll

JVMTI agents:
C:\Users\kenne\.gradle\wrapper\dists\gradle-9.3.1-bin\23ovyewtku6u96viwx3xl3oks\gradle-9.3.1\lib\agents\gradle-instrumentation-agent-9.3.1.jar path:C:\Program Files\Android\Android Studio\jbr\bin\instrument.dll, loaded, initialized, instrumentlib options:none

dbghelp: loaded successfully - version: 4.0.5 - missing functions: none
symbol engine: initialized successfully - sym options: 0x614 - pdb path: .;C:\Program Files\Android\Android Studio\jbr\bin;C:\WINDOWS\SYSTEM32;C:\WINDOWS\WinSxS\amd64_microsoft.windows.common-controls_6595b64144ccf1df_6.0.26100.8115_none_3e075c82e3354f9c;C:\Program Files\Android\Android Studio\jbr\bin\server;C:\Users\kenne\.gradle\native\660c5614fbf4a5f2a75b1949f50a0caf5cd603558e7d8a26e50b933a0cfb79d1\windows-amd64;C:\Users\kenne\.gradle\native\0.2.8\x86_64-windows-gnu;C:\Users\kenne\AppData\Local\Temp

VM Arguments:
jvm_args: --add-opens=java.base/java.lang=ALL-UNNAMED --add-opens=java.base/java.lang.invoke=ALL-UNNAMED --add-opens=java.base/java.util=ALL-UNNAMED --add-opens=java.prefs/java.util.prefs=ALL-UNNAMED --add-exports=jdk.compiler/com.sun.tools.javac.api=ALL-UNNAMED --add-exports=jdk.compiler/com.sun.tools.javac.util=ALL-UNNAMED --add-opens=java.base/java.util=ALL-UNNAMED --add-opens=java.prefs/java.util.prefs=ALL-UNNAMED --add-opens=java.base/java.nio.charset=ALL-UNNAMED --add-opens=java.base/java.net=ALL-UNNAMED --add-opens=java.base/java.util.concurrent=ALL-UNNAMED --add-opens=java.base/java.util.concurrent.atomic=ALL-UNNAMED --add-opens=java.xml/javax.xml.namespace=ALL-UNNAMED --add-opens=java.base/java.time=ALL-UNNAMED -Xmx4g -Dfile.encoding=UTF-8 -Duser.country=BR -Duser.language=pt -Duser.variant -javaagent:C:\Users\kenne\.gradle\wrapper\dists\gradle-9.3.1-bin\23ovyewtku6u96viwx3xl3oks\gradle-9.3.1\lib\agents\gradle-instrumentation-agent-9.3.1.jar 
java_command: org.gradle.launcher.daemon.bootstrap.GradleDaemon 9.3.1
java_class_path (initial): C:\Users\kenne\.gradle\wrapper\dists\gradle-9.3.1-bin\23ovyewtku6u96viwx3xl3oks\gradle-9.3.1\lib\gradle-daemon-main-9.3.1.jar
Launcher Type: SUN_STANDARD

[Global flags]
     intx CICompilerCount                          = 4                                         {product} {ergonomic}
     uint ConcGCThreads                            = 2                                         {product} {ergonomic}
     uint G1ConcRefinementThreads                  = 8                                         {product} {ergonomic}
   size_t G1HeapRegionSize                         = 2097152                                   {product} {ergonomic}
    uintx GCDrainStackTargetSize                   = 64                                        {product} {ergonomic}
   size_t InitialHeapSize                          = 130023424                                 {product} {ergonomic}
   size_t MarkStackSize                            = 4194304                                   {product} {ergonomic}
   size_t MaxHeapSize                              = 4294967296                                {product} {command line}
   size_t MaxNewSize                               = 2575302656                                {product} {ergonomic}
   size_t MinHeapDeltaBytes                        = 2097152                                   {product} {ergonomic}
   size_t MinHeapSize                              = 8388608                                   {product} {ergonomic}
    uintx NonNMethodCodeHeapSize                   = 5839372                                {pd product} {ergonomic}
    uintx NonProfiledCodeHeapSize                  = 122909434                              {pd product} {ergonomic}
    uintx ProfiledCodeHeapSize                     = 122909434                              {pd product} {ergonomic}
    uintx ReservedCodeCacheSize                    = 251658240                              {pd product} {ergonomic}
     bool SegmentedCodeCache                       = true                                      {product} {ergonomic}
   size_t SoftMaxHeapSize                          = 4294967296                             {manageable} {ergonomic}
     bool UseCompressedOops                        = true                           {product lp64_product} {ergonomic}
     bool UseG1GC                                  = true                                      {product} {ergonomic}
     bool UseLargePagesIndividualAllocation        = false                                  {pd product} {ergonomic}

Logging:
Log output configuration:
 #0: stdout all=warning uptime,level,tags foldmultilines=false
 #1: stderr all=off uptime,level,tags foldmultilines=false

Release file:
JAVA_VERSION="21.0.10" 
MODULES="java.base java.compiler java.datatransfer java.xml java.prefs java.desktop java.instrument java.logging java.management java.security.sasl java.naming java.rmi java.management.rmi java.net.http java.scripting java.security.jgss java.transaction.xa java.sql java.sql.rowset java.xml.crypto java.se java.smartcardio jdk.accessibility jdk.internal.jvmstat jdk.attach jdk.charsets jdk.internal.opt jdk.zipfs jdk.compiler jdk.crypto.ec jdk.crypto.cryptoki jdk.dynalink jdk.hotspot.agent jdk.httpserver jdk.internal.ed jdk.internal.le jdk.internal.vm.ci jdk.jartool jdk.javadoc jdk.jcmd jdk.jdeps jdk.jdwp.agent jdk.jdi jdk.jfr jdk.jlink jdk.jsobject jdk.localedata jdk.management jdk.management.agent jdk.management.jfr jdk.naming.dns jdk.naming.rmi jdk.net jdk.sctp jdk.security.auth jdk.security.jgss jdk.unsupported jdk.unsupported.desktop jdk.xml.dom" 
IMPLEMENTOR="JetBrains s.r.o." 
JAVA_RUNTIME_VERSION="21.0.10+-14961533-b1163.108" 
LIBC="default" 
OS_ARCH="x86_64" 
OS_NAME="Windows" 
SOURCE=".:git:1351622c2ff2" 

Environment Variables:
JAVA_HOME=C:\Program Files\Android\Android Studio\jbr
PATH=C:/Users/kenne/.gemini/antigravity-ide/bin;C:\WINDOWS\system32;C:\WINDOWS;C:\WINDOWS\System32\Wbem;C:\WINDOWS\System32\WindowsPowerShell\v1.0\;C:\WINDOWS\System32\OpenSSH\;C:\Program Files\dotnet\;C:\Users\kenne\adb-fastboot\platform-tools;C:\Program Files\nodejs\;C:\Program Files\Git\cmd;C:\Users\kenne\AppData\Local\Microsoft\WindowsApps;C:\Users\kenne\AppData\Roaming\npm;C:\Users\kenne\AppData\Local\Programs\Antigravity IDE\bin;C:\Users\kenne\AppData\AndroidCLI;C:\Users\kenne\.local\bin
USERNAME=kenne
OS=Windows_NT
PROCESSOR_IDENTIFIER=Intel64 Family 6 Model 140 Stepping 2, GenuineIntel
TMP=C:\Users\kenne\AppData\Local\Temp
TEMP=C:\Users\kenne\AppData\Local\Temp




Periodic native trim disabled

JNI global refs:
JNI global refs: 58, weak refs: 17

JNI global refs memory usage: 835, weak refs: 833

Process memory usage:
Resident Set Size: 1339700K (16% of 8121124K total physical memory with 665384K free physical memory)

OOME stack traces (most recent first):
Classloader memory used:
Loader java.net.URLClassLoader                                                         : 132M
Loader org.gradle.internal.classloader.VisitableURLClassLoader                         : 46599K
Loader bootstrap                                                                       : 32546K
Loader org.gradle.internal.classloader.VisitableURLClassLoader$InstrumentingVisitableURLClassLoader: 32495K
Loader org.gradle.initialization.MixInLegacyTypesClassLoader                           : 16025K
Loader jdk.internal.reflect.DelegatingClassLoader                                      : 953K
Loader jdk.internal.jrtfs.JrtFileSystemProvider$JrtFsLoader                            : 646K
Loader org.gradle.internal.classloader.VisitableURLClassLoader                         : 385K
Loader jdk.internal.loader.ClassLoaders$PlatformClassLoader                            : 314K
Loader jdk.internal.loader.ClassLoaders$AppClassLoader                                 : 231K

Classes loaded by more than one classloader:
Class Program                                                                         : loaded 5 times (x 72B)
Class kotlin.ranges.IntProgression                                                    : loaded 3 times (x 81B)
Class kotlin.io.FileWalkDirection                                                     : loaded 3 times (x 79B)
Class kotlin.sequences.FlatteningSequence                                             : loaded 3 times (x 75B)
Class kotlin.coroutines.jvm.internal.CompletedContinuation                            : loaded 3 times (x 75B)
Class jdk.internal.jimage.decompressor.ResourceDecompressor$StringsProvider           : loaded 3 times (x 70B)
Class kotlin.io.TextStreamsKt                                                         : loaded 3 times (x 71B)
Class kotlin.text.StringsKt__StringsKt                                                : loaded 3 times (x 71B)
Class kotlin.NotImplementedError                                                      : loaded 3 times (x 82B)
Class kotlin.coroutines.CoroutineContext                                              : loaded 3 times (x 70B)
Class kotlin.coroutines.jvm.internal.DebugProbesKt                                    : loaded 3 times (x 71B)
Class kotlin.time.DurationUnitKt                                                      : loaded 3 times (x 71B)
Class kotlin.ranges.IntProgressionIterator                                            : loaded 3 times (x 82B)
Class jdk.internal.jimage.BasicImageReader                                            : loaded 3 times (x 95B)
Class kotlin.collections.CollectionsKt                                                : loaded 3 times (x 71B)
Class kotlin.reflect.KMutableProperty2                                                : loaded 3 times (x 70B)
Class kotlin.io.NoSuchFileException                                                   : loaded 3 times (x 82B)
Class kotlin.reflect.KMutableProperty1                                                : loaded 3 times (x 70B)
Class kotlin.sequences.FilteringSequence$iterator$1                                   : loaded 3 times (x 79B)
Class kotlin.sequences.SequencesKt__SequenceBuilderKt                                 : loaded 3 times (x 71B)
Class kotlin.io.FilesKt__FileTreeWalkKt                                               : loaded 3 times (x 71B)
Class kotlin.coroutines.jvm.internal.CoroutineStackFrame                              : loaded 3 times (x 70B)
Class kotlin.jvm.internal.CollectionToArray                                           : loaded 3 times (x 71B)
Class kotlin.coroutines.intrinsics.IntrinsicsKt__IntrinsicsJvmKt                      : loaded 3 times (x 71B)
Class kotlin.collections.CollectionsKt__ReversedViewsKt                               : loaded 3 times (x 71B)
Class kotlin.jvm.internal.Ref$BooleanRef                                              : loaded 3 times (x 71B)
Class kotlin.jvm.internal.StringCompanionObject                                       : loaded 3 times (x 71B)
Class kotlin.SafePublicationLazyImpl$Companion                                        : loaded 3 times (x 71B)
Class kotlin.jvm.internal.PropertyReference1Impl                                      : loaded 3 times (x 127B)
Class kotlin.jvm.internal.MutablePropertyReference1                                   : loaded 3 times (x 137B)
Class kotlin.reflect.KClassifier                                                      : loaded 3 times (x 70B)
Class kotlin.reflect.KMutableProperty0                                                : loaded 3 times (x 70B)
Class kotlin.coroutines.jvm.internal.SuspendFunction                                  : loaded 3 times (x 70B)
Class kotlin.io.FileTreeWalk                                                          : loaded 3 times (x 75B)
Class kotlin.ranges.IntProgression$Companion                                          : loaded 3 times (x 71B)
Class [Lkotlin.io.FileWalkDirection;                                                  : loaded 3 times (x 69B)
Class Build_gradle                                                                    : loaded 3 times (x 126B)
Class kotlin.jvm.internal.markers.KMappedMarker                                       : loaded 3 times (x 70B)
Class kotlin.collections.builders.MapBuilder                                          : loaded 3 times (x 112B)
Class [Lkotlin.reflect.KProperty;                                                     : loaded 3 times (x 69B)
Class kotlin.time.Duration                                                            : loaded 3 times (x 74B)
Class jdk.internal.jimage.decompressor.StringSharingDecompressorFactory               : loaded 3 times (x 74B)
Class kotlin.collections.builders.ListBuilder$Itr                                     : loaded 3 times (x 94B)
Class kotlin.sequences.ConstrainedOnceSequence                                        : loaded 3 times (x 75B)
Class kotlin.sequences.TransformingSequence                                           : loaded 3 times (x 75B)
Class kotlin.NoWhenBranchMatchedException                                             : loaded 3 times (x 82B)
Class kotlin.Lazy                                                                     : loaded 3 times (x 70B)
Class kotlin.jvm.functions.Function19                                                 : loaded 3 times (x 70B)
Class kotlin.reflect.KMutableProperty$Setter                                          : loaded 3 times (x 70B)
Class kotlin.jvm.internal.CallableReference$NoReceiver                                : loaded 3 times (x 71B)
Class kotlin.text.StringsKt__StringBuilderKt                                          : loaded 3 times (x 71B)
Class kotlin.jvm.functions.Function18                                                 : loaded 3 times (x 70B)
Class kotlin.collections.ArraysKt__ArraysJVMKt                                        : loaded 3 times (x 71B)
Class kotlin.jvm.functions.Function17                                                 : loaded 3 times (x 70B)
Class [Lkotlin.reflect.KClass;                                                        : loaded 3 times (x 69B)
Class kotlin.InitializedLazyImpl                                                      : loaded 3 times (x 76B)
Class kotlin.LazyKt                                                                   : loaded 3 times (x 71B)
Class kotlin.collections.SetsKt__SetsKt                                               : loaded 3 times (x 71B)
Class kotlin.jvm.functions.Function16                                                 : loaded 3 times (x 70B)
Class kotlin.coroutines.EmptyCoroutineContext                                         : loaded 3 times (x 77B)
Class kotlin.collections.ArraysKt                                                     : loaded 3 times (x 71B)
Class kotlin.jvm.functions.Function15                                                 : loaded 3 times (x 70B)
Class kotlin.text.CharsKt__CharKt                                                     : loaded 3 times (x 71B)
Class kotlin.collections.ArrayDeque$Companion                                         : loaded 3 times (x 71B)
Class kotlin.coroutines.jvm.internal.Boxing                                           : loaded 3 times (x 71B)
Class kotlin.sequences.SequencesKt___SequencesKt                                      : loaded 3 times (x 71B)
Class kotlin.KotlinVersion$Companion                                                  : loaded 3 times (x 71B)
Class kotlin.collections.AbstractList$Companion                                       : loaded 3 times (x 71B)
Class kotlin.ranges.RangesKt___RangesKt                                               : loaded 3 times (x 71B)
Class kotlin.jvm.functions.Function14                                                 : loaded 3 times (x 70B)
Class kotlin.io.FileTreeWalk$FileTreeWalkIterator                                     : loaded 3 times (x 83B)
Class kotlin.sequences.SequencesKt___SequencesKt$flatMap$2                            : loaded 3 times (x 125B)
Class kotlin.KotlinNullPointerException                                               : loaded 3 times (x 83B)
Class kotlin.jvm.functions.Function13                                                 : loaded 3 times (x 70B)
Class kotlin.text.Charsets                                                            : loaded 3 times (x 71B)
Class kotlin.ranges.OpenEndRange                                                      : loaded 3 times (x 70B)
Class kotlin.coroutines.ContinuationInterceptor                                       : loaded 3 times (x 70B)
Class kotlin.text.StringsKt__AppendableKt                                             : loaded 3 times (x 71B)
Class kotlin.sequences.SequenceBuilderIterator                                        : loaded 3 times (x 85B)
Class jdk.internal.jimage.decompressor.CompressedResourceHeader                       : loaded 3 times (x 71B)
Class kotlin.collections.CollectionsKt__IterablesKt                                   : loaded 3 times (x 71B)
Class kotlin.jvm.internal.AdaptedFunctionReference                                    : loaded 3 times (x 77B)
Class kotlin.collections.MapsKt                                                       : loaded 3 times (x 71B)
Class kotlin.reflect.KProperty$Accessor                                               : loaded 3 times (x 70B)
Class [Lkotlin.reflect.KCallable;                                                     : loaded 3 times (x 69B)
Class kotlin.jvm.internal.ArrayIteratorKt                                             : loaded 3 times (x 71B)
Class kotlin.jvm.functions.Function12                                                 : loaded 3 times (x 70B)
Class kotlin.coroutines.intrinsics.CoroutineSingletons                                : loaded 3 times (x 79B)
Class jdk.internal.jrtfs.JrtFileSystem                                                : loaded 3 times (x 102B)
Class kotlin.jvm.internal.Intrinsics                                                  : loaded 3 times (x 71B)
Class kotlin.sequences.SequenceScope                                                  : loaded 3 times (x 73B)
Class kotlin.reflect.KAnnotatedElement                                                : loaded 3 times (x 70B)
Class kotlin.collections.EmptyMap                                                     : loaded 3 times (x 108B)
Class kotlin.sequences.Sequence                                                       : loaded 3 times (x 70B)
Class kotlin.jvm.internal.markers.KMutableCollection                                  : loaded 3 times (x 70B)
Class kotlin.collections.builders.MapBuilder$EntryRef                                 : loaded 3 times (x 81B)
Class kotlin.text.StringsKt__StringNumberConversionsJVMKt                             : loaded 3 times (x 71B)
Class kotlin.jvm.functions.Function11                                                 : loaded 3 times (x 70B)
Class kotlin.ranges.IntRange$Companion                                                : loaded 3 times (x 71B)
Class kotlin.coroutines.intrinsics.IntrinsicsKt                                       : loaded 3 times (x 71B)
Class [Lkotlin.reflect.KClassifier;                                                   : loaded 3 times (x 69B)
Class kotlin.collections.CollectionsKt___CollectionsKt$asSequence$$inlined$Sequence$1 : loaded 3 times (x 75B)
Class [Lkotlin.LazyThreadSafetyMode;                                                  : loaded 3 times (x 69B)
Class kotlin.jvm.functions.Function9                                                  : loaded 3 times (x 70B)
Class kotlin.jvm.functions.Function10                                                 : loaded 3 times (x 70B)
Class kotlin.jvm.functions.Function20                                                 : loaded 3 times (x 70B)
Class kotlin.annotation.MustBeDocumented                                              : loaded 3 times (x 70B)
Class kotlin.enums.EnumEntriesKt                                                      : loaded 3 times (x 71B)
Class kotlin.text.StringsKt___StringsKt                                               : loaded 3 times (x 71B)
Class kotlin.collections.CollectionsKt__MutableCollectionsJVMKt                       : loaded 3 times (x 71B)
Class kotlin.collections.builders.MapBuilder$Companion                                : loaded 3 times (x 71B)
Class kotlin.jvm.functions.Function8                                                  : loaded 3 times (x 70B)
Class [Lkotlin.annotation.AnnotationRetention;                                        : loaded 3 times (x 69B)
Class kotlin.jvm.functions.Function21                                                 : loaded 3 times (x 70B)
Class kotlin.collections.MapsKt__MapWithDefaultKt                                     : loaded 3 times (x 71B)
Class kotlin.jvm.functions.Function7                                                  : loaded 3 times (x 70B)
Class [Lkotlin.time.DurationUnit;                                                     : loaded 3 times (x 69B)
Class kotlin.collections.ArraysKt___ArraysKt                                          : loaded 3 times (x 71B)
Class kotlin.annotation.AnnotationRetention                                           : loaded 3 times (x 79B)
Class kotlin.collections.MapWithDefault                                               : loaded 3 times (x 70B)
Class kotlin.collections.MapsKt___MapsKt                                              : loaded 3 times (x 71B)
Class kotlin.coroutines.jvm.internal.SuspendLambda                                    : loaded 3 times (x 91B)
Class kotlin.coroutines.jvm.internal.ContinuationImpl                                 : loaded 3 times (x 87B)
Class kotlin.jvm.functions.Function22                                                 : loaded 3 times (x 70B)
Class kotlin.collections.builders.MapBuilderEntries                                   : loaded 3 times (x 145B)
Class kotlin.jvm.functions.Function6                                                  : loaded 3 times (x 70B)
Class kotlin.io.FilesKt                                                               : loaded 3 times (x 71B)
Class kotlin.reflect.KDeclarationContainer                                            : loaded 3 times (x 70B)
Class kotlin.text.StringsKt___StringsJvmKt                                            : loaded 3 times (x 71B)
Class kotlin.jvm.functions.Function5                                                  : loaded 3 times (x 70B)
Class kotlin.annotation.Retention                                                     : loaded 3 times (x 70B)
Class kotlin.reflect.KTypeParameter                                                   : loaded 3 times (x 70B)
Class kotlin.collections.ArraysKt___ArraysJvmKt                                       : loaded 3 times (x 71B)
Class kotlin.collections.CollectionsKt__CollectionsKt                                 : loaded 3 times (x 71B)
Class kotlin.text.StringsKt__RegexExtensionsJVMKt                                     : loaded 3 times (x 71B)
Class jdk.internal.jimage.ImageStrings                                                : loaded 3 times (x 70B)
Class kotlin.collections.CollectionsKt___CollectionsKt                                : loaded 3 times (x 71B)
Class kotlin.collections.EmptySet                                                     : loaded 3 times (x 122B)
Class kotlin.text.Regex$Companion                                                     : loaded 3 times (x 71B)
Class kotlin._Assertions                                                              : loaded 3 times (x 71B)
Class kotlin.annotation.Target                                                        : loaded 3 times (x 70B)
Class kotlin.jvm.functions.Function4                                                  : loaded 3 times (x 70B)
Class kotlin.collections.MapsKt___MapsJvmKt                                           : loaded 3 times (x 71B)
Class kotlin.jvm.functions.Function3                                                  : loaded 3 times (x 70B)
Class kotlin.io.FileTreeWalk$WalkState                                                : loaded 3 times (x 73B)
Class [Lkotlin.annotation.AnnotationTarget;                                           : loaded 3 times (x 69B)
Class [Lkotlin.coroutines.intrinsics.CoroutineSingletons;                             : loaded 3 times (x 69B)
Class kotlin.jvm.internal.markers.KMutableIterator                                    : loaded 3 times (x 70B)
Class kotlin.jvm.internal.FunctionReference                                           : loaded 3 times (x 122B)
Class kotlin.jvm.internal.FunctionBase                                                : loaded 3 times (x 70B)
Class kotlin.enums.EnumEntriesList                                                    : loaded 3 times (x 223B)
Class kotlin.jvm.functions.Function2                                                  : loaded 3 times (x 70B)
Class kotlin.KotlinNothingValueException                                              : loaded 3 times (x 82B)
Class kotlin.jvm.functions.Function1                                                  : loaded 3 times (x 70B)
Class kotlin.collections.AbstractMutableList                                          : loaded 3 times (x 206B)
Class kotlin.comparisons.ComparisonsKt___ComparisonsJvmKt                             : loaded 3 times (x 71B)
Class kotlin.properties.ReadWriteProperty                                             : loaded 3 times (x 70B)
Class kotlin.collections.builders.ListBuilder$Companion                               : loaded 3 times (x 71B)
Class kotlin.collections.builders.ListBuilder                                         : loaded 3 times (x 207B)
Class jdk.internal.jimage.decompressor.ZipDecompressor                                : loaded 3 times (x 75B)
Class kotlin.collections.builders.AbstractMapBuilderEntrySet                          : loaded 3 times (x 144B)
Class kotlin.collections.CollectionsKt__IteratorsJVMKt                                : loaded 3 times (x 71B)
Class kotlin.jvm.functions.Function0                                                  : loaded 3 times (x 70B)
Class kotlin.collections.ArraysUtilJVM                                                : loaded 3 times (x 71B)
Class kotlin.sequences.FlatteningSequence$iterator$1                                  : loaded 3 times (x 79B)
Class kotlin.sequences.GeneratorSequence                                              : loaded 3 times (x 75B)
Class kotlin.ranges.RangesKt                                                          : loaded 3 times (x 71B)
Class kotlin.jvm.internal.markers.KMutableIterable                                    : loaded 3 times (x 70B)
Class kotlin.Result                                                                   : loaded 3 times (x 72B)
Class kotlin.reflect.KProperty0                                                       : loaded 3 times (x 70B)
Class kotlin.TuplesKt                                                                 : loaded 3 times (x 71B)
Class kotlin.Unit                                                                     : loaded 3 times (x 71B)
Class kotlin.sequences.SequencesKt___SequencesJvmKt                                   : loaded 3 times (x 71B)
Class kotlin.time.DurationKt                                                          : loaded 3 times (x 71B)
Class kotlin.jvm.internal.FunctionReferenceImpl                                       : loaded 3 times (x 122B)
Class kotlin.collections.CollectionsKt___CollectionsJvmKt                             : loaded 3 times (x 71B)
Class jdk.internal.jrtfs.JrtFileSystemProvider                                        : loaded 3 times (x 101B)
Class kotlin.sequences.TransformingSequence$iterator$1                                : loaded 3 times (x 79B)
Class kotlin.text.DelimitedRangesSequence                                             : loaded 3 times (x 75B)
Class kotlin.Pair                                                                     : loaded 3 times (x 72B)
Class kotlin.reflect.KProperty1                                                       : loaded 3 times (x 70B)
Class kotlin.reflect.KClass                                                           : loaded 3 times (x 70B)
Class kotlin.reflect.KType                                                            : loaded 3 times (x 70B)
Class kotlin.text.CharsKt__CharJVMKt                                                  : loaded 3 times (x 71B)
Class kotlin.Result$Companion                                                         : loaded 3 times (x 71B)
Class kotlin.sequences.FilteringSequence                                              : loaded 3 times (x 75B)
Class kotlin.coroutines.jvm.internal.BaseContinuationImpl                             : loaded 3 times (x 87B)
Class kotlin.sequences.GeneratorSequence$iterator$1                                   : loaded 3 times (x 79B)
Class kotlin.comparisons.ComparisonsKt___ComparisonsKt                                : loaded 3 times (x 71B)
Class kotlin.io.CloseableKt                                                           : loaded 3 times (x 71B)
Class kotlin.reflect.KProperty2                                                       : loaded 3 times (x 70B)
Class kotlin.collections.CollectionsKt__MutableCollectionsKt                          : loaded 3 times (x 71B)
Class kotlin.comparisons.ComparisonsKt                                                : loaded 3 times (x 71B)
Class jdk.internal.jimage.decompressor.ZipDecompressorFactory                         : loaded 3 times (x 74B)
Class kotlin.ranges.RangesKt__RangesKt                                                : loaded 3 times (x 71B)
Class kotlin.jvm.internal.ClassBasedDeclarationContainer                              : loaded 3 times (x 70B)
Class kotlin.collections.SetsKt___SetsKt                                              : loaded 3 times (x 71B)
Class kotlin.coroutines.CoroutineContext$Element                                      : loaded 3 times (x 70B)
Class kotlin.io.TerminateException                                                    : loaded 3 times (x 82B)
Class kotlin.io.FilesKt__FilePathComponentsKt                                         : loaded 3 times (x 71B)
Class kotlin.sequences.SequencesKt__SequencesKt                                       : loaded 3 times (x 71B)
Class kotlin.reflect.KCallable                                                        : loaded 3 times (x 70B)
Class kotlin.coroutines.Continuation                                                  : loaded 3 times (x 70B)
Class kotlin.collections.AbstractIterator                                             : loaded 3 times (x 83B)
Class kotlin.text.CharsKt                                                             : loaded 3 times (x 71B)
Class kotlin.comparisons.ComparisonsKt__ComparisonsKt                                 : loaded 3 times (x 71B)
Class kotlin.UNINITIALIZED_VALUE                                                      : loaded 3 times (x 71B)
Class kotlin.jvm.internal.ReflectionFactory                                           : loaded 3 times (x 91B)
Class jdk.internal.jimage.ImageLocation                                               : loaded 3 times (x 90B)
Class kotlin.jvm.internal.Ref$ObjectRef                                               : loaded 3 times (x 72B)
Class kotlin.LazyKt__LazyKt                                                           : loaded 3 times (x 71B)
Class kotlin.text.StringsKt__StringBuilderJVMKt                                       : loaded 3 times (x 71B)
Class kotlin.coroutines.ContinuationInterceptor$Key                                   : loaded 3 times (x 71B)
Class kotlin.text.DelimitedRangesSequence$iterator$1                                  : loaded 3 times (x 79B)
Class kotlin.text.Regex                                                               : loaded 3 times (x 72B)
Class kotlin.collections.ArrayAsCollection                                            : loaded 3 times (x 105B)
Class kotlin.Triple                                                                   : loaded 3 times (x 72B)
Class kotlin.sequences.SequencesKt__SequenceBuilderKt$sequence$$inlined$Sequence$1    : loaded 3 times (x 75B)
Class kotlin.collections.builders.MapBuilder$EntriesItr                               : loaded 3 times (x 81B)
Class kotlin.collections.AbstractCollection                                           : loaded 3 times (x 117B)
Class jdk.internal.jimage.ImageBufferCache$1                                          : loaded 3 times (x 83B)
Class kotlin.collections.AbstractList                                                 : loaded 3 times (x 197B)
Class kotlin.sequences.SequencesKt__SequencesJVMKt                                    : loaded 3 times (x 71B)
Class kotlin.io.FilePathComponents                                                    : loaded 3 times (x 72B)
Class kotlin.time.DurationUnitKt__DurationUnitJvmKt                                   : loaded 3 times (x 71B)
Class kotlin.collections.ArraysKt___ArraysKt$asSequence$$inlined$Sequence$1           : loaded 3 times (x 75B)
Class kotlin.coroutines.jvm.internal.RestrictedSuspendLambda                          : loaded 3 times (x 91B)
Class jdk.internal.jimage.ImageReader$Directory                                       : loaded 3 times (x 84B)
Class kotlin.collections.MapsKt__MapsJVMKt                                            : loaded 3 times (x 71B)
Class kotlin.collections.EmptyList                                                    : loaded 3 times (x 174B)
Class kotlin.SynchronizedLazyImpl                                                     : loaded 3 times (x 76B)
Class kotlin.text.StringsKt__RegexExtensionsKt                                        : loaded 3 times (x 71B)
Class kotlin.collections.EmptyIterator                                                : loaded 3 times (x 89B)
Class jdk.internal.jimage.decompressor.ResourceDecompressorRepository                 : loaded 3 times (x 71B)
Class kotlin.jvm.internal.ArrayIterator                                               : loaded 3 times (x 79B)
Class jdk.internal.jimage.ImageBufferCache$2                                          : loaded 3 times (x 91B)
Class kotlin.LazyThreadSafetyMode                                                     : loaded 3 times (x 79B)
Class kotlin.jvm.internal.MutablePropertyReference                                    : loaded 3 times (x 119B)
Class kotlin.LazyKt__LazyJVMKt$WhenMappings                                           : loaded 3 times (x 71B)
Class kotlin.collections.builders.ListBuilderKt                                       : loaded 3 times (x 71B)
Class kotlin.UnsafeLazyImpl                                                           : loaded 3 times (x 76B)
Class kotlin.jvm.internal.PropertyReference1                                          : loaded 3 times (x 127B)
Class kotlin.io.FileSystemException                                                   : loaded 3 times (x 82B)
Class kotlin.sequences.EmptySequence                                                  : loaded 3 times (x 78B)
Class jdk.internal.jrtfs.JrtPath                                                      : loaded 3 times (x 118B)
Class jdk.internal.jimage.ImageBufferCache                                            : loaded 3 times (x 71B)
Class kotlin.jvm.internal.markers.KMutableListIterator                                : loaded 3 times (x 70B)
Class kotlin.ResultKt                                                                 : loaded 3 times (x 71B)
Class kotlin.enums.EnumEntries                                                        : loaded 3 times (x 70B)
Class kotlin.jvm.internal.markers.KMutableMap                                         : loaded 3 times (x 70B)
Class kotlin.properties.ReadOnlyProperty                                              : loaded 3 times (x 70B)
Class kotlin.collections.IndexingIterable                                             : loaded 3 times (x 79B)
Class kotlin.ranges.IntRange                                                          : loaded 3 times (x 93B)
Class kotlin.Result$Failure                                                           : loaded 3 times (x 72B)
Class kotlin.collections.ArraysKt__ArraysKt                                           : loaded 3 times (x 71B)
Class kotlin.jvm.internal.CallableReference                                           : loaded 3 times (x 106B)
Class kotlin.collections.AbstractList$IteratorImpl                                    : loaded 3 times (x 82B)
Class [Lkotlin.sequences.Sequence;                                                    : loaded 3 times (x 69B)
Class kotlin.jvm.internal.MutablePropertyReference1Impl                               : loaded 3 times (x 137B)
Class kotlin.text.StringsKt__StringNumberConversionsKt                                : loaded 3 times (x 71B)
Class [Lkotlin.Pair;                                                                  : loaded 3 times (x 69B)
Class kotlin.jvm.internal.markers.KMutableList                                        : loaded 3 times (x 70B)
Class kotlin.io.FilesKt__FileReadWriteKt                                              : loaded 3 times (x 71B)
Class kotlin.collections.SetsKt__SetsJVMKt                                            : loaded 3 times (x 71B)
Class jdk.internal.jimage.decompressor.Decompressor                                   : loaded 3 times (x 72B)
Class kotlin.Function                                                                 : loaded 3 times (x 70B)
Class kotlin.LazyKt__LazyJVMKt                                                        : loaded 3 times (x 71B)
Class kotlin.coroutines.CoroutineContext$Key                                          : loaded 3 times (x 70B)
Class kotlin.coroutines.jvm.internal.RestrictedContinuationImpl                       : loaded 3 times (x 87B)
Class kotlin.internal.ProgressionUtilKt                                               : loaded 3 times (x 71B)
Class kotlin.io.FileAlreadyExistsException                                            : loaded 3 times (x 82B)
Class kotlin.KotlinVersion                                                            : loaded 3 times (x 74B)
Class kotlin.text.StringsKt                                                           : loaded 3 times (x 71B)
Class kotlin.reflect.KMutableProperty                                                 : loaded 3 times (x 70B)
Class kotlin.jvm.internal.markers.KMutableSet                                         : loaded 3 times (x 70B)
Class kotlin.collections.CollectionsKt__IteratorsKt                                   : loaded 3 times (x 71B)
Class jdk.internal.jimage.ImageHeader                                                 : loaded 3 times (x 71B)
Class kotlin.collections.builders.MapBuilder$Itr                                      : loaded 3 times (x 72B)
Class kotlin.KotlinVersionCurrentValue                                                : loaded 3 times (x 71B)
Class kotlin.jvm.internal.PropertyReference                                           : loaded 3 times (x 115B)
Class kotlin.sequences.SequencesKt                                                    : loaded 3 times (x 71B)
Class kotlin.collections.IndexedValue                                                 : loaded 3 times (x 72B)
Class jdk.internal.jimage.BasicImageReader$1                                          : loaded 3 times (x 77B)
Class kotlin.collections.CollectionsKt__CollectionsJVMKt                              : loaded 3 times (x 71B)
Class kotlin.collections.IndexingIterator                                             : loaded 3 times (x 79B)
Class kotlin.io.FilesKt__UtilsKt                                                      : loaded 3 times (x 71B)
Class jdk.internal.jimage.ImageReader$Node                                            : loaded 3 times (x 84B)
Class kotlin.coroutines.intrinsics.IntrinsicsKt__IntrinsicsKt                         : loaded 3 times (x 71B)
Class kotlin.time.Duration$Companion                                                  : loaded 3 times (x 71B)
Class jdk.internal.jimage.decompressor.ResourceDecompressorFactory                    : loaded 3 times (x 74B)
Class kotlin.SafePublicationLazyImpl                                                  : loaded 3 times (x 76B)
Class [Lkotlin.reflect.KAnnotatedElement;                                             : loaded 3 times (x 69B)
Class kotlin.time.DurationJvmKt                                                       : loaded 3 times (x 71B)
Class jdk.internal.jimage.ImageReader$SharedImageReader                               : loaded 3 times (x 95B)
Class kotlin.reflect.KProperty$Getter                                                 : loaded 3 times (x 70B)
Class kotlin.annotation.AnnotationTarget                                              : loaded 3 times (x 79B)
Class kotlin.ranges.ClosedRange                                                       : loaded 3 times (x 70B)
Class jdk.internal.jimage.ImageReader                                                 : loaded 3 times (x 75B)
Class kotlin.reflect.KProperty                                                        : loaded 3 times (x 70B)
Class kotlin.jvm.internal.Reflection                                                  : loaded 3 times (x 71B)
Class kotlin.jvm.JvmClassMappingKt                                                    : loaded 3 times (x 71B)
Class kotlin.UninitializedPropertyAccessException                                     : loaded 3 times (x 82B)
Class kotlin.collections.AbstractMutableSet                                           : loaded 3 times (x 142B)
Class kotlin.Metadata                                                                 : loaded 3 times (x 70B)
Class kotlin.properties.Delegates                                                     : loaded 3 times (x 71B)
Class kotlin.jvm.internal.markers.KMutableMap$Entry                                   : loaded 3 times (x 70B)
Class jdk.internal.jimage.decompressor.ResourceDecompressor                           : loaded 3 times (x 70B)
Class kotlin.collections.IntIterator                                                  : loaded 3 times (x 82B)
Class kotlin.jvm.internal.TypeIntrinsics                                              : loaded 3 times (x 71B)
Class jdk.internal.jimage.ImageStringsReader                                          : loaded 3 times (x 80B)
Class kotlin.collections.MapsKt__MapsKt                                               : loaded 3 times (x 71B)
Class [Lkotlin.reflect.KDeclarationContainer;                                         : loaded 3 times (x 69B)
Class kotlin.jvm.internal.Lambda                                                      : loaded 3 times (x 75B)
Class kotlin.text.StringsKt__StringsJVMKt                                             : loaded 3 times (x 71B)
Class kotlin.time.DurationUnitKt__DurationUnitKt                                      : loaded 3 times (x 71B)
Class kotlin.time.DurationUnit                                                        : loaded 3 times (x 79B)
Class kotlin.collections.SetsKt                                                       : loaded 3 times (x 71B)
Class kotlin.reflect.KFunction                                                        : loaded 3 times (x 70B)
Class kotlin.text.StringsKt__IndentKt                                                 : loaded 3 times (x 71B)
Class kotlin.sequences.DropTakeSequence                                               : loaded 3 times (x 70B)
Class kotlin.collections.ArrayDeque                                                   : loaded 3 times (x 207B)
Class kotlin.jvm.KotlinReflectionNotSupportedError                                    : loaded 3 times (x 82B)
Class com.google.common.collect.SingletonImmutableList                                : loaded 2 times (x 207B)
Class org.gradle.internal.classpath.ClassPath                                         : loaded 2 times (x 70B)
Class Settings_gradle$1                                                               : loaded 2 times (x 74B)
Class kotlin.reflect.jvm.internal.KPackageImpl                                        : loaded 2 times (x 85B)
Class [Lkotlin.reflect.jvm.internal.impl.name.FqName;                                 : loaded 2 times (x 69B)
Class org.jetbrains.kotlin.cli.common.arguments.K2JVMCompilerArgumentsConfigurator    : loaded 2 times (x 74B)
Class com.google.common.base.JdkPattern                                               : loaded 2 times (x 75B)
Class com.google.common.collect.ImmutableList$ReverseImmutableList                    : loaded 2 times (x 209B)
Class com.google.common.base.ExtraObjectsMethodsForWeb                                : loaded 2 times (x 71B)
Class [Lkotlinx.coroutines.CoroutineStart;                                            : loaded 2 times (x 69B)
Class kotlinx.coroutines.CoroutineDispatcher$Key                                      : loaded 2 times (x 72B)
Class org.jetbrains.kotlin.com.intellij.openapi.diagnostic.Logger                     : loaded 2 times (x 99B)
Class kotlin.reflect.jvm.internal.impl.resolve.jvm.JvmPrimitiveType                   : loaded 2 times (x 79B)
Class kotlinx.coroutines.ThreadContextElement                                         : loaded 2 times (x 70B)
Class kotlinx.coroutines.internal.SystemPropsKt__SystemProps_commonKt                 : loaded 2 times (x 71B)
Class org.jetbrains.kotlin.cli.common.arguments.Freezable                             : loaded 2 times (x 72B)
Class com.google.errorprone.annotations.DoNotMock                                     : loaded 2 times (x 70B)
Class org.objectweb.asm.SymbolTable$Entry                                             : loaded 2 times (x 74B)
Class kotlinx.coroutines.DispatchedTaskKt                                             : loaded 2 times (x 71B)
Class org.gradle.internal.classpath.DefaultClassPath$ImmutableUniqueList              : loaded 2 times (x 199B)
Class org.objectweb.asm.Edge                                                          : loaded 2 times (x 72B)
Class com.google.common.base.Suppliers$SupplierOfInstance                             : loaded 2 times (x 79B)
Class com.google.common.collect.Iterators$1                                           : loaded 2 times (x 81B)
Class org.gradle.api.internal.ClassPathRegistry                                       : loaded 2 times (x 70B)
Class kotlinx.coroutines.ExecutorCoroutineDispatcher$Key$1                            : loaded 2 times (x 78B)
Class com.google.common.collect.Multimap                                              : loaded 2 times (x 70B)
Class com.google.common.primitives.IntsMethodsForWeb                                  : loaded 2 times (x 71B)
Class org.jetbrains.kotlin.cli.common.messages.MessageCollector                       : loaded 2 times (x 70B)
Class com.google.devtools.ksp.processing.KSPJvmConfig                                 : loaded 2 times (x 72B)
Class com.google.common.cache.LocalCache$ComputingValueReference                      : loaded 2 times (x 96B)
Class com.google.common.collect.SingletonImmutableSet                                 : loaded 2 times (x 146B)
Class com.google.common.collect.ImmutableMap$IteratorBasedImmutableMap                : loaded 2 times (x 126B)
Class kotlin.reflect.jvm.internal.KPropertyImpl                                       : loaded 2 times (x 115B)
Class kotlin.jvm.internal.ShortCompanionObject                                        : loaded 2 times (x 71B)
Class [Lorg.jetbrains.kotlin.cli.common.messages.CompilerMessageSeverity;             : loaded 2 times (x 69B)
Class com.google.common.cache.LocalCache$Segment                                      : loaded 2 times (x 154B)
Class org.gradle.api.internal.DefaultClassPathRegistry                                : loaded 2 times (x 76B)
Class com.google.common.cache.RemovalListener                                         : loaded 2 times (x 70B)
Class org.jetbrains.kotlin.cli.jvm.compiler.KotlinCoreEnvironment                     : loaded 2 times (x 72B)
Class kotlin.reflect.jvm.internal.ReflectProperties$LazySoftVal                       : loaded 2 times (x 78B)
Class kotlin.reflect.jvm.internal.ReflectProperties                                   : loaded 2 times (x 71B)
Class com.google.common.collect.AbstractListMultimap                                  : loaded 2 times (x 172B)
Class [Lorg.objectweb.asm.SymbolTable$Entry;                                          : loaded 2 times (x 69B)
Class com.google.common.cache.CacheLoader                                             : loaded 2 times (x 74B)
Class com.google.common.collect.Iterators$4                                           : loaded 2 times (x 82B)
Class com.google.common.collect.ImmutableBiMap                                        : loaded 2 times (x 143B)
Class org.gradle.api.internal.classpath.ModuleRegistry                                : loaded 2 times (x 70B)
Class org.gradle.internal.installation.GradleInstallation$1                           : loaded 2 times (x 75B)
Class kotlin.reflect.jvm.internal.impl.builtins.StandardNames                         : loaded 2 times (x 71B)
Class kotlin.jvm.internal.DoubleCompanionObject                                       : loaded 2 times (x 71B)
Class com.google.devtools.ksp.processing.KSPLogger                                    : loaded 2 times (x 70B)
Class com.google.common.collect.ImmutableSet$JdkBackedSetBuilderImpl                  : loaded 2 times (x 76B)
Class com.google.common.util.concurrent.internal.InternalFutureFailureAccess          : loaded 2 times (x 72B)
Class com.google.common.collect.Iterators$5                                           : loaded 2 times (x 82B)
Class kotlin.text.RegexKt                                                             : loaded 2 times (x 71B)
Class [Lkotlin.reflect.jvm.internal.impl.builtins.PrimitiveType;                      : loaded 2 times (x 69B)
Class com.google.common.collect.ImmutableMap$Builder                                  : loaded 2 times (x 82B)
Class kotlinx.coroutines.Job$Key                                                      : loaded 2 times (x 71B)
Class kotlinx.coroutines.DefaultExecutor                                              : loaded 2 times (x 120B)
Class kotlin.reflect.jvm.internal.KDeclarationContainerImpl                           : loaded 2 times (x 84B)
Class com.google.common.base.CharMatcher$ForPredicate                                 : loaded 2 times (x 112B)
Class com.google.common.cache.LocalCache$LocalManualCache$1                           : loaded 2 times (x 75B)
Class com.google.common.util.concurrent.AbstractFuture$Cancellation                   : loaded 2 times (x 72B)
Class kotlin.coroutines.CombinedContext                                               : loaded 2 times (x 78B)
Class com.google.common.cache.Cache                                                   : loaded 2 times (x 70B)
Class com.google.common.base.CharMatcher$AnyOf                                        : loaded 2 times (x 112B)
Class com.google.common.collect.ImmutableCollection                                   : loaded 2 times (x 125B)
Class org.gradle.api.internal.classpath.DefaultModuleRegistry                         : loaded 2 times (x 86B)
Class com.google.common.cache.LocalCache$Strength                                     : loaded 2 times (x 81B)
Class com.google.common.base.Stopwatch                                                : loaded 2 times (x 72B)
Class kotlinx.coroutines.EventLoop                                                    : loaded 2 times (x 105B)
Class kotlin.collections.AbstractSet                                                  : loaded 2 times (x 135B)
Class org.jetbrains.kotlin.config.Services$Companion                                  : loaded 2 times (x 71B)
Class kotlinx.coroutines.internal.LockFreeTaskQueueCore                               : loaded 2 times (x 72B)
Class kotlin.reflect.jvm.internal.impl.name.SpecialNames                              : loaded 2 times (x 71B)
Class kotlinx.coroutines.JobCancellingNode                                            : loaded 2 times (x 90B)
Class org.gradle.api.internal.classpath.UnknownModuleException                        : loaded 2 times (x 82B)
Class com.google.common.collect.Lists                                                 : loaded 2 times (x 71B)
Class com.google.common.util.concurrent.ListenableFuture                              : loaded 2 times (x 70B)
Class com.google.common.cache.ReferenceEntry                                          : loaded 2 times (x 70B)
Class com.google.common.base.Converter                                                : loaded 2 times (x 90B)
Class com.google.common.collect.ImmutableSet$CachingAsList                            : loaded 2 times (x 148B)
Class jdk.internal.jimage.BasicImageReader$2                                          : loaded 2 times (x 77B)
Class kotlin.properties.NotNullVar                                                    : loaded 2 times (x 79B)
Class org.jetbrains.kotlin.com.intellij.openapi.diagnostic.Logger$DefaultFactory      : loaded 2 times (x 74B)
Class com.google.common.cache.Weigher                                                 : loaded 2 times (x 70B)
Class kotlin.reflect.jvm.internal.KClassifierImpl                                     : loaded 2 times (x 70B)
Class com.google.common.collect.AbstractMapBasedMultimap                              : loaded 2 times (x 139B)
Class com.google.common.util.concurrent.AbstractFuture                                : loaded 2 times (x 106B)
Class com.google.common.base.FunctionalEquivalence                                    : loaded 2 times (x 83B)
Class com.google.common.collect.Iterators$9                                           : loaded 2 times (x 81B)
Class com.google.common.collect.ImmutableAsList                                       : loaded 2 times (x 209B)
Class kotlinx.coroutines.internal.DispatchedContinuationKt                            : loaded 2 times (x 71B)
Class org.gradle.api.internal.classpath.Module                                        : loaded 2 times (x 70B)
Class com.google.common.collect.ImmutableMapEntrySet                                  : loaded 2 times (x 152B)
Class org.objectweb.asm.RecordComponentVisitor                                        : loaded 2 times (x 77B)
Class com.google.common.cache.CacheLoader$SupplierToCacheLoader                       : loaded 2 times (x 75B)
Class kotlin.reflect.jvm.internal.KotlinReflectionInternalError                       : loaded 2 times (x 82B)
Class jdk.internal.jimage.ImageReader$Resource                                        : loaded 2 times (x 84B)
Class kotlin.text.MatchNamedGroupCollection                                           : loaded 2 times (x 70B)
Class kotlinx.coroutines.ChildJob                                                     : loaded 2 times (x 70B)
Class kotlinx.coroutines.scheduling.TasksKt                                           : loaded 2 times (x 71B)
Class kotlinx.coroutines.internal.SystemPropsKt__SystemPropsKt                        : loaded 2 times (x 71B)
Class kotlin.reflect.jvm.internal.impl.builtins.jvm.JavaToKotlinClassMap              : loaded 2 times (x 71B)
Class kotlinx.coroutines.Job                                                          : loaded 2 times (x 70B)
Class kotlin.jvm.internal.MutablePropertyReference0Impl                               : loaded 2 times (x 137B)
Class com.google.common.collect.AbstractIndexedListIterator                           : loaded 2 times (x 96B)
Class com.google.common.collect.Maps$EntryTransformer                                 : loaded 2 times (x 70B)
Class org.gradle.internal.service.ServiceLookupException                              : loaded 2 times (x 82B)
Class jdk.internal.jrtfs.JrtFileAttributes                                            : loaded 2 times (x 83B)
Class com.google.common.collect.ArrayListMultimapGwtSerializationDependencies         : loaded 2 times (x 172B)
Class com.google.common.collect.Multiset                                              : loaded 2 times (x 70B)
Class kotlinx.coroutines.ChildHandleNode                                              : loaded 2 times (x 94B)
Class kotlinx.coroutines.scheduling.SchedulerCoroutineDispatcher                      : loaded 2 times (x 108B)
Class org.jetbrains.kotlin.com.intellij.openapi.diagnostic.LogLevel                   : loaded 2 times (x 79B)
Class [Lcom.google.common.cache.LocalCache$EntryFactory;                              : loaded 2 times (x 69B)
Class org.gradle.internal.classloader.ClassLoaderFactory                              : loaded 2 times (x 70B)
Class kotlinx.coroutines.CompletionHandlerBase                                        : loaded 2 times (x 80B)
Class kotlin.reflect.jvm.internal.impl.builtins.PrimitiveType                         : loaded 2 times (x 79B)
Class org.jetbrains.kotlin.cli.common.arguments.ArgumentParseErrors                   : loaded 2 times (x 72B)
Class com.google.common.base.CommonPattern                                            : loaded 2 times (x 74B)
Class com.google.common.base.CharMatcher$IsNot                                        : loaded 2 times (x 111B)
Class com.google.common.cache.LocalCache$LocalManualCache                             : loaded 2 times (x 99B)
Class org.gradle.internal.service.CachingServiceLocator                               : loaded 2 times (x 82B)
Class kotlin.jvm.internal.Intrinsics$Kotlin                                           : loaded 2 times (x 71B)
Class com.google.common.math.MathPreconditions                                        : loaded 2 times (x 71B)
Class com.google.common.collect.ObjectArrays                                          : loaded 2 times (x 71B)
Class com.google.common.collect.AbstractMapBasedMultimap$KeySet                       : loaded 2 times (x 137B)
Class com.google.common.math.IntMath                                                  : loaded 2 times (x 71B)
Class kotlinx.coroutines.BlockingEventLoop                                            : loaded 2 times (x 117B)
Class kotlin.coroutines.AbstractCoroutineContextElement                               : loaded 2 times (x 89B)
Class kotlinx.coroutines.ThreadLocalEventLoop                                         : loaded 2 times (x 71B)
Class kotlinx.coroutines.ExecutorCoroutineDispatcher                                  : loaded 2 times (x 107B)
Class kotlin.reflect.jvm.internal.KProperty2Impl                                      : loaded 2 times (x 128B)
Class kotlin.reflect.jvm.internal.impl.descriptors.runtime.structure.ReflectClassUtilKt: loaded 2 times (x 71B)
Class com.google.common.collect.AbstractIterator                                      : loaded 2 times (x 82B)
Class com.google.common.collect.ImmutableMapEntry                                     : loaded 2 times (x 85B)
Class kotlinx.coroutines.CompletionStateKt                                            : loaded 2 times (x 71B)
Class com.google.common.primitives.Ints                                               : loaded 2 times (x 71B)
Class com.google.common.base.Equivalence                                              : loaded 2 times (x 82B)
Class com.google.common.base.Function                                                 : loaded 2 times (x 70B)
Class com.google.common.collect.ImmutableMapEntry$NonTerminalImmutableMapEntry        : loaded 2 times (x 85B)
Class org.gradle.api.internal.classpath.DefaultModuleRegistry$DefaultModule           : loaded 2 times (x 86B)
Class kotlinx.coroutines.CoroutineDispatcher$Key$1                                    : loaded 2 times (x 78B)
Class kotlinx.coroutines.CoroutineDispatcher                                          : loaded 2 times (x 99B)
Class [Lorg.jetbrains.kotlin.cli.common.CompilerSystemProperties;                     : loaded 2 times (x 69B)
Class com.google.common.collect.IndexedImmutableSet$1                                 : loaded 2 times (x 213B)
Class com.google.common.cache.CacheBuilder$OneWeigher                                 : loaded 2 times (x 82B)
Class com.google.common.collect.RegularImmutableList                                  : loaded 2 times (x 213B)
Class com.google.common.collect.BiMap                                                 : loaded 2 times (x 70B)
Class com.google.common.collect.ImmutableMap$1                                        : loaded 2 times (x 81B)
Class kotlin.text.StringsKt__StringsKt$lineSequence$$inlined$Sequence$1               : loaded 2 times (x 75B)
Class org.jetbrains.kotlin.com.intellij.openapi.diagnostic.Logger$Factory             : loaded 2 times (x 70B)
Class kotlin.reflect.jvm.internal.KDeclarationContainerImpl$Companion                 : loaded 2 times (x 71B)
Class org.gradle.internal.classloader.ClasspathUtil                                   : loaded 2 times (x 71B)
Class com.google.common.collect.IndexedImmutableSet                                   : loaded 2 times (x 152B)
Class kotlin.collections.builders.SetBuilder                                          : loaded 2 times (x 143B)
Class kotlinx.coroutines.NonDisposableHandle                                          : loaded 2 times (x 78B)
Class org.objectweb.asm.FieldVisitor                                                  : loaded 2 times (x 77B)
Class kotlin.jvm.internal.PropertyReference0                                          : loaded 2 times (x 127B)
Class org.jetbrains.kotlin.cli.common.arguments.ParseCommandLineArgumentsKt           : loaded 2 times (x 71B)
Class com.google.common.util.concurrent.Uninterruptibles                              : loaded 2 times (x 71B)
Class kotlin.reflect.full.IllegalCallableAccessException                              : loaded 2 times (x 82B)
Class kotlin.jvm.internal.DefaultConstructorMarker                                    : loaded 2 times (x 71B)
Class com.google.common.base.Objects                                                  : loaded 2 times (x 71B)
Class com.google.common.util.concurrent.LazyLogger                                    : loaded 2 times (x 72B)
Class com.google.common.collect.Maps                                                  : loaded 2 times (x 71B)
Class org.gradle.api.specs.Spec                                                       : loaded 2 times (x 70B)
Class jdk.internal.jimage.ImageReader$SharedImageReader$LocationVisitor               : loaded 2 times (x 70B)
Class kotlin.coroutines.ContinuationKt                                                : loaded 2 times (x 71B)
Class kotlin.reflect.jvm.internal.impl.builtins.StandardNames$FqNames                 : loaded 2 times (x 71B)
Class kotlin.jvm.internal.PropertyReference2                                          : loaded 2 times (x 127B)
Class kotlinx.coroutines.JobSupport                                                   : loaded 2 times (x 132B)
Class [Lcom.google.common.collect.ImmutableEntry;                                     : loaded 2 times (x 69B)
Class kotlinx.coroutines.CoroutineContextKt                                           : loaded 2 times (x 71B)
Class [Lkotlin.reflect.jvm.internal.impl.builtins.jvm.JavaToKotlinClassMap$PlatformMutabilityMapping;: loaded 2 times (x 69B)
Class kotlin.text.LinesIterator$State                                                 : loaded 2 times (x 71B)
Class kotlin.reflect.full.IllegalPropertyDelegateAccessException                      : loaded 2 times (x 82B)
Class org.gradle.internal.classloader.ClasspathUtil$1                                 : loaded 2 times (x 76B)
Class com.google.common.cache.LocalCache$LoadingValueReference                        : loaded 2 times (x 96B)
Class com.google.common.cache.CacheLoader$UnsupportedLoadingOperationException        : loaded 2 times (x 82B)
Class kotlin.jvm.internal.SpreadBuilder                                               : loaded 2 times (x 76B)
Class kotlinx.coroutines.internal.DispatchedContinuation                              : loaded 2 times (x 90B)
Class kotlinx.coroutines.internal.Symbol                                              : loaded 2 times (x 72B)
Class com.google.common.base.CharMatcher$And                                          : loaded 2 times (x 112B)
Class org.objectweb.asm.ClassWriter                                                   : loaded 2 times (x 106B)
Class com.google.common.collect.AbstractMapBasedMultimap$KeySet$1                     : loaded 2 times (x 82B)
Class com.google.common.base.Platform                                                 : loaded 2 times (x 71B)
Class kotlin.reflect.jvm.internal.ReflectionFactoryImpl                               : loaded 2 times (x 91B)
Class kotlinx.coroutines.internal.ThreadLocalKt                                       : loaded 2 times (x 71B)
Class kotlin.jvm.internal.CharCompanionObject                                         : loaded 2 times (x 71B)
Class kotlin.jvm.JvmStatic                                                            : loaded 2 times (x 70B)
Class kotlin.collections.builders.SetBuilder$Companion                                : loaded 2 times (x 71B)
Class kotlin.DeprecationLevel                                                         : loaded 2 times (x 79B)
Class kotlin.io.FileTreeWalk$FileTreeWalkIterator$WhenMappings                        : loaded 2 times (x 71B)
Class org.jetbrains.kotlin.codegen.CompilationException                               : loaded 2 times (x 95B)
Class com.google.devtools.ksp.processing.KspGradleLogger$Companion                    : loaded 2 times (x 71B)
Class [Lorg.objectweb.asm.AnnotationWriter;                                           : loaded 2 times (x 69B)
Class com.google.common.collect.Maps$8                                                : loaded 2 times (x 82B)
Class com.google.common.util.concurrent.UncheckedExecutionException                   : loaded 2 times (x 82B)
Class com.google.common.collect.Lists$StringAsImmutableList                           : loaded 2 times (x 207B)
Class kotlinx.coroutines.EventLoopKt                                                  : loaded 2 times (x 71B)
Class org.gradle.kotlin.dsl.VersionCatalogAccessorsKt                                 : loaded 2 times (x 71B)
Class org.jetbrains.kotlin.config.Services                                            : loaded 2 times (x 72B)
Class kotlin.reflect.jvm.internal.KMutableProperty1Impl                               : loaded 2 times (x 135B)
Class kotlin.jvm.internal.IntCompanionObject                                          : loaded 2 times (x 71B)
Class com.google.common.collect.Sets$SetView                                          : loaded 2 times (x 138B)
Class com.google.common.cache.LocalCache$StrongValueReference                         : loaded 2 times (x 90B)
Class jdk.internal.jrtfs.JrtDirectoryStream$1                                         : loaded 2 times (x 83B)
Class com.google.common.collect.Iterators                                             : loaded 2 times (x 71B)
Class com.google.common.util.concurrent.AbstractFuture$Trusted                        : loaded 2 times (x 70B)
Class org.objectweb.asm.Type                                                          : loaded 2 times (x 72B)
Class org.gradle.internal.classloader.VisitableURLClassLoader$InstrumentingVisitableURLClassLoader: loaded 2 times (x 123B)
Class kotlin.io.LinesSequence$iterator$1                                              : loaded 2 times (x 79B)
Class kotlinx.coroutines.Job$DefaultImpls                                             : loaded 2 times (x 71B)
Class kotlin.coroutines.CoroutineContext$Element$DefaultImpls                         : loaded 2 times (x 71B)
Class com.google.common.collect.RegularImmutableAsList                                : loaded 2 times (x 217B)
Class kotlin.reflect.jvm.internal.impl.utils.CollectionsKt                            : loaded 2 times (x 71B)
Class [Lkotlin.reflect.jvm.internal.impl.resolve.jvm.JvmPrimitiveType;                : loaded 2 times (x 69B)
Class kotlinx.coroutines.internal.LimitedDispatcherKt                                 : loaded 2 times (x 71B)
Class com.google.common.cache.LocalCache$2                                            : loaded 2 times (x 142B)
Class com.google.common.collect.AbstractMultimap                                      : loaded 2 times (x 123B)
Class com.google.common.math.IntMath$1                                                : loaded 2 times (x 71B)
Class org.objectweb.asm.ByteVector                                                    : loaded 2 times (x 79B)
Class [Lcom.google.common.cache.CacheBuilder$NullListener;                            : loaded 2 times (x 69B)
Class org.gradle.internal.classloader.VisitableURLClassLoader$Spec                    : loaded 2 times (x 74B)
Class org.gradle.internal.classpath.DefaultClassPath                                  : loaded 2 times (x 90B)
Class com.google.common.collect.ImmutableList$Builder                                 : loaded 2 times (x 77B)
Class com.google.common.collect.Sets$ImprovedAbstractSet                              : loaded 2 times (x 135B)
Class kotlinx.coroutines.scheduling.GlobalQueue                                       : loaded 2 times (x 72B)
Class com.google.common.collect.AbstractMapEntry                                      : loaded 2 times (x 81B)
Class com.google.common.collect.Iterators$SingletonIterator                           : loaded 2 times (x 81B)
Class com.google.common.cache.LocalCache$1                                            : loaded 2 times (x 89B)
Class com.google.common.collect.SingletonImmutableBiMap                               : loaded 2 times (x 143B)
Class com.google.devtools.ksp.processing.KspGradleLogger                              : loaded 2 times (x 79B)
Class org.objectweb.asm.Symbol                                                        : loaded 2 times (x 73B)
Class kotlin.UInt$Companion                                                           : loaded 2 times (x 71B)
Class kotlin.UInt                                                                     : loaded 2 times (x 74B)
Class com.google.common.base.Ascii                                                    : loaded 2 times (x 71B)
Class com.google.common.io.Closer                                                     : loaded 2 times (x 78B)
Class com.google.common.base.CharMatcher$BitSetMatcher                                : loaded 2 times (x 112B)
Class com.google.common.collect.RegularImmutableMap$Values                            : loaded 2 times (x 207B)
Class com.google.common.collect.ImmutableSet                                          : loaded 2 times (x 145B)
Class org.gradle.internal.classloader.ClassLoaderSpec                                 : loaded 2 times (x 71B)
Class kotlin.jvm.internal.LongCompanionObject                                         : loaded 2 times (x 71B)
Class [Lkotlin.Function;                                                              : loaded 2 times (x 69B)
Class kotlin.reflect.jvm.internal.ReflectProperties$Val$1                             : loaded 2 times (x 71B)
Class jdk.internal.jrtfs.JrtFileSystem$1                                              : loaded 2 times (x 107B)
Class org.gradle.internal.service.ServiceLocator                                      : loaded 2 times (x 70B)
Class org.objectweb.asm.AnnotationWriter                                              : loaded 2 times (x 79B)
Class com.google.common.cache.CacheStats                                              : loaded 2 times (x 71B)
Class com.google.common.collect.UnmodifiableIterator                                  : loaded 2 times (x 80B)
Class kotlinx.coroutines.CoroutineStart$WhenMappings                                  : loaded 2 times (x 71B)
Class [Lorg.objectweb.asm.Type;                                                       : loaded 2 times (x 69B)
Class com.google.common.collect.Platform                                              : loaded 2 times (x 71B)
Class org.jetbrains.kotlin.cli.common.arguments.PreprocessCommandLineArgumentsKt      : loaded 2 times (x 71B)
Class [Lorg.jetbrains.kotlin.com.intellij.openapi.diagnostic.LogLevel;                : loaded 2 times (x 69B)
Class kotlin.jdk7.AutoCloseableKt                                                     : loaded 2 times (x 71B)
Class Settings_gradle$1$1                                                             : loaded 2 times (x 74B)
Class com.google.common.io.Closer$Suppressor                                          : loaded 2 times (x 70B)
Class org.objectweb.asm.RecordComponentWriter                                         : loaded 2 times (x 78B)
Class com.google.common.util.concurrent.AbstractFuture$Listener                       : loaded 2 times (x 72B)
Class com.google.common.base.CharMatcher$Or                                           : loaded 2 times (x 112B)
Class kotlin.collections.AbstractSet$Companion                                        : loaded 2 times (x 71B)
Class kotlinx.coroutines.BuildersKt__BuildersKt                                       : loaded 2 times (x 71B)
Class org.jetbrains.kotlin.config.Services$Builder                                    : loaded 2 times (x 72B)
Class kotlin.io.FileTreeWalk$DirectoryState                                           : loaded 2 times (x 73B)
Class org.objectweb.asm.Attribute                                                     : loaded 2 times (x 77B)
Class com.google.common.base.Supplier                                                 : loaded 2 times (x 70B)
Class org.gradle.internal.classloader.VisitableURLClassLoader                         : loaded 2 times (x 117B)
Class [Lkotlin.DeprecationLevel;                                                      : loaded 2 times (x 69B)
Class kotlinx.coroutines.scheduling.NanoTimeSource                                    : loaded 2 times (x 72B)
Class kotlin.jvm.internal.BooleanCompanionObject                                      : loaded 2 times (x 71B)
Class kotlin.reflect.jvm.internal.KClassImpl                                          : loaded 2 times (x 115B)
Class com.google.common.base.MoreObjects                                              : loaded 2 times (x 71B)
Class com.google.common.base.Joiner                                                   : loaded 2 times (x 79B)
Class Settings_gradle                                                                 : loaded 2 times (x 124B)
Class org.gradle.internal.Cast                                                        : loaded 2 times (x 71B)
Class org.gradle.api.Action                                                           : loaded 2 times (x 70B)
Class kotlin.reflect.jvm.internal.impl.name.FqNamesUtilKt                             : loaded 2 times (x 71B)
Class kotlinx.coroutines.scheduling.CoroutineScheduler$Companion                      : loaded 2 times (x 71B)
Class kotlinx.coroutines.CompletedExceptionally                                       : loaded 2 times (x 72B)
Class kotlin.coroutines.AbstractCoroutineContextKey                                   : loaded 2 times (x 72B)
Class jdk.internal.jrtfs.SystemImage$2                                                : loaded 2 times (x 76B)
Class org.jetbrains.kotlin.cli.common.messages.GradleStyleMessageRenderer             : loaded 2 times (x 78B)
Class com.google.common.collect.ImmutableCollection$Builder                           : loaded 2 times (x 76B)
Class com.google.common.base.Strings                                                  : loaded 2 times (x 71B)
Class com.google.common.collect.Sets                                                  : loaded 2 times (x 71B)
Class org.objectweb.asm.Handler                                                       : loaded 2 times (x 72B)
Class com.google.common.base.CharMatcher$FastMatcher                                  : loaded 2 times (x 111B)
Class com.google.common.base.Ticker                                                   : loaded 2 times (x 72B)
Class com.google.common.collect.Iterators$ArrayItr                                    : loaded 2 times (x 97B)
Class com.google.common.cache.CacheLoader$FunctionToCacheLoader                       : loaded 2 times (x 75B)
Class kotlinx.coroutines.DisposableHandle                                             : loaded 2 times (x 70B)
Class com.google.devtools.ksp.processing.KSPConfig                                    : loaded 2 times (x 72B)
Class [Lcom.google.common.cache.LocalCache$Segment;                                   : loaded 2 times (x 69B)
Class com.google.common.base.Predicate                                                : loaded 2 times (x 70B)
Class [Lcom.google.common.cache.LocalCache$Strength;                                  : loaded 2 times (x 69B)
Class com.google.common.cache.CacheBuilder$1                                          : loaded 2 times (x 85B)
Class com.google.common.collect.ImmutableMap                                          : loaded 2 times (x 120B)
Class org.gradle.internal.classpath.DefaultClassPath$ImmutableUniqueList$Builder      : loaded 2 times (x 75B)
Class jdk.internal.jrtfs.SystemImage$1                                                : loaded 2 times (x 78B)
Class kotlinx.coroutines.CoroutineStart                                               : loaded 2 times (x 79B)
Class kotlinx.coroutines.scheduling.UnlimitedIoScheduler                              : loaded 2 times (x 99B)
Class org.gradle.internal.classloader.InstrumentingClassLoader                        : loaded 2 times (x 70B)
Class kotlin.reflect.jvm.internal.KDeclarationContainerImpl$Data                      : loaded 2 times (x 72B)
Class org.gradle.internal.classpath.TransformedClassPath                              : loaded 2 times (x 96B)
Class org.jetbrains.kotlin.utils.exceptions.KotlinExceptionWithAttachments            : loaded 2 times (x 70B)
Class com.google.common.base.CharMatcher$NegatedFastMatcher                           : loaded 2 times (x 113B)
Class com.google.common.cache.LocalCache                                              : loaded 2 times (x 187B)
Class com.google.common.cache.CacheBuilder$2                                          : loaded 2 times (x 79B)
Class kotlinx.coroutines.CoroutineId                                                  : loaded 2 times (x 93B)
Class kotlinx.coroutines.EventLoopImplBase                                            : loaded 2 times (x 117B)
Class kotlin.reflect.jvm.internal.impl.builtins.PrimitiveType$Companion               : loaded 2 times (x 71B)
Class com.google.common.cache.CacheBuilder$NullListener                               : loaded 2 times (x 82B)
Class kotlin.reflect.jvm.internal.KClassImpl$Data                                     : loaded 2 times (x 72B)
Class org.objectweb.asm.FieldWriter                                                   : loaded 2 times (x 78B)
Class jdk.internal.jimage.ImageReader$LinkNode                                        : loaded 2 times (x 84B)
Class com.google.common.collect.MapDifference                                         : loaded 2 times (x 70B)
Class org.jetbrains.kotlin.cli.common.arguments.K2JVMCompilerArguments                : loaded 2 times (x 76B)
Class com.google.common.collect.ArrayListMultimap                                     : loaded 2 times (x 172B)
Class com.google.common.cache.CacheBuilder$3                                          : loaded 2 times (x 72B)
Class [Lcom.google.common.collect.AbstractMapEntry;                                   : loaded 2 times (x 69B)
Class com.google.common.collect.ImmutableEntry                                        : loaded 2 times (x 82B)
Class org.gradle.api.GradleException                                                  : loaded 2 times (x 82B)
Class com.google.common.cache.LocalCache$Strength$3                                   : loaded 2 times (x 81B)
Class kotlinx.coroutines.scheduling.DefaultIoScheduler                                : loaded 2 times (x 110B)
Class kotlinx.coroutines.DispatchedTask                                               : loaded 2 times (x 81B)
Class jdk.internal.jrtfs.JrtFileStore                                                 : loaded 2 times (x 83B)
Class com.google.common.cache.LocalCache$Strength$2                                   : loaded 2 times (x 81B)
Class com.google.common.collect.CollectPreconditions                                  : loaded 2 times (x 71B)
Class kotlinx.coroutines.DefaultExecutorKt                                            : loaded 2 times (x 71B)
Class kotlinx.coroutines.Unconfined                                                   : loaded 2 times (x 99B)
Class kotlinx.coroutines.GlobalScope                                                  : loaded 2 times (x 74B)
Class com.google.common.util.concurrent.SettableFuture                                : loaded 2 times (x 114B)
Class org.jetbrains.kotlin.cli.common.messages.CompilerMessageSeverity                : loaded 2 times (x 79B)
Class kotlin.reflect.jvm.internal.KTypeParameterOwnerImpl                             : loaded 2 times (x 70B)
Class kotlinx.coroutines.internal.SystemPropsKt                                       : loaded 2 times (x 71B)
Class com.google.common.cache.LocalCache$Strength$1                                   : loaded 2 times (x 81B)
Class com.google.common.collect.SortedMapDifference                                   : loaded 2 times (x 70B)
Class kotlin.collections.builders.MapBuilder$KeysItr                                  : loaded 2 times (x 81B)
Class org.objectweb.asm.ModuleVisitor                                                 : loaded 2 times (x 81B)
Class kotlinx.coroutines.AbstractCoroutine                                            : loaded 2 times (x 143B)
Class com.google.common.collect.Sets$4                                                : loaded 2 times (x 139B)
Class kotlin.reflect.jvm.internal.impl.name.Name                                      : loaded 2 times (x 75B)
Class kotlin.reflect.jvm.internal.KPropertyImpl$Companion                             : loaded 2 times (x 71B)
Class kotlin.reflect.jvm.internal.impl.name.ClassId                                   : loaded 2 times (x 72B)
Class org.jetbrains.kotlin.cli.common.arguments.CommonCompilerArguments               : loaded 2 times (x 75B)
Class kotlin.sequences.SequencesKt___SequencesKt$asIterable$$inlined$Iterable$1       : loaded 2 times (x 79B)
Class com.google.common.cache.LocalCache$EntryFactory                                 : loaded 2 times (x 83B)
Class kotlinx.coroutines.IncompleteStateBox                                           : loaded 2 times (x 72B)
Class org.gradle.internal.service.UnknownServiceException                             : loaded 2 times (x 83B)
Class kotlin.reflect.jvm.internal.impl.name.FqNameUnsafe                              : loaded 2 times (x 72B)
Class com.google.common.cache.LocalCache$LocalLoadingCache                            : loaded 2 times (x 134B)
Class org.jetbrains.kotlin.cli.common.arguments.CommonCompilerArgumentsConfigurator   : loaded 2 times (x 74B)
Class com.google.common.collect.Sets$3                                                : loaded 2 times (x 139B)
Class [Lorg.objectweb.asm.AnnotationVisitor;                                          : loaded 2 times (x 69B)
Class org.jetbrains.kotlin.cli.common.CompilerSystemProperties                        : loaded 2 times (x 80B)
Class com.google.common.cache.LocalCache$AbstractReferenceEntry                       : loaded 2 times (x 107B)
Class org.gradle.internal.IoActions                                                   : loaded 2 times (x 71B)
Class org.jetbrains.kotlin.cli.common.arguments.Argument                              : loaded 2 times (x 70B)
Class kotlinx.coroutines.scheduling.TaskContext                                       : loaded 2 times (x 70B)
Class kotlinx.coroutines.Delay                                                        : loaded 2 times (x 70B)
Class kotlinx.coroutines.ParentJob                                                    : loaded 2 times (x 70B)
Class kotlinx.coroutines.JobNode                                                      : loaded 2 times (x 90B)
Class jdk.internal.jrtfs.SystemImage                                                  : loaded 2 times (x 74B)
Class kotlin.reflect.jvm.internal.EmptyContainerForLocal                              : loaded 2 times (x 84B)
Class org.jetbrains.kotlin.utils.KotlinExceptionWithAttachments                       : loaded 2 times (x 94B)
Class org.objectweb.asm.SymbolTable                                                   : loaded 2 times (x 72B)
Class com.google.common.cache.CacheLoader$InvalidCacheLoadException                   : loaded 2 times (x 82B)
Class com.google.common.collect.ImmutableSet$RegularSetBuilderImpl                    : loaded 2 times (x 77B)
Class org.gradle.internal.classloader.SystemClassLoaderSpec                           : loaded 2 times (x 71B)
Class kotlin.text.MatcherMatchResult$groups$1                                         : loaded 2 times (x 151B)
Class kotlinx.coroutines.internal.LockFreeLinkedListNode                              : loaded 2 times (x 75B)
Class org.gradle.api.internal.ClassPathProvider                                       : loaded 2 times (x 70B)
Class kotlin.coroutines.CoroutineContext$DefaultImpls                                 : loaded 2 times (x 71B)
Class [Lorg.gradle.api.internal.ClassPathProvider;                                    : loaded 2 times (x 69B)
Class kotlin.jvm.internal.PropertyReference0Impl                                      : loaded 2 times (x 127B)
Class com.google.common.collect.Sets$2                                                : loaded 2 times (x 139B)
Class kotlin.reflect.jvm.internal.impl.builtins.jvm.JavaToKotlinClassMap$PlatformMutabilityMapping: loaded 2 times (x 72B)
Class kotlin.coroutines.ContinuationInterceptor$DefaultImpls                          : loaded 2 times (x 71B)
Class kotlin.text.MatchResult                                                         : loaded 2 times (x 70B)
Class org.gradle.api.internal.DefaultClassPathProvider                                : loaded 2 times (x 76B)
Class com.google.common.cache.LocalCache$StrongEntry                                  : loaded 2 times (x 108B)
Class com.google.common.util.concurrent.AbstractFuture$TrustedFuture                  : loaded 2 times (x 114B)
Class com.google.common.cache.LoadingCache                                            : loaded 2 times (x 70B)
Class org.objectweb.asm.AnnotationVisitor                                             : loaded 2 times (x 78B)
Class com.google.common.collect.Sets$1                                                : loaded 2 times (x 139B)
Class com.google.common.collect.ImmutableSet$SerializedForm                           : loaded 2 times (x 73B)
Class kotlin.reflect.jvm.internal.KCallableImpl                                       : loaded 2 times (x 105B)
Class kotlinx.coroutines.EventLoop_commonKt                                           : loaded 2 times (x 71B)
Class org.objectweb.asm.MethodWriter                                                  : loaded 2 times (x 106B)
Class [Lcom.google.common.cache.Weigher;                                              : loaded 2 times (x 69B)
Class com.google.common.collect.RegularImmutableMap$BucketOverflowException           : loaded 2 times (x 82B)
Class com.google.common.collect.ImmutableEnumMap                                      : loaded 2 times (x 126B)
Class com.google.common.collect.ListMultimap                                          : loaded 2 times (x 70B)
Class kotlinx.coroutines.internal.LockFreeTaskQueueCore$Companion                     : loaded 2 times (x 71B)
Class kotlinx.coroutines.DebugKt                                                      : loaded 2 times (x 71B)
Class org.gradle.api.internal.classpath.EffectiveClassPath                            : loaded 2 times (x 90B)
Class [Lcom.google.common.collect.ImmutableMapEntry;                                  : loaded 2 times (x 69B)
Class org.jetbrains.kotlin.cli.common.CompilerSystemProperties$Companion              : loaded 2 times (x 71B)
Class kotlin.reflect.jvm.internal.KProperty1Impl                                      : loaded 2 times (x 128B)
Class jdk.internal.jrtfs.ExplodedImage                                                : loaded 2 times (x 77B)
Class org.gradle.internal.classloader.ClassLoaderVisitor                              : loaded 2 times (x 76B)
Class com.google.common.collect.RegularImmutableBiMap                                 : loaded 2 times (x 149B)
Class com.google.common.base.CharMatcher$Negated                                      : loaded 2 times (x 113B)
Class com.google.common.base.CharMatcher$Is                                           : loaded 2 times (x 111B)
Class com.google.common.cache.LocalCache$ValueReference                               : loaded 2 times (x 70B)
Class org.jetbrains.kotlin.cli.jvm.compiler.KotlinCoreEnvironment$Companion           : loaded 2 times (x 71B)
Class kotlinx.coroutines.CopyableThreadContextElement                                 : loaded 2 times (x 70B)
Class org.jetbrains.kotlin.com.intellij.openapi.diagnostic.Attachment                 : loaded 2 times (x 72B)
Class kotlin.sequences.SequencesKt___SequencesKt$flatMap$1                            : loaded 2 times (x 125B)
Class kotlin.text.MatcherMatchResult$groupValues$1                                    : loaded 2 times (x 198B)
Class kotlin.jvm.internal.FloatCompanionObject                                        : loaded 2 times (x 71B)
Class org.jetbrains.kotlin.cli.common.arguments.CommonToolArguments                   : loaded 2 times (x 73B)
Class com.google.common.base.PatternCompiler                                          : loaded 2 times (x 70B)
Class com.google.common.util.concurrent.AbstractFuture$Failure                        : loaded 2 times (x 72B)
Class com.google.common.base.Equivalence$Equals                                       : loaded 2 times (x 82B)
Class com.google.common.collect.Hashing                                               : loaded 2 times (x 71B)
Class com.google.common.base.Preconditions                                            : loaded 2 times (x 71B)
Class org.gradle.internal.classloader.DefaultClassLoaderFactory                       : loaded 2 times (x 82B)
Class kotlin.reflect.jvm.internal.KProperty0Impl                                      : loaded 2 times (x 128B)
Class com.google.common.base.Suppliers                                                : loaded 2 times (x 71B)
Class [Lcom.google.common.cache.CacheBuilder$OneWeigher;                              : loaded 2 times (x 69B)
Class org.objectweb.asm.MethodTooLargeException                                       : loaded 2 times (x 83B)
Class com.google.common.base.Joiner$1                                                 : loaded 2 times (x 80B)
Class org.objectweb.asm.Label                                                         : loaded 2 times (x 73B)
Class org.objectweb.asm.CurrentFrame                                                  : loaded 2 times (x 73B)
Class org.objectweb.asm.ClassTooLargeException                                        : loaded 2 times (x 83B)
Class com.google.common.base.CharMatcher                                              : loaded 2 times (x 111B)
Class com.google.common.collect.PeekingIterator                                       : loaded 2 times (x 70B)
Class com.google.common.base.Platform$JdkPatternCompiler                              : loaded 2 times (x 75B)
Class kotlin.reflect.jvm.internal.impl.name.FqName                                    : loaded 2 times (x 72B)
Class kotlin.io.LinesSequence                                                         : loaded 2 times (x 75B)
Class com.google.common.collect.Maps$IteratorBasedAbstractMap                         : loaded 2 times (x 125B)
Class com.google.common.base.Joiner$2                                                 : loaded 2 times (x 79B)
Class org.objectweb.asm.Frame                                                         : loaded 2 times (x 73B)
Class org.objectweb.asm.MethodVisitor                                                 : loaded 2 times (x 105B)
Class com.google.common.base.CharMatcher$1                                            : loaded 2 times (x 113B)
Class com.google.common.base.CharMatcher$NamedFastMatcher                             : loaded 2 times (x 112B)
Class com.google.common.cache.LocalCache$EntryFactory$1                               : loaded 2 times (x 83B)
Class [Lcom.google.common.cache.RemovalListener;                                      : loaded 2 times (x 69B)
Class kotlinx.coroutines.scheduling.TaskContextImpl                                   : loaded 2 times (x 75B)
Class kotlinx.coroutines.EventLoopImplPlatform                                        : loaded 2 times (x 107B)
Class kotlinx.coroutines.scheduling.SchedulerTimeSource                               : loaded 2 times (x 72B)
Class kotlinx.coroutines.scheduling.CoroutineScheduler                                : loaded 2 times (x 81B)
Class com.google.common.cache.LocalCache$EntryFactory$2                               : loaded 2 times (x 83B)
Class org.gradle.api.internal.classpath.GlobalCacheRootsProvider                      : loaded 2 times (x 70B)
Class com.google.common.collect.UnmodifiableListIterator                              : loaded 2 times (x 95B)
Class org.objectweb.asm.ClassVisitor                                                  : loaded 2 times (x 88B)
Class [Lorg.objectweb.asm.Symbol;                                                     : loaded 2 times (x 69B)
Class kotlinx.coroutines.CoroutineScope                                               : loaded 2 times (x 70B)
Class org.objectweb.asm.ModuleWriter                                                  : loaded 2 times (x 82B)
Class com.google.common.cache.LocalCache$EntryFactory$3                               : loaded 2 times (x 83B)
Class com.google.common.base.Ticker$1                                                 : loaded 2 times (x 72B)
Class com.google.common.collect.Maps$BiMapConverter                                   : loaded 2 times (x 90B)
Class com.google.common.collect.ImmutableMapEntrySet$RegularEntrySet                  : loaded 2 times (x 152B)
Class kotlinx.coroutines.Incomplete                                                   : loaded 2 times (x 70B)
Class [Lkotlin.jvm.functions.Function1;                                               : loaded 2 times (x 69B)
Class org.jetbrains.kotlin.cli.common.messages.MessageRenderer                        : loaded 2 times (x 70B)
Class com.google.common.collect.ImmutableSet$Builder                                  : loaded 2 times (x 85B)
Class com.google.common.base.CharMatcher$InRange                                      : loaded 2 times (x 111B)
Class com.google.common.cache.LocalCache$EntryFactory$4                               : loaded 2 times (x 83B)
Class kotlin.concurrent.LocksKt                                                       : loaded 2 times (x 71B)
Class kotlinx.coroutines.AbstractTimeSourceKt                                         : loaded 2 times (x 71B)
Class kotlinx.coroutines.ChildHandle                                                  : loaded 2 times (x 70B)
Class com.google.common.cache.LocalCache$EntryFactory$5                               : loaded 2 times (x 83B)
Class kotlin.jvm.internal.ByteCompanionObject                                         : loaded 2 times (x 71B)
Class com.google.common.collect.ImmutableMap$MapViewOfValuesAsSingletonSets           : loaded 2 times (x 126B)
Class com.google.common.collect.RegularImmutableMap                                   : loaded 2 times (x 121B)
Class org.jetbrains.kotlin.cli.common.arguments.ArgumentField                         : loaded 2 times (x 72B)
Class kotlin.jvm.internal.MutablePropertyReference2                                   : loaded 2 times (x 137B)
Class com.google.common.cache.LocalCache$EntryFactory$6                               : loaded 2 times (x 83B)
Class org.gradle.internal.installation.CurrentGradleInstallationLocator               : loaded 2 times (x 71B)
Class kotlin.reflect.jvm.internal.ReflectProperties$Val                               : loaded 2 times (x 74B)
Class kotlinx.coroutines.internal.OpDescriptor                                        : loaded 2 times (x 73B)
Class kotlinx.coroutines.Empty                                                        : loaded 2 times (x 75B)
Class org.jetbrains.kotlin.cli.common.messages.CompilerMessageSeverity$Companion      : loaded 2 times (x 71B)
Class kotlin.coroutines.jvm.internal.SpillingKt                                       : loaded 2 times (x 71B)
Class com.google.common.collect.Maps$KeySet                                           : loaded 2 times (x 137B)
Class com.google.common.collect.ImmutableSet$EmptySetBuilderImpl                      : loaded 2 times (x 76B)
Class com.google.common.cache.LocalCache$EntryFactory$7                               : loaded 2 times (x 83B)
Class com.google.common.collect.ImmutableList                                         : loaded 2 times (x 206B)
Class org.gradle.internal.service.DefaultServiceLocator                               : loaded 2 times (x 83B)
Class jdk.internal.jrtfs.JrtDirectoryStream                                           : loaded 2 times (x 89B)
Class kotlin.properties.ObservableProperty                                            : loaded 2 times (x 83B)
Class org.gradle.api.internal.classpath.ManifestUtil                                  : loaded 2 times (x 71B)
Class com.google.common.collect.ImmutableList$1                                       : loaded 2 times (x 97B)
Class com.google.common.util.concurrent.ExecutionError                                : loaded 2 times (x 82B)
Class com.google.common.collect.ImmutableEnumSet                                      : loaded 2 times (x 146B)
Class org.jetbrains.kotlin.util.capitalizeDecapitalize.CapitalizeDecapitalizeKt       : loaded 2 times (x 71B)
Class com.google.common.cache.LocalCache$EntryFactory$8                               : loaded 2 times (x 83B)
Class com.google.common.collect.ImmutableSet$SetBuilderImpl                           : loaded 2 times (x 76B)
Class org.gradle.internal.installation.CurrentGradleInstallation                      : loaded 2 times (x 73B)
Class org.gradle.internal.classloader.ClassLoaderHierarchy                            : loaded 2 times (x 70B)
Class com.google.common.base.CharMatcher$IsEither                                     : loaded 2 times (x 111B)
Class kotlinx.coroutines.scheduling.Task                                              : loaded 2 times (x 76B)
Class kotlin.jvm.internal.MutablePropertyReference0                                   : loaded 2 times (x 137B)
Class kotlinx.coroutines.BlockingCoroutine                                            : loaded 2 times (x 143B)
Class kotlin.reflect.jvm.internal.impl.builtins.CompanionObjectMapping                : loaded 2 times (x 71B)
Class kotlinx.coroutines.BuildersKt                                                   : loaded 2 times (x 71B)
Class com.google.common.cache.CacheLoader$1                                           : loaded 2 times (x 75B)
Class com.google.common.collect.ImmutableList$SubList                                 : loaded 2 times (x 209B)
Class org.gradle.util.internal.GUtil                                                  : loaded 2 times (x 71B)
Class kotlinx.coroutines.internal.LockFreeTaskQueue                                   : loaded 2 times (x 72B)
Class kotlinx.coroutines.scheduling.DefaultScheduler                                  : loaded 2 times (x 108B)
Class kotlinx.coroutines.Dispatchers                                                  : loaded 2 times (x 71B)
Class kotlinx.coroutines.CoroutineContextKt$hasCopyableElements$1                     : loaded 2 times (x 78B)
Class kotlinx.coroutines.internal.ThreadContextKt                                     : loaded 2 times (x 71B)
Class kotlin.text.LinesIterator                                                       : loaded 2 times (x 79B)
Class com.google.common.cache.AbstractCache$StatsCounter                              : loaded 2 times (x 70B)
Class org.gradle.internal.classloader.FilteringClassLoader                            : loaded 2 times (x 105B)
Class com.google.common.collect.RegularImmutableMap$KeySet                            : loaded 2 times (x 152B)
Class com.google.common.base.Equivalence$Identity                                     : loaded 2 times (x 82B)
Class kotlinx.coroutines.intrinsics.CancellableKt                                     : loaded 2 times (x 71B)
Class com.google.common.base.PairwiseEquivalence                                      : loaded 2 times (x 83B)
Class kotlin.reflect.jvm.internal.RuntimeTypeMapper                                   : loaded 2 times (x 71B)
Class org.jetbrains.kotlin.com.intellij.openapi.diagnostic.ExceptionWithAttachments   : loaded 2 times (x 70B)
Class com.google.common.collect.Iterators$MergingIterator                             : loaded 2 times (x 81B)
Class com.google.common.collect.RegularImmutableSet                                   : loaded 2 times (x 149B)
Class org.gradle.internal.installation.GradleInstallation                             : loaded 2 times (x 75B)
Class kotlinx.coroutines.internal.ResizableAtomicArray                                : loaded 2 times (x 72B)
Class kotlin.collections.ReversedList                                                 : loaded 2 times (x 207B)
Class com.google.common.collect.Iterables                                             : loaded 2 times (x 71B)
Class kotlin.collections.ReversedList$listIterator$1                                  : loaded 2 times (x 94B)
Class kotlin.text.MatcherMatchResult                                                  : loaded 2 times (x 80B)
Class kotlinx.coroutines.JobSupportKt                                                 : loaded 2 times (x 71B)
Class kotlinx.coroutines.ExecutorCoroutineDispatcher$Key                              : loaded 2 times (x 72B)
Class kotlin.text.MatchGroupCollection                                                : loaded 2 times (x 70B)
Class org.jetbrains.kotlin.com.intellij.openapi.diagnostic.DefaultLogger              : loaded 2 times (x 100B)
Class com.google.common.cache.CacheBuilder                                            : loaded 2 times (x 72B)

---------------  S Y S T E M  ---------------

OS:
 Windows 11 , 64 bit Build 26100 (10.0.26100.8246)
OS uptime: 17 days 4:17 hours
Hyper-V role detected

CPU: total 8 (initial active 8) (4 cores per cpu, 2 threads per core) family 6 model 140 stepping 2 microcode 0x3c, cx8, cmov, fxsr, ht, mmx, 3dnowpref, sse, sse2, sse3, ssse3, sse4.1, sse4.2, popcnt, lzcnt, tsc, tscinvbit, avx, avx2, aes, erms, clmul, bmi1, bmi2, adx, avx512f, avx512dq, avx512cd, avx512bw, avx512vl, sha, fma, vzeroupper, avx512_vpopcntdq, avx512_vpclmulqdq, avx512_vaes, avx512_vnni, clflush, clflushopt, clwb, avx512_vbmi2, avx512_vbmi, hv, rdtscp, rdpid, fsrm, gfni, avx512_bitalg, f16c, cet_ibt, cet_ss, avx512_ifma
Processor Information for the first 8 processors :
  Max Mhz: 2496, Current Mhz: 2496, Mhz Limit: 2496

Memory: 4k page, system-wide physical 7930M (622M free)
TotalPageFile size 30006M (AvailPageFile size 558M)
current process WorkingSet (physical memory assigned to process): 1335M, peak: 1345M
current process commit charge ("private bytes"): 1755M, peak: 2366M

vm_info: OpenJDK 64-Bit Server VM (21.0.10+-14961533-b1163.108) for windows-amd64 JRE (21.0.10+-14961533-b1163.108), built on 2026-03-02T19:58:50Z by "builder" with MS VC++ 16.10 / 16.11 (VS2019)

END.
